20 Apr 2026 18:46:50,470 DEBUG org.jboss.logging.LoggerProviders 162 logProvider - Logging Provider: org.jboss.logging.Log4j2LoggerProvider
20 Apr 2026 18:46:50,472 TRACE org.hibernate.jpa.HibernatePersistenceProvider 52 createEntityManagerFactory - HHH008522: Starting createEntityManagerFactory for persistenceUnitName myPersistenceUnit
20 Apr 2026 18:46:50,472 TRACE org.hibernate.jpa.HibernatePersistenceProvider 98 getEntityManagerFactoryBuilderOrNull - HHH008524: Attempting to obtain correct EntityManagerFactoryBuilder for persistenceUnitName : myPersistenceUnit
20 Apr 2026 18:46:50,474 TRACE org.hibernate.jpa.boot.spi.PersistenceXmlParser 165 parsePersistenceXml - HHH008535: Attempting to parse persistence.xml file : file:/D:/school/homework/ISS/BookClubReader/App/BookClubJavaFXVersion/build/resources/main/META-INF/persistence.xml
20 Apr 2026 18:46:50,476 TRACE org.hibernate.boot.archive.internal.ArchiveHelper 94 getJarURLFromURLEntry - HHH160213: JAR URL from URL Entry: file:/D:/school/homework/ISS/BookClubReader/App/BookClubJavaFXVersion/build/resources/main/META-INF/persistence.xml >> file:/D:/school/homework/ISS/BookClubReader/App/BookClubJavaFXVersion/build/resources/main/
20 Apr 2026 18:46:50,582 TRACE org.hibernate.jpa.boot.spi.PersistenceXmlParser 190 bindPersistenceUnit - HHH008536: Persistence unit name from persistence.xml: 'myPersistenceUnit'
20 Apr 2026 18:46:50,583 TRACE org.hibernate.jpa.HibernatePersistenceProvider 101 getEntityManagerFactoryBuilderOrNull - HHH008525: Located and parsed 1 persistence units; checking each
20 Apr 2026 18:46:50,583 TRACE org.hibernate.jpa.HibernatePersistenceProvider 109 getEntityManagerFactoryBuilderOrNull - HHH008526: Checking persistence-unit [name=myPersistenceUnit, explicit-provider=null] against incoming persistence unit name [myPersistenceUnit]
20 Apr 2026 18:46:50,583 DEBUG org.hibernate.jpa.boot.spi.ProviderChecker 83 extractRequestedProviderName - HHH008545: No PersistenceProvider explicitly requested, assuming Hibernate
20 Apr 2026 18:46:50,584 TRACE org.hibernate.jpa.boot.spi.ProviderChecker 51 hibernateProviderNamesContain - HHH008542: Checking requested PersistenceProvider name [org.hibernate.jpa.HibernatePersistenceProvider] against Hibernate provider names
20 Apr 2026 18:46:50,587 DEBUG org.hibernate.jpa.internal.util.LogHelper 99 logPersistenceUnitInformation - HHH008541: PersistenceUnitInfo [
	name: myPersistenceUnit
	persistence provider classname: null
	classloader: null
	excludeUnlistedClasses: false
	JTA datasource: null
	Non JTA datasource: null
	Transaction type: RESOURCE_LOCAL
	PU root URL: file:/D:/school/homework/ISS/BookClubReader/App/BookClubJavaFXVersion/build/resources/main/
	Shared Cache Mode: null
	Validation Mode: null
	Jar files URLs []
	Managed classes names [
		domain.User]
	Mapping files names []
	Properties [
		hibernate.hikari.connectionTimeout: 30000
		hibernate.hikari.autoCommit: true
		hibernate.hikari.minimumIdle: 5
		jakarta.persistence.jdbc.password: 1234321
		hibernate.dialect: org.hibernate.dialect.PostgreSQLDialect
		hibernate.hikari.connectionTestQuery: SELECT 1
		jakarta.persistence.jdbc.driver: org.postgresql.Driver
		jakarta.persistence.jdbc.user: postgres
		jakarta.persistence.jdbc.url: jdbc:postgresql://localhost:5432/BkDatabase
		hibernate.hbm2ddl.auto: update
		hibernate.hikari.idleTimeout: 600000
		hibernate.connection.provider_class: org.hibernate.hikaricp.internal.HikariCPConnectionProvider
		hibernate.hikari.maxLifetime: 1800000
		hibernate.hikari.maximumPoolSize: 10]
20 Apr 2026 18:46:50,594 TRACE org.hibernate.boot.registry.selector.internal.StrategySelectorImpl 219 contributeImplementation - HHH160227: Strategy selector for TransactionCoordinatorBuilder: 'jdbc' -> org.hibernate.resource.transaction.backend.jdbc.internal.JdbcResourceLocalTransactionCoordinatorBuilderImpl
20 Apr 2026 18:46:50,595 TRACE org.hibernate.boot.registry.selector.internal.StrategySelectorImpl 219 contributeImplementation - HHH160227: Strategy selector for TransactionCoordinatorBuilder: 'jta' -> org.hibernate.resource.transaction.backend.jta.internal.JtaTransactionCoordinatorBuilderImpl
20 Apr 2026 18:46:50,595 TRACE org.hibernate.boot.registry.selector.internal.StrategySelectorImpl 219 contributeImplementation - HHH160227: Strategy selector for TransactionCoordinatorBuilder: 'org.hibernate.transaction.JDBCTransactionFactory' -> org.hibernate.resource.transaction.backend.jdbc.internal.JdbcResourceLocalTransactionCoordinatorBuilderImpl
20 Apr 2026 18:46:50,595 TRACE org.hibernate.boot.registry.selector.internal.StrategySelectorImpl 219 contributeImplementation - HHH160227: Strategy selector for TransactionCoordinatorBuilder: 'org.hibernate.transaction.JTATransactionFactory' -> org.hibernate.resource.transaction.backend.jta.internal.JtaTransactionCoordinatorBuilderImpl
20 Apr 2026 18:46:50,595 TRACE org.hibernate.boot.registry.selector.internal.StrategySelectorImpl 219 contributeImplementation - HHH160227: Strategy selector for TransactionCoordinatorBuilder: 'org.hibernate.transaction.CMTTransactionFactory' -> org.hibernate.resource.transaction.backend.jta.internal.JtaTransactionCoordinatorBuilderImpl
20 Apr 2026 18:46:50,596 TRACE org.hibernate.boot.registry.selector.internal.StrategySelectorImpl 219 contributeImplementation - HHH160227: Strategy selector for SqmMultiTableInsertStrategy: 'cte' -> org.hibernate.query.sqm.mutation.internal.cte.CteInsertStrategy
20 Apr 2026 18:46:50,596 TRACE org.hibernate.boot.registry.selector.internal.StrategySelectorImpl 219 contributeImplementation - HHH160227: Strategy selector for SqmMultiTableInsertStrategy: 'global_temporary' -> org.hibernate.query.sqm.mutation.internal.temptable.GlobalTemporaryTableInsertStrategy
20 Apr 2026 18:46:50,597 TRACE org.hibernate.boot.registry.selector.internal.StrategySelectorImpl 219 contributeImplementation - HHH160227: Strategy selector for SqmMultiTableInsertStrategy: 'local_temporary' -> org.hibernate.query.sqm.mutation.internal.temptable.LocalTemporaryTableInsertStrategy
20 Apr 2026 18:46:50,597 TRACE org.hibernate.boot.registry.selector.internal.StrategySelectorImpl 219 contributeImplementation - HHH160227: Strategy selector for SqmMultiTableInsertStrategy: 'persistent' -> org.hibernate.query.sqm.mutation.internal.temptable.PersistentTableInsertStrategy
20 Apr 2026 18:46:50,598 TRACE org.hibernate.boot.registry.selector.internal.StrategySelectorImpl 219 contributeImplementation - HHH160227: Strategy selector for SqmMultiTableMutationStrategy: 'cte' -> org.hibernate.query.sqm.mutation.internal.cte.CteMutationStrategy
20 Apr 2026 18:46:50,598 TRACE org.hibernate.boot.registry.selector.internal.StrategySelectorImpl 219 contributeImplementation - HHH160227: Strategy selector for SqmMultiTableMutationStrategy: 'global_temporary' -> org.hibernate.query.sqm.mutation.internal.temptable.GlobalTemporaryTableMutationStrategy
20 Apr 2026 18:46:50,598 TRACE org.hibernate.boot.registry.selector.internal.StrategySelectorImpl 219 contributeImplementation - HHH160227: Strategy selector for SqmMultiTableMutationStrategy: 'local_temporary' -> org.hibernate.query.sqm.mutation.internal.temptable.LocalTemporaryTableMutationStrategy
20 Apr 2026 18:46:50,599 TRACE org.hibernate.boot.registry.selector.internal.StrategySelectorImpl 219 contributeImplementation - HHH160227: Strategy selector for SqmMultiTableMutationStrategy: 'persistent' -> org.hibernate.query.sqm.mutation.internal.temptable.PersistentTableMutationStrategy
20 Apr 2026 18:46:50,599 TRACE org.hibernate.boot.registry.selector.internal.StrategySelectorImpl 219 contributeImplementation - HHH160227: Strategy selector for ImplicitNamingStrategy: 'default' -> org.hibernate.boot.model.naming.ImplicitNamingStrategyJpaCompliantImpl
20 Apr 2026 18:46:50,599 TRACE org.hibernate.boot.registry.selector.internal.StrategySelectorImpl 219 contributeImplementation - HHH160227: Strategy selector for ImplicitNamingStrategy: 'jpa' -> org.hibernate.boot.model.naming.ImplicitNamingStrategyJpaCompliantImpl
20 Apr 2026 18:46:50,600 TRACE org.hibernate.boot.registry.selector.internal.StrategySelectorImpl 219 contributeImplementation - HHH160227: Strategy selector for ImplicitNamingStrategy: 'legacy-jpa' -> org.hibernate.boot.model.naming.ImplicitNamingStrategyLegacyJpaImpl
20 Apr 2026 18:46:50,600 TRACE org.hibernate.boot.registry.selector.internal.StrategySelectorImpl 219 contributeImplementation - HHH160227: Strategy selector for ImplicitNamingStrategy: 'legacy-hbm' -> org.hibernate.boot.model.naming.ImplicitNamingStrategyLegacyHbmImpl
20 Apr 2026 18:46:50,601 TRACE org.hibernate.boot.registry.selector.internal.StrategySelectorImpl 219 contributeImplementation - HHH160227: Strategy selector for ImplicitNamingStrategy: 'component-path' -> org.hibernate.boot.model.naming.ImplicitNamingStrategyComponentPathImpl
20 Apr 2026 18:46:50,601 TRACE org.hibernate.boot.registry.selector.internal.StrategySelectorImpl 219 contributeImplementation - HHH160227: Strategy selector for ImplicitDatabaseObjectNamingStrategy: 'standard' -> org.hibernate.id.enhanced.StandardNamingStrategy
20 Apr 2026 18:46:50,601 TRACE org.hibernate.boot.registry.selector.internal.StrategySelectorImpl 219 contributeImplementation - HHH160227: Strategy selector for ImplicitDatabaseObjectNamingStrategy: 'single' -> org.hibernate.id.enhanced.SingleNamingStrategy
20 Apr 2026 18:46:50,601 TRACE org.hibernate.boot.registry.selector.internal.StrategySelectorImpl 219 contributeImplementation - HHH160227: Strategy selector for ImplicitDatabaseObjectNamingStrategy: 'legacy' -> org.hibernate.id.enhanced.LegacyNamingStrategy
20 Apr 2026 18:46:50,602 TRACE org.hibernate.boot.registry.selector.internal.StrategySelectorImpl 219 contributeImplementation - HHH160227: Strategy selector for ColumnOrderingStrategy: 'default' -> org.hibernate.boot.model.relational.ColumnOrderingStrategyStandard
20 Apr 2026 18:46:50,602 TRACE org.hibernate.boot.registry.selector.internal.StrategySelectorImpl 219 contributeImplementation - HHH160227: Strategy selector for ColumnOrderingStrategy: 'legacy' -> org.hibernate.boot.model.relational.ColumnOrderingStrategyLegacy
20 Apr 2026 18:46:50,602 TRACE org.hibernate.boot.registry.selector.internal.StrategySelectorImpl 219 contributeImplementation - HHH160227: Strategy selector for CacheKeysFactory: 'default' -> org.hibernate.cache.internal.DefaultCacheKeysFactory
20 Apr 2026 18:46:50,603 TRACE org.hibernate.boot.registry.selector.internal.StrategySelectorImpl 219 contributeImplementation - HHH160227: Strategy selector for CacheKeysFactory: 'simple' -> org.hibernate.cache.internal.SimpleCacheKeysFactory
20 Apr 2026 18:46:50,603 TRACE org.hibernate.boot.registry.selector.internal.StrategySelectorImpl 219 contributeImplementation - HHH160227: Strategy selector for FormatMapper: 'jsonb' -> org.hibernate.type.format.jakartajson.JsonBJsonFormatMapper
20 Apr 2026 18:46:50,604 TRACE org.hibernate.boot.registry.selector.internal.StrategySelectorImpl 219 contributeImplementation - HHH160227: Strategy selector for FormatMapper: 'jackson' -> org.hibernate.type.format.jackson.JacksonJsonFormatMapper
20 Apr 2026 18:46:50,604 TRACE org.hibernate.boot.registry.selector.internal.StrategySelectorImpl 219 contributeImplementation - HHH160227: Strategy selector for FormatMapper: 'jackson3' -> org.hibernate.type.format.jackson.Jackson3JsonFormatMapper
20 Apr 2026 18:46:50,605 TRACE org.hibernate.boot.registry.selector.internal.StrategySelectorImpl 219 contributeImplementation - HHH160227: Strategy selector for FormatMapper: 'jackson-xml' -> org.hibernate.type.format.jackson.JacksonXmlFormatMapper
20 Apr 2026 18:46:50,605 TRACE org.hibernate.boot.registry.selector.internal.StrategySelectorImpl 219 contributeImplementation - HHH160227: Strategy selector for FormatMapper: 'jackson3-xml' -> org.hibernate.type.format.jackson.Jackson3XmlFormatMapper
20 Apr 2026 18:46:50,606 TRACE org.hibernate.boot.registry.selector.internal.StrategySelectorImpl 219 contributeImplementation - HHH160227: Strategy selector for FormatMapper: 'jaxb' -> org.hibernate.type.format.jaxb.JaxbXmlFormatMapper
20 Apr 2026 18:46:50,609 TRACE org.hibernate.boot.registry.selector.internal.StrategySelectorImpl 219 contributeImplementation - HHH160227: Strategy selector for ConnectionProvider: 'hikari' -> org.hibernate.hikaricp.internal.HikariCPConnectionProvider
20 Apr 2026 18:46:50,609 TRACE org.hibernate.boot.registry.selector.internal.StrategySelectorImpl 219 contributeImplementation - HHH160227: Strategy selector for ConnectionProvider: 'hikaricp' -> org.hibernate.hikaricp.internal.HikariCPConnectionProvider
20 Apr 2026 18:46:50,609 TRACE org.hibernate.boot.registry.selector.internal.StrategySelectorImpl 219 contributeImplementation - HHH160227: Strategy selector for ConnectionProvider: 'HikariCPConnectionProvider' -> org.hibernate.hikaricp.internal.HikariCPConnectionProvider
20 Apr 2026 18:46:50,609 TRACE org.hibernate.boot.registry.selector.internal.StrategySelectorImpl 219 contributeImplementation - HHH160227: Strategy selector for ConnectionProvider: 'org.hibernate.connection.HikariCPConnectionProvider' -> org.hibernate.hikaricp.internal.HikariCPConnectionProvider
20 Apr 2026 18:46:50,611 DEBUG org.hibernate.integrator.internal.IntegratorServiceImpl 41 addIntegrator - HHH010455: Adding integrator: org.hibernate.boot.beanvalidation.BeanValidationIntegrator
20 Apr 2026 18:46:50,614 DEBUG org.hibernate.integrator.internal.IntegratorServiceImpl 41 addIntegrator - HHH010455: Adding integrator: org.hibernate.cache.internal.CollectionCacheInvalidator
20 Apr 2026 18:46:50,631 INFO  org.hibernate.Version 41 logVersion - HHH000001: Hibernate ORM core version 7.3.1.Final
20 Apr 2026 18:46:50,631 DEBUG org.hibernate.cfg.Environment 155 <clinit> - HHH000206: 'hibernate.properties' not found
20 Apr 2026 18:46:50,640 TRACE org.hibernate.service.internal.AbstractServiceRegistryImpl 231 initializeService - HHH010500: Initializing service: org.hibernate.engine.config.spi.ConfigurationService
20 Apr 2026 18:46:50,646 TRACE org.hibernate.service.internal.AbstractServiceRegistryImpl 231 initializeService - HHH010500: Initializing service: org.hibernate.engine.jdbc.connections.spi.MultiTenantConnectionProvider
20 Apr 2026 18:46:50,647 TRACE org.hibernate.service.internal.AbstractServiceRegistryImpl 231 initializeService - HHH010500: Initializing service: org.hibernate.cache.spi.RegionFactory
20 Apr 2026 18:46:50,648 DEBUG org.hibernate.cache.internal.RegionFactoryInitiator 116 resolveRegionFactory - HHH90001031: Cannot default RegionFactory since no RegionFactory strategies were registered
20 Apr 2026 18:46:50,649 DEBUG org.hibernate.cache.internal.RegionFactoryInitiator 46 initiateService - HHH90001029: Second-level cache disabled
20 Apr 2026 18:46:50,764 TRACE org.hibernate.service.internal.AbstractServiceRegistryImpl 231 initializeService - HHH010500: Initializing service: org.hibernate.resource.beans.spi.ManagedBeanRegistry
20 Apr 2026 18:46:50,803 TRACE org.hibernate.models.internal.AnnotationDescriptorRegistryStandard 30 register - Registering AnnotationDescriptor - AnnotationDescriptor(jakarta.persistence.Access)
20 Apr 2026 18:46:50,804 TRACE org.hibernate.models.internal.AnnotationDescriptorRegistryStandard 30 register - Registering AnnotationDescriptor - AnnotationDescriptor(jakarta.persistence.AssociationOverrides)
20 Apr 2026 18:46:50,804 TRACE org.hibernate.models.internal.AnnotationDescriptorRegistryStandard 30 register - Registering AnnotationDescriptor - AnnotationDescriptor(jakarta.persistence.AssociationOverride)
20 Apr 2026 18:46:50,804 TRACE org.hibernate.models.internal.AnnotationDescriptorRegistryStandard 34 register - Registering repeatable AnnotationDescriptor - AnnotationDescriptor(jakarta.persistence.AssociationOverrides)
20 Apr 2026 18:46:50,804 TRACE org.hibernate.models.internal.AnnotationDescriptorRegistryStandard 30 register - Registering AnnotationDescriptor - AnnotationDescriptor(jakarta.persistence.AttributeOverrides)
20 Apr 2026 18:46:50,804 TRACE org.hibernate.models.internal.AnnotationDescriptorRegistryStandard 30 register - Registering AnnotationDescriptor - AnnotationDescriptor(jakarta.persistence.AttributeOverride)
20 Apr 2026 18:46:50,804 TRACE org.hibernate.models.internal.AnnotationDescriptorRegistryStandard 34 register - Registering repeatable AnnotationDescriptor - AnnotationDescriptor(jakarta.persistence.AttributeOverrides)
20 Apr 2026 18:46:50,804 TRACE org.hibernate.models.internal.AnnotationDescriptorRegistryStandard 30 register - Registering AnnotationDescriptor - AnnotationDescriptor(jakarta.persistence.Basic)
20 Apr 2026 18:46:50,804 TRACE org.hibernate.models.internal.AnnotationDescriptorRegistryStandard 30 register - Registering AnnotationDescriptor - AnnotationDescriptor(jakarta.persistence.Cacheable)
20 Apr 2026 18:46:50,805 TRACE org.hibernate.models.internal.AnnotationDescriptorRegistryStandard 30 register - Registering AnnotationDescriptor - AnnotationDescriptor(jakarta.persistence.CheckConstraint)
20 Apr 2026 18:46:50,805 TRACE org.hibernate.models.internal.AnnotationDescriptorRegistryStandard 30 register - Registering AnnotationDescriptor - AnnotationDescriptor(jakarta.persistence.CollectionTable)
20 Apr 2026 18:46:50,805 TRACE org.hibernate.models.internal.AnnotationDescriptorRegistryStandard 30 register - Registering AnnotationDescriptor - AnnotationDescriptor(jakarta.persistence.Column)
20 Apr 2026 18:46:50,805 TRACE org.hibernate.models.internal.AnnotationDescriptorRegistryStandard 30 register - Registering AnnotationDescriptor - AnnotationDescriptor(jakarta.persistence.ColumnResult)
20 Apr 2026 18:46:50,805 TRACE org.hibernate.models.internal.AnnotationDescriptorRegistryStandard 30 register - Registering AnnotationDescriptor - AnnotationDescriptor(jakarta.persistence.ConstructorResult)
20 Apr 2026 18:46:50,805 TRACE org.hibernate.models.internal.AnnotationDescriptorRegistryStandard 30 register - Registering AnnotationDescriptor - AnnotationDescriptor(jakarta.persistence.Converts)
20 Apr 2026 18:46:50,805 TRACE org.hibernate.models.internal.AnnotationDescriptorRegistryStandard 30 register - Registering AnnotationDescriptor - AnnotationDescriptor(jakarta.persistence.Convert)
20 Apr 2026 18:46:50,805 TRACE org.hibernate.models.internal.AnnotationDescriptorRegistryStandard 34 register - Registering repeatable AnnotationDescriptor - AnnotationDescriptor(jakarta.persistence.Converts)
20 Apr 2026 18:46:50,805 TRACE org.hibernate.models.internal.AnnotationDescriptorRegistryStandard 30 register - Registering AnnotationDescriptor - AnnotationDescriptor(jakarta.persistence.Converter)
20 Apr 2026 18:46:50,805 TRACE org.hibernate.models.internal.AnnotationDescriptorRegistryStandard 30 register - Registering AnnotationDescriptor - AnnotationDescriptor(jakarta.persistence.DiscriminatorColumn)
20 Apr 2026 18:46:50,805 TRACE org.hibernate.models.internal.AnnotationDescriptorRegistryStandard 30 register - Registering AnnotationDescriptor - AnnotationDescriptor(jakarta.persistence.DiscriminatorValue)
20 Apr 2026 18:46:50,805 TRACE org.hibernate.models.internal.AnnotationDescriptorRegistryStandard 30 register - Registering AnnotationDescriptor - AnnotationDescriptor(jakarta.persistence.ElementCollection)
20 Apr 2026 18:46:50,806 TRACE org.hibernate.models.internal.AnnotationDescriptorRegistryStandard 30 register - Registering AnnotationDescriptor - AnnotationDescriptor(jakarta.persistence.Embeddable)
20 Apr 2026 18:46:50,806 TRACE org.hibernate.models.internal.AnnotationDescriptorRegistryStandard 30 register - Registering AnnotationDescriptor - AnnotationDescriptor(jakarta.persistence.Embedded)
20 Apr 2026 18:46:50,806 TRACE org.hibernate.models.internal.AnnotationDescriptorRegistryStandard 30 register - Registering AnnotationDescriptor - AnnotationDescriptor(jakarta.persistence.EmbeddedId)
20 Apr 2026 18:46:50,806 TRACE org.hibernate.models.internal.AnnotationDescriptorRegistryStandard 30 register - Registering AnnotationDescriptor - AnnotationDescriptor(jakarta.persistence.Entity)
20 Apr 2026 18:46:50,806 TRACE org.hibernate.models.internal.AnnotationDescriptorRegistryStandard 30 register - Registering AnnotationDescriptor - AnnotationDescriptor(jakarta.persistence.EntityListeners)
20 Apr 2026 18:46:50,806 TRACE org.hibernate.models.internal.AnnotationDescriptorRegistryStandard 30 register - Registering AnnotationDescriptor - AnnotationDescriptor(jakarta.persistence.EntityResult)
20 Apr 2026 18:46:50,806 TRACE org.hibernate.models.internal.AnnotationDescriptorRegistryStandard 30 register - Registering AnnotationDescriptor - AnnotationDescriptor(jakarta.persistence.Enumerated)
20 Apr 2026 18:46:50,807 TRACE org.hibernate.models.internal.AnnotationDescriptorRegistryStandard 30 register - Registering AnnotationDescriptor - AnnotationDescriptor(jakarta.persistence.EnumeratedValue)
20 Apr 2026 18:46:50,807 TRACE org.hibernate.models.internal.AnnotationDescriptorRegistryStandard 30 register - Registering AnnotationDescriptor - AnnotationDescriptor(jakarta.persistence.ExcludeDefaultListeners)
20 Apr 2026 18:46:50,807 TRACE org.hibernate.models.internal.AnnotationDescriptorRegistryStandard 30 register - Registering AnnotationDescriptor - AnnotationDescriptor(jakarta.persistence.ExcludeSuperclassListeners)
20 Apr 2026 18:46:50,807 TRACE org.hibernate.models.internal.AnnotationDescriptorRegistryStandard 30 register - Registering AnnotationDescriptor - AnnotationDescriptor(jakarta.persistence.FieldResult)
20 Apr 2026 18:46:50,807 TRACE org.hibernate.models.internal.AnnotationDescriptorRegistryStandard 30 register - Registering AnnotationDescriptor - AnnotationDescriptor(jakarta.persistence.ForeignKey)
20 Apr 2026 18:46:50,807 TRACE org.hibernate.models.internal.AnnotationDescriptorRegistryStandard 30 register - Registering AnnotationDescriptor - AnnotationDescriptor(jakarta.persistence.GeneratedValue)
20 Apr 2026 18:46:50,807 TRACE org.hibernate.models.internal.AnnotationDescriptorRegistryStandard 30 register - Registering AnnotationDescriptor - AnnotationDescriptor(jakarta.persistence.Id)
20 Apr 2026 18:46:50,807 TRACE org.hibernate.models.internal.AnnotationDescriptorRegistryStandard 30 register - Registering AnnotationDescriptor - AnnotationDescriptor(jakarta.persistence.IdClass)
20 Apr 2026 18:46:50,808 TRACE org.hibernate.models.internal.AnnotationDescriptorRegistryStandard 30 register - Registering AnnotationDescriptor - AnnotationDescriptor(jakarta.persistence.Index)
20 Apr 2026 18:46:50,808 TRACE org.hibernate.models.internal.AnnotationDescriptorRegistryStandard 30 register - Registering AnnotationDescriptor - AnnotationDescriptor(jakarta.persistence.Inheritance)
20 Apr 2026 18:46:50,808 TRACE org.hibernate.models.internal.AnnotationDescriptorRegistryStandard 30 register - Registering AnnotationDescriptor - AnnotationDescriptor(jakarta.persistence.JoinColumns)
20 Apr 2026 18:46:50,808 TRACE org.hibernate.models.internal.AnnotationDescriptorRegistryStandard 30 register - Registering AnnotationDescriptor - AnnotationDescriptor(jakarta.persistence.JoinColumn)
20 Apr 2026 18:46:50,808 TRACE org.hibernate.models.internal.AnnotationDescriptorRegistryStandard 34 register - Registering repeatable AnnotationDescriptor - AnnotationDescriptor(jakarta.persistence.JoinColumns)
20 Apr 2026 18:46:50,808 TRACE org.hibernate.models.internal.AnnotationDescriptorRegistryStandard 30 register - Registering AnnotationDescriptor - AnnotationDescriptor(jakarta.persistence.JoinTable)
20 Apr 2026 18:46:50,808 TRACE org.hibernate.models.internal.AnnotationDescriptorRegistryStandard 30 register - Registering AnnotationDescriptor - AnnotationDescriptor(jakarta.persistence.Lob)
20 Apr 2026 18:46:50,808 TRACE org.hibernate.models.internal.AnnotationDescriptorRegistryStandard 30 register - Registering AnnotationDescriptor - AnnotationDescriptor(jakarta.persistence.ManyToMany)
20 Apr 2026 18:46:50,808 TRACE org.hibernate.models.internal.AnnotationDescriptorRegistryStandard 30 register - Registering AnnotationDescriptor - AnnotationDescriptor(jakarta.persistence.ManyToOne)
20 Apr 2026 18:46:50,808 TRACE org.hibernate.models.internal.AnnotationDescriptorRegistryStandard 30 register - Registering AnnotationDescriptor - AnnotationDescriptor(jakarta.persistence.MapKey)
20 Apr 2026 18:46:50,808 TRACE org.hibernate.models.internal.AnnotationDescriptorRegistryStandard 30 register - Registering AnnotationDescriptor - AnnotationDescriptor(jakarta.persistence.MapKeyClass)
20 Apr 2026 18:46:50,808 TRACE org.hibernate.models.internal.AnnotationDescriptorRegistryStandard 30 register - Registering AnnotationDescriptor - AnnotationDescriptor(jakarta.persistence.MapKeyColumn)
20 Apr 2026 18:46:50,809 TRACE org.hibernate.models.internal.AnnotationDescriptorRegistryStandard 30 register - Registering AnnotationDescriptor - AnnotationDescriptor(jakarta.persistence.MapKeyEnumerated)
20 Apr 2026 18:46:50,809 TRACE org.hibernate.models.internal.AnnotationDescriptorRegistryStandard 30 register - Registering AnnotationDescriptor - AnnotationDescriptor(jakarta.persistence.MapKeyJoinColumns)
20 Apr 2026 18:46:50,809 TRACE org.hibernate.models.internal.AnnotationDescriptorRegistryStandard 30 register - Registering AnnotationDescriptor - AnnotationDescriptor(jakarta.persistence.MapKeyJoinColumn)
20 Apr 2026 18:46:50,809 TRACE org.hibernate.models.internal.AnnotationDescriptorRegistryStandard 34 register - Registering repeatable AnnotationDescriptor - AnnotationDescriptor(jakarta.persistence.MapKeyJoinColumns)
20 Apr 2026 18:46:50,809 TRACE org.hibernate.models.internal.AnnotationDescriptorRegistryStandard 30 register - Registering AnnotationDescriptor - AnnotationDescriptor(jakarta.persistence.MapKeyTemporal)
20 Apr 2026 18:46:50,809 TRACE org.hibernate.models.internal.AnnotationDescriptorRegistryStandard 30 register - Registering AnnotationDescriptor - AnnotationDescriptor(jakarta.persistence.MappedSuperclass)
20 Apr 2026 18:46:50,810 TRACE org.hibernate.models.internal.AnnotationDescriptorRegistryStandard 30 register - Registering AnnotationDescriptor - AnnotationDescriptor(jakarta.persistence.MapsId)
20 Apr 2026 18:46:50,810 TRACE org.hibernate.models.internal.AnnotationDescriptorRegistryStandard 30 register - Registering AnnotationDescriptor - AnnotationDescriptor(jakarta.persistence.NamedAttributeNode)
20 Apr 2026 18:46:50,810 TRACE org.hibernate.models.internal.AnnotationDescriptorRegistryStandard 30 register - Registering AnnotationDescriptor - AnnotationDescriptor(jakarta.persistence.NamedEntityGraphs)
20 Apr 2026 18:46:50,810 TRACE org.hibernate.models.internal.AnnotationDescriptorRegistryStandard 30 register - Registering AnnotationDescriptor - AnnotationDescriptor(jakarta.persistence.NamedEntityGraph)
20 Apr 2026 18:46:50,810 TRACE org.hibernate.models.internal.AnnotationDescriptorRegistryStandard 34 register - Registering repeatable AnnotationDescriptor - AnnotationDescriptor(jakarta.persistence.NamedEntityGraphs)
20 Apr 2026 18:46:50,810 TRACE org.hibernate.models.internal.AnnotationDescriptorRegistryStandard 30 register - Registering AnnotationDescriptor - AnnotationDescriptor(jakarta.persistence.NamedNativeQueries)
20 Apr 2026 18:46:50,810 TRACE org.hibernate.models.internal.AnnotationDescriptorRegistryStandard 30 register - Registering AnnotationDescriptor - AnnotationDescriptor(jakarta.persistence.NamedNativeQuery)
20 Apr 2026 18:46:50,810 TRACE org.hibernate.models.internal.AnnotationDescriptorRegistryStandard 34 register - Registering repeatable AnnotationDescriptor - AnnotationDescriptor(jakarta.persistence.NamedNativeQueries)
20 Apr 2026 18:46:50,811 TRACE org.hibernate.models.internal.AnnotationDescriptorRegistryStandard 30 register - Registering AnnotationDescriptor - AnnotationDescriptor(jakarta.persistence.NamedQueries)
20 Apr 2026 18:46:50,811 TRACE org.hibernate.models.internal.AnnotationDescriptorRegistryStandard 30 register - Registering AnnotationDescriptor - AnnotationDescriptor(jakarta.persistence.NamedQuery)
20 Apr 2026 18:46:50,811 TRACE org.hibernate.models.internal.AnnotationDescriptorRegistryStandard 34 register - Registering repeatable AnnotationDescriptor - AnnotationDescriptor(jakarta.persistence.NamedQueries)
20 Apr 2026 18:46:50,811 TRACE org.hibernate.models.internal.AnnotationDescriptorRegistryStandard 30 register - Registering AnnotationDescriptor - AnnotationDescriptor(jakarta.persistence.NamedStoredProcedureQueries)
20 Apr 2026 18:46:50,811 TRACE org.hibernate.models.internal.AnnotationDescriptorRegistryStandard 30 register - Registering AnnotationDescriptor - AnnotationDescriptor(jakarta.persistence.NamedStoredProcedureQuery)
20 Apr 2026 18:46:50,811 TRACE org.hibernate.models.internal.AnnotationDescriptorRegistryStandard 34 register - Registering repeatable AnnotationDescriptor - AnnotationDescriptor(jakarta.persistence.NamedStoredProcedureQueries)
20 Apr 2026 18:46:50,811 TRACE org.hibernate.models.internal.AnnotationDescriptorRegistryStandard 30 register - Registering AnnotationDescriptor - AnnotationDescriptor(jakarta.persistence.NamedSubgraph)
20 Apr 2026 18:46:50,811 TRACE org.hibernate.models.internal.AnnotationDescriptorRegistryStandard 30 register - Registering AnnotationDescriptor - AnnotationDescriptor(jakarta.persistence.OneToMany)
20 Apr 2026 18:46:50,811 TRACE org.hibernate.models.internal.AnnotationDescriptorRegistryStandard 30 register - Registering AnnotationDescriptor - AnnotationDescriptor(jakarta.persistence.OneToOne)
20 Apr 2026 18:46:50,811 TRACE org.hibernate.models.internal.AnnotationDescriptorRegistryStandard 30 register - Registering AnnotationDescriptor - AnnotationDescriptor(jakarta.persistence.OrderBy)
20 Apr 2026 18:46:50,811 TRACE org.hibernate.models.internal.AnnotationDescriptorRegistryStandard 30 register - Registering AnnotationDescriptor - AnnotationDescriptor(jakarta.persistence.OrderColumn)
20 Apr 2026 18:46:50,811 TRACE org.hibernate.models.internal.AnnotationDescriptorRegistryStandard 30 register - Registering AnnotationDescriptor - AnnotationDescriptor(jakarta.persistence.PostLoad)
20 Apr 2026 18:46:50,811 TRACE org.hibernate.models.internal.AnnotationDescriptorRegistryStandard 30 register - Registering AnnotationDescriptor - AnnotationDescriptor(jakarta.persistence.PostPersist)
20 Apr 2026 18:46:50,813 TRACE org.hibernate.models.internal.AnnotationDescriptorRegistryStandard 30 register - Registering AnnotationDescriptor - AnnotationDescriptor(jakarta.persistence.PostRemove)
20 Apr 2026 18:46:50,813 TRACE org.hibernate.models.internal.AnnotationDescriptorRegistryStandard 30 register - Registering AnnotationDescriptor - AnnotationDescriptor(jakarta.persistence.PostUpdate)
20 Apr 2026 18:46:50,813 TRACE org.hibernate.models.internal.AnnotationDescriptorRegistryStandard 30 register - Registering AnnotationDescriptor - AnnotationDescriptor(jakarta.persistence.PrePersist)
20 Apr 2026 18:46:50,813 TRACE org.hibernate.models.internal.AnnotationDescriptorRegistryStandard 30 register - Registering AnnotationDescriptor - AnnotationDescriptor(jakarta.persistence.PreRemove)
20 Apr 2026 18:46:50,813 TRACE org.hibernate.models.internal.AnnotationDescriptorRegistryStandard 30 register - Registering AnnotationDescriptor - AnnotationDescriptor(jakarta.persistence.PreUpdate)
20 Apr 2026 18:46:50,813 TRACE org.hibernate.models.internal.AnnotationDescriptorRegistryStandard 30 register - Registering AnnotationDescriptor - AnnotationDescriptor(jakarta.persistence.PrimaryKeyJoinColumns)
20 Apr 2026 18:46:50,813 TRACE org.hibernate.models.internal.AnnotationDescriptorRegistryStandard 30 register - Registering AnnotationDescriptor - AnnotationDescriptor(jakarta.persistence.PrimaryKeyJoinColumn)
20 Apr 2026 18:46:50,813 TRACE org.hibernate.models.internal.AnnotationDescriptorRegistryStandard 34 register - Registering repeatable AnnotationDescriptor - AnnotationDescriptor(jakarta.persistence.PrimaryKeyJoinColumns)
20 Apr 2026 18:46:50,813 TRACE org.hibernate.models.internal.AnnotationDescriptorRegistryStandard 30 register - Registering AnnotationDescriptor - AnnotationDescriptor(jakarta.persistence.QueryHint)
20 Apr 2026 18:46:50,813 TRACE org.hibernate.models.internal.AnnotationDescriptorRegistryStandard 30 register - Registering AnnotationDescriptor - AnnotationDescriptor(jakarta.persistence.SecondaryTables)
20 Apr 2026 18:46:50,813 TRACE org.hibernate.models.internal.AnnotationDescriptorRegistryStandard 30 register - Registering AnnotationDescriptor - AnnotationDescriptor(jakarta.persistence.SecondaryTable)
20 Apr 2026 18:46:50,813 TRACE org.hibernate.models.internal.AnnotationDescriptorRegistryStandard 34 register - Registering repeatable AnnotationDescriptor - AnnotationDescriptor(jakarta.persistence.SecondaryTables)
20 Apr 2026 18:46:50,813 TRACE org.hibernate.models.internal.AnnotationDescriptorRegistryStandard 30 register - Registering AnnotationDescriptor - AnnotationDescriptor(jakarta.persistence.SequenceGenerators)
20 Apr 2026 18:46:50,814 TRACE org.hibernate.models.internal.AnnotationDescriptorRegistryStandard 30 register - Registering AnnotationDescriptor - AnnotationDescriptor(jakarta.persistence.SequenceGenerator)
20 Apr 2026 18:46:50,814 TRACE org.hibernate.models.internal.AnnotationDescriptorRegistryStandard 34 register - Registering repeatable AnnotationDescriptor - AnnotationDescriptor(jakarta.persistence.SequenceGenerators)
20 Apr 2026 18:46:50,814 TRACE org.hibernate.models.internal.AnnotationDescriptorRegistryStandard 30 register - Registering AnnotationDescriptor - AnnotationDescriptor(jakarta.persistence.SqlResultSetMappings)
20 Apr 2026 18:46:50,814 TRACE org.hibernate.models.internal.AnnotationDescriptorRegistryStandard 30 register - Registering AnnotationDescriptor - AnnotationDescriptor(jakarta.persistence.SqlResultSetMapping)
20 Apr 2026 18:46:50,814 TRACE org.hibernate.models.internal.AnnotationDescriptorRegistryStandard 34 register - Registering repeatable AnnotationDescriptor - AnnotationDescriptor(jakarta.persistence.SqlResultSetMappings)
20 Apr 2026 18:46:50,814 TRACE org.hibernate.models.internal.AnnotationDescriptorRegistryStandard 30 register - Registering AnnotationDescriptor - AnnotationDescriptor(jakarta.persistence.StoredProcedureParameter)
20 Apr 2026 18:46:50,814 TRACE org.hibernate.models.internal.AnnotationDescriptorRegistryStandard 30 register - Registering AnnotationDescriptor - AnnotationDescriptor(jakarta.persistence.Table)
20 Apr 2026 18:46:50,814 TRACE org.hibernate.models.internal.AnnotationDescriptorRegistryStandard 30 register - Registering AnnotationDescriptor - AnnotationDescriptor(jakarta.persistence.TableGenerators)
20 Apr 2026 18:46:50,814 TRACE org.hibernate.models.internal.AnnotationDescriptorRegistryStandard 30 register - Registering AnnotationDescriptor - AnnotationDescriptor(jakarta.persistence.TableGenerator)
20 Apr 2026 18:46:50,814 TRACE org.hibernate.models.internal.AnnotationDescriptorRegistryStandard 34 register - Registering repeatable AnnotationDescriptor - AnnotationDescriptor(jakarta.persistence.TableGenerators)
20 Apr 2026 18:46:50,814 TRACE org.hibernate.models.internal.AnnotationDescriptorRegistryStandard 30 register - Registering AnnotationDescriptor - AnnotationDescriptor(jakarta.persistence.Temporal)
20 Apr 2026 18:46:50,814 TRACE org.hibernate.models.internal.AnnotationDescriptorRegistryStandard 30 register - Registering AnnotationDescriptor - AnnotationDescriptor(jakarta.persistence.Transient)
20 Apr 2026 18:46:50,814 TRACE org.hibernate.models.internal.AnnotationDescriptorRegistryStandard 30 register - Registering AnnotationDescriptor - AnnotationDescriptor(jakarta.persistence.UniqueConstraint)
20 Apr 2026 18:46:50,815 TRACE org.hibernate.models.internal.AnnotationDescriptorRegistryStandard 30 register - Registering AnnotationDescriptor - AnnotationDescriptor(jakarta.persistence.Version)
20 Apr 2026 18:46:50,853 TRACE org.hibernate.models.internal.AnnotationDescriptorRegistryStandard 30 register - Registering AnnotationDescriptor - AnnotationDescriptor(org.hibernate.annotations.Any)
20 Apr 2026 18:46:50,853 TRACE org.hibernate.models.internal.AnnotationDescriptorRegistryStandard 30 register - Registering AnnotationDescriptor - AnnotationDescriptor(org.hibernate.annotations.AnyDiscriminator)
20 Apr 2026 18:46:50,853 TRACE org.hibernate.models.internal.AnnotationDescriptorRegistryStandard 30 register - Registering AnnotationDescriptor - AnnotationDescriptor(org.hibernate.annotations.AnyDiscriminatorImplicitValues)
20 Apr 2026 18:46:50,853 TRACE org.hibernate.models.internal.AnnotationDescriptorRegistryStandard 30 register - Registering AnnotationDescriptor - AnnotationDescriptor(org.hibernate.annotations.AnyDiscriminatorValues)
20 Apr 2026 18:46:50,853 TRACE org.hibernate.models.internal.AnnotationDescriptorRegistryStandard 30 register - Registering AnnotationDescriptor - AnnotationDescriptor(org.hibernate.annotations.AnyDiscriminatorValue)
20 Apr 2026 18:46:50,853 TRACE org.hibernate.models.internal.AnnotationDescriptorRegistryStandard 34 register - Registering repeatable AnnotationDescriptor - AnnotationDescriptor(org.hibernate.annotations.AnyDiscriminatorValues)
20 Apr 2026 18:46:50,854 TRACE org.hibernate.models.internal.AnnotationDescriptorRegistryStandard 30 register - Registering AnnotationDescriptor - AnnotationDescriptor(org.hibernate.annotations.AnyKeyJavaClass)
20 Apr 2026 18:46:50,854 TRACE org.hibernate.models.internal.AnnotationDescriptorRegistryStandard 30 register - Registering AnnotationDescriptor - AnnotationDescriptor(org.hibernate.annotations.AnyKeyJavaType)
20 Apr 2026 18:46:50,854 TRACE org.hibernate.models.internal.AnnotationDescriptorRegistryStandard 30 register - Registering AnnotationDescriptor - AnnotationDescriptor(org.hibernate.annotations.AnyKeyJdbcType)
20 Apr 2026 18:46:50,854 TRACE org.hibernate.models.internal.AnnotationDescriptorRegistryStandard 30 register - Registering AnnotationDescriptor - AnnotationDescriptor(org.hibernate.annotations.AnyKeyJdbcTypeCode)
20 Apr 2026 18:46:50,854 TRACE org.hibernate.models.internal.AnnotationDescriptorRegistryStandard 30 register - Registering AnnotationDescriptor - AnnotationDescriptor(org.hibernate.boot.internal.AnyKeyType)
20 Apr 2026 18:46:50,854 TRACE org.hibernate.models.internal.AnnotationDescriptorRegistryStandard 30 register - Registering AnnotationDescriptor - AnnotationDescriptor(org.hibernate.annotations.Array)
20 Apr 2026 18:46:50,855 TRACE org.hibernate.models.internal.AnnotationDescriptorRegistryStandard 30 register - Registering AnnotationDescriptor - AnnotationDescriptor(org.hibernate.annotations.AttributeAccessor)
20 Apr 2026 18:46:50,855 TRACE org.hibernate.models.internal.AnnotationDescriptorRegistryStandard 30 register - Registering AnnotationDescriptor - AnnotationDescriptor(org.hibernate.annotations.AttributeBinderType)
20 Apr 2026 18:46:50,855 TRACE org.hibernate.models.internal.AnnotationDescriptorRegistryStandard 30 register - Registering AnnotationDescriptor - AnnotationDescriptor(org.hibernate.annotations.Bag)
20 Apr 2026 18:46:50,855 TRACE org.hibernate.models.internal.AnnotationDescriptorRegistryStandard 30 register - Registering AnnotationDescriptor - AnnotationDescriptor(org.hibernate.annotations.BatchSize)
20 Apr 2026 18:46:50,855 TRACE org.hibernate.models.internal.AnnotationDescriptorRegistryStandard 30 register - Registering AnnotationDescriptor - AnnotationDescriptor(org.hibernate.annotations.Cache)
20 Apr 2026 18:46:50,855 TRACE org.hibernate.models.internal.AnnotationDescriptorRegistryStandard 30 register - Registering AnnotationDescriptor - AnnotationDescriptor(org.hibernate.annotations.Cascade)
20 Apr 2026 18:46:50,855 TRACE org.hibernate.models.internal.AnnotationDescriptorRegistryStandard 30 register - Registering AnnotationDescriptor - AnnotationDescriptor(org.hibernate.annotations.Checks)
20 Apr 2026 18:46:50,855 TRACE org.hibernate.models.internal.AnnotationDescriptorRegistryStandard 30 register - Registering AnnotationDescriptor - AnnotationDescriptor(org.hibernate.annotations.Check)
20 Apr 2026 18:46:50,855 TRACE org.hibernate.models.internal.AnnotationDescriptorRegistryStandard 34 register - Registering repeatable AnnotationDescriptor - AnnotationDescriptor(org.hibernate.annotations.Checks)
20 Apr 2026 18:46:50,856 TRACE org.hibernate.models.internal.AnnotationDescriptorRegistryStandard 30 register - Registering AnnotationDescriptor - AnnotationDescriptor(org.hibernate.annotations.Collate)
20 Apr 2026 18:46:50,856 TRACE org.hibernate.models.internal.AnnotationDescriptorRegistryStandard 30 register - Registering AnnotationDescriptor - AnnotationDescriptor(org.hibernate.annotations.CollectionId)
20 Apr 2026 18:46:50,856 TRACE org.hibernate.models.internal.AnnotationDescriptorRegistryStandard 30 register - Registering AnnotationDescriptor - AnnotationDescriptor(org.hibernate.annotations.CollectionIdJavaClass)
20 Apr 2026 18:46:50,856 TRACE org.hibernate.models.internal.AnnotationDescriptorRegistryStandard 30 register - Registering AnnotationDescriptor - AnnotationDescriptor(org.hibernate.annotations.CollectionIdJavaType)
20 Apr 2026 18:46:50,856 TRACE org.hibernate.models.internal.AnnotationDescriptorRegistryStandard 30 register - Registering AnnotationDescriptor - AnnotationDescriptor(org.hibernate.annotations.CollectionIdJdbcType)
20 Apr 2026 18:46:50,856 TRACE org.hibernate.models.internal.AnnotationDescriptorRegistryStandard 30 register - Registering AnnotationDescriptor - AnnotationDescriptor(org.hibernate.annotations.CollectionIdJdbcTypeCode)
20 Apr 2026 18:46:50,856 TRACE org.hibernate.models.internal.AnnotationDescriptorRegistryStandard 30 register - Registering AnnotationDescriptor - AnnotationDescriptor(org.hibernate.annotations.CollectionIdMutability)
20 Apr 2026 18:46:50,856 TRACE org.hibernate.models.internal.AnnotationDescriptorRegistryStandard 30 register - Registering AnnotationDescriptor - AnnotationDescriptor(org.hibernate.annotations.CollectionIdType)
20 Apr 2026 18:46:50,856 TRACE org.hibernate.models.internal.AnnotationDescriptorRegistryStandard 30 register - Registering AnnotationDescriptor - AnnotationDescriptor(org.hibernate.annotations.CollectionType)
20 Apr 2026 18:46:50,856 TRACE org.hibernate.models.internal.AnnotationDescriptorRegistryStandard 30 register - Registering AnnotationDescriptor - AnnotationDescriptor(org.hibernate.boot.internal.CollectionClassification)
20 Apr 2026 18:46:50,856 TRACE org.hibernate.models.internal.AnnotationDescriptorRegistryStandard 30 register - Registering AnnotationDescriptor - AnnotationDescriptor(org.hibernate.annotations.CollectionTypeRegistrations)
20 Apr 2026 18:46:50,857 TRACE org.hibernate.models.internal.AnnotationDescriptorRegistryStandard 30 register - Registering AnnotationDescriptor - AnnotationDescriptor(org.hibernate.annotations.CollectionTypeRegistration)
20 Apr 2026 18:46:50,857 TRACE org.hibernate.models.internal.AnnotationDescriptorRegistryStandard 34 register - Registering repeatable AnnotationDescriptor - AnnotationDescriptor(org.hibernate.annotations.CollectionTypeRegistrations)
20 Apr 2026 18:46:50,857 TRACE org.hibernate.models.internal.AnnotationDescriptorRegistryStandard 30 register - Registering AnnotationDescriptor - AnnotationDescriptor(org.hibernate.annotations.ColumnDefault)
20 Apr 2026 18:46:50,857 TRACE org.hibernate.models.internal.AnnotationDescriptorRegistryStandard 30 register - Registering AnnotationDescriptor - AnnotationDescriptor(org.hibernate.annotations.ColumnTransformers)
20 Apr 2026 18:46:50,857 TRACE org.hibernate.models.internal.AnnotationDescriptorRegistryStandard 30 register - Registering AnnotationDescriptor - AnnotationDescriptor(org.hibernate.annotations.ColumnTransformer)
20 Apr 2026 18:46:50,857 TRACE org.hibernate.models.internal.AnnotationDescriptorRegistryStandard 34 register - Registering repeatable AnnotationDescriptor - AnnotationDescriptor(org.hibernate.annotations.ColumnTransformers)
20 Apr 2026 18:46:50,857 TRACE org.hibernate.models.internal.AnnotationDescriptorRegistryStandard 30 register - Registering AnnotationDescriptor - AnnotationDescriptor(org.hibernate.annotations.Comments)
20 Apr 2026 18:46:50,857 TRACE org.hibernate.models.internal.AnnotationDescriptorRegistryStandard 30 register - Registering AnnotationDescriptor - AnnotationDescriptor(org.hibernate.annotations.Comment)
20 Apr 2026 18:46:50,857 TRACE org.hibernate.models.internal.AnnotationDescriptorRegistryStandard 34 register - Registering repeatable AnnotationDescriptor - AnnotationDescriptor(org.hibernate.annotations.Comments)
20 Apr 2026 18:46:50,857 TRACE org.hibernate.models.internal.AnnotationDescriptorRegistryStandard 30 register - Registering AnnotationDescriptor - AnnotationDescriptor(org.hibernate.annotations.CompositeType)
20 Apr 2026 18:46:50,857 TRACE org.hibernate.models.internal.AnnotationDescriptorRegistryStandard 30 register - Registering AnnotationDescriptor - AnnotationDescriptor(org.hibernate.annotations.CompositeTypeRegistrations)
20 Apr 2026 18:46:50,857 TRACE org.hibernate.models.internal.AnnotationDescriptorRegistryStandard 30 register - Registering AnnotationDescriptor - AnnotationDescriptor(org.hibernate.annotations.CompositeTypeRegistration)
20 Apr 2026 18:46:50,858 TRACE org.hibernate.models.internal.AnnotationDescriptorRegistryStandard 34 register - Registering repeatable AnnotationDescriptor - AnnotationDescriptor(org.hibernate.annotations.CompositeTypeRegistrations)
20 Apr 2026 18:46:50,858 TRACE org.hibernate.models.internal.AnnotationDescriptorRegistryStandard 30 register - Registering AnnotationDescriptor - AnnotationDescriptor(org.hibernate.annotations.ConcreteProxy)
20 Apr 2026 18:46:50,858 TRACE org.hibernate.models.internal.AnnotationDescriptorRegistryStandard 30 register - Registering AnnotationDescriptor - AnnotationDescriptor(org.hibernate.annotations.ConverterRegistrations)
20 Apr 2026 18:46:50,858 TRACE org.hibernate.models.internal.AnnotationDescriptorRegistryStandard 30 register - Registering AnnotationDescriptor - AnnotationDescriptor(org.hibernate.annotations.ConverterRegistration)
20 Apr 2026 18:46:50,858 TRACE org.hibernate.models.internal.AnnotationDescriptorRegistryStandard 34 register - Registering repeatable AnnotationDescriptor - AnnotationDescriptor(org.hibernate.annotations.ConverterRegistrations)
20 Apr 2026 18:46:50,858 TRACE org.hibernate.models.internal.AnnotationDescriptorRegistryStandard 30 register - Registering AnnotationDescriptor - AnnotationDescriptor(org.hibernate.annotations.CreationTimestamp)
20 Apr 2026 18:46:50,858 TRACE org.hibernate.models.internal.AnnotationDescriptorRegistryStandard 30 register - Registering AnnotationDescriptor - AnnotationDescriptor(org.hibernate.annotations.CurrentTimestamp)
20 Apr 2026 18:46:50,858 TRACE org.hibernate.models.internal.AnnotationDescriptorRegistryStandard 30 register - Registering AnnotationDescriptor - AnnotationDescriptor(org.hibernate.annotations.DiscriminatorFormula)
20 Apr 2026 18:46:50,858 TRACE org.hibernate.models.internal.AnnotationDescriptorRegistryStandard 30 register - Registering AnnotationDescriptor - AnnotationDescriptor(org.hibernate.annotations.DiscriminatorOptions)
20 Apr 2026 18:46:50,858 TRACE org.hibernate.models.internal.AnnotationDescriptorRegistryStandard 30 register - Registering AnnotationDescriptor - AnnotationDescriptor(org.hibernate.annotations.DynamicInsert)
20 Apr 2026 18:46:50,858 TRACE org.hibernate.models.internal.AnnotationDescriptorRegistryStandard 30 register - Registering AnnotationDescriptor - AnnotationDescriptor(org.hibernate.annotations.DynamicUpdate)
20 Apr 2026 18:46:50,859 TRACE org.hibernate.models.internal.AnnotationDescriptorRegistryStandard 30 register - Registering AnnotationDescriptor - AnnotationDescriptor(org.hibernate.annotations.EmbeddableInstantiator)
20 Apr 2026 18:46:50,859 TRACE org.hibernate.models.internal.AnnotationDescriptorRegistryStandard 30 register - Registering AnnotationDescriptor - AnnotationDescriptor(org.hibernate.annotations.EmbeddableInstantiatorRegistrations)
20 Apr 2026 18:46:50,859 TRACE org.hibernate.models.internal.AnnotationDescriptorRegistryStandard 30 register - Registering AnnotationDescriptor - AnnotationDescriptor(org.hibernate.annotations.EmbeddableInstantiatorRegistration)
20 Apr 2026 18:46:50,859 TRACE org.hibernate.models.internal.AnnotationDescriptorRegistryStandard 34 register - Registering repeatable AnnotationDescriptor - AnnotationDescriptor(org.hibernate.annotations.EmbeddableInstantiatorRegistrations)
20 Apr 2026 18:46:50,859 TRACE org.hibernate.models.internal.AnnotationDescriptorRegistryStandard 30 register - Registering AnnotationDescriptor - AnnotationDescriptor(org.hibernate.annotations.EmbeddedColumnNaming)
20 Apr 2026 18:46:50,859 TRACE org.hibernate.models.internal.AnnotationDescriptorRegistryStandard 30 register - Registering AnnotationDescriptor - AnnotationDescriptor(org.hibernate.annotations.EmbeddedTable)
20 Apr 2026 18:46:50,859 TRACE org.hibernate.models.internal.AnnotationDescriptorRegistryStandard 30 register - Registering AnnotationDescriptor - AnnotationDescriptor(org.hibernate.annotations.Fetch)
20 Apr 2026 18:46:50,859 TRACE org.hibernate.models.internal.AnnotationDescriptorRegistryStandard 30 register - Registering AnnotationDescriptor - AnnotationDescriptor(org.hibernate.annotations.FetchProfiles)
20 Apr 2026 18:46:50,859 TRACE org.hibernate.models.internal.AnnotationDescriptorRegistryStandard 30 register - Registering AnnotationDescriptor - AnnotationDescriptor(org.hibernate.annotations.FetchProfile)
20 Apr 2026 18:46:50,859 TRACE org.hibernate.models.internal.AnnotationDescriptorRegistryStandard 34 register - Registering repeatable AnnotationDescriptor - AnnotationDescriptor(org.hibernate.annotations.FetchProfiles)
20 Apr 2026 18:46:50,859 TRACE org.hibernate.models.internal.AnnotationDescriptorRegistryStandard 30 register - Registering AnnotationDescriptor - AnnotationDescriptor(org.hibernate.annotations.Filters)
20 Apr 2026 18:46:50,859 TRACE org.hibernate.models.internal.AnnotationDescriptorRegistryStandard 30 register - Registering AnnotationDescriptor - AnnotationDescriptor(org.hibernate.annotations.Filter)
20 Apr 2026 18:46:50,859 TRACE org.hibernate.models.internal.AnnotationDescriptorRegistryStandard 34 register - Registering repeatable AnnotationDescriptor - AnnotationDescriptor(org.hibernate.annotations.Filters)
20 Apr 2026 18:46:50,859 TRACE org.hibernate.models.internal.AnnotationDescriptorRegistryStandard 30 register - Registering AnnotationDescriptor - AnnotationDescriptor(org.hibernate.annotations.FilterDefs)
20 Apr 2026 18:46:50,859 TRACE org.hibernate.models.internal.AnnotationDescriptorRegistryStandard 30 register - Registering AnnotationDescriptor - AnnotationDescriptor(org.hibernate.annotations.FilterDef)
20 Apr 2026 18:46:50,860 TRACE org.hibernate.models.internal.AnnotationDescriptorRegistryStandard 34 register - Registering repeatable AnnotationDescriptor - AnnotationDescriptor(org.hibernate.annotations.FilterDefs)
20 Apr 2026 18:46:50,860 TRACE org.hibernate.models.internal.AnnotationDescriptorRegistryStandard 30 register - Registering AnnotationDescriptor - AnnotationDescriptor(org.hibernate.annotations.FilterJoinTables)
20 Apr 2026 18:46:50,860 TRACE org.hibernate.models.internal.AnnotationDescriptorRegistryStandard 30 register - Registering AnnotationDescriptor - AnnotationDescriptor(org.hibernate.annotations.FilterJoinTable)
20 Apr 2026 18:46:50,860 TRACE org.hibernate.models.internal.AnnotationDescriptorRegistryStandard 34 register - Registering repeatable AnnotationDescriptor - AnnotationDescriptor(org.hibernate.annotations.FilterJoinTables)
20 Apr 2026 18:46:50,860 TRACE org.hibernate.models.internal.AnnotationDescriptorRegistryStandard 30 register - Registering AnnotationDescriptor - AnnotationDescriptor(org.hibernate.annotations.Formula)
20 Apr 2026 18:46:50,860 TRACE org.hibernate.models.internal.AnnotationDescriptorRegistryStandard 30 register - Registering AnnotationDescriptor - AnnotationDescriptor(org.hibernate.annotations.FractionalSeconds)
20 Apr 2026 18:46:50,860 TRACE org.hibernate.models.internal.AnnotationDescriptorRegistryStandard 30 register - Registering AnnotationDescriptor - AnnotationDescriptor(org.hibernate.annotations.Generated)
20 Apr 2026 18:46:50,860 TRACE org.hibernate.models.internal.AnnotationDescriptorRegistryStandard 30 register - Registering AnnotationDescriptor - AnnotationDescriptor(org.hibernate.annotations.GeneratedColumn)
20 Apr 2026 18:46:50,860 TRACE org.hibernate.models.internal.AnnotationDescriptorRegistryStandard 30 register - Registering AnnotationDescriptor - AnnotationDescriptor(org.hibernate.annotations.GenericGenerators)
20 Apr 2026 18:46:50,860 TRACE org.hibernate.models.internal.AnnotationDescriptorRegistryStandard 30 register - Registering AnnotationDescriptor - AnnotationDescriptor(org.hibernate.annotations.GenericGenerator)
20 Apr 2026 18:46:50,860 TRACE org.hibernate.models.internal.AnnotationDescriptorRegistryStandard 34 register - Registering repeatable AnnotationDescriptor - AnnotationDescriptor(org.hibernate.annotations.GenericGenerators)
20 Apr 2026 18:46:50,860 TRACE org.hibernate.models.internal.AnnotationDescriptorRegistryStandard 30 register - Registering AnnotationDescriptor - AnnotationDescriptor(org.hibernate.annotations.HQLSelect)
20 Apr 2026 18:46:50,860 TRACE org.hibernate.models.internal.AnnotationDescriptorRegistryStandard 30 register - Registering AnnotationDescriptor - AnnotationDescriptor(org.hibernate.annotations.IdGeneratorType)
20 Apr 2026 18:46:50,860 TRACE org.hibernate.models.internal.AnnotationDescriptorRegistryStandard 30 register - Registering AnnotationDescriptor - AnnotationDescriptor(org.hibernate.annotations.Immutable)
20 Apr 2026 18:46:50,860 TRACE org.hibernate.models.internal.AnnotationDescriptorRegistryStandard 30 register - Registering AnnotationDescriptor - AnnotationDescriptor(org.hibernate.annotations.Imported)
20 Apr 2026 18:46:50,860 TRACE org.hibernate.models.internal.AnnotationDescriptorRegistryStandard 30 register - Registering AnnotationDescriptor - AnnotationDescriptor(org.hibernate.annotations.Instantiator)
20 Apr 2026 18:46:50,861 TRACE org.hibernate.models.internal.AnnotationDescriptorRegistryStandard 30 register - Registering AnnotationDescriptor - AnnotationDescriptor(org.hibernate.annotations.JavaType)
20 Apr 2026 18:46:50,861 TRACE org.hibernate.models.internal.AnnotationDescriptorRegistryStandard 30 register - Registering AnnotationDescriptor - AnnotationDescriptor(org.hibernate.annotations.JavaTypeRegistrations)
20 Apr 2026 18:46:50,861 TRACE org.hibernate.models.internal.AnnotationDescriptorRegistryStandard 30 register - Registering AnnotationDescriptor - AnnotationDescriptor(org.hibernate.annotations.JavaTypeRegistration)
20 Apr 2026 18:46:50,861 TRACE org.hibernate.models.internal.AnnotationDescriptorRegistryStandard 34 register - Registering repeatable AnnotationDescriptor - AnnotationDescriptor(org.hibernate.annotations.JavaTypeRegistrations)
20 Apr 2026 18:46:50,861 TRACE org.hibernate.models.internal.AnnotationDescriptorRegistryStandard 30 register - Registering AnnotationDescriptor - AnnotationDescriptor(org.hibernate.annotations.JdbcType)
20 Apr 2026 18:46:50,861 TRACE org.hibernate.models.internal.AnnotationDescriptorRegistryStandard 30 register - Registering AnnotationDescriptor - AnnotationDescriptor(org.hibernate.annotations.JdbcTypeCode)
20 Apr 2026 18:46:50,861 TRACE org.hibernate.models.internal.AnnotationDescriptorRegistryStandard 30 register - Registering AnnotationDescriptor - AnnotationDescriptor(org.hibernate.annotations.JdbcTypeRegistrations)
20 Apr 2026 18:46:50,861 TRACE org.hibernate.models.internal.AnnotationDescriptorRegistryStandard 30 register - Registering AnnotationDescriptor - AnnotationDescriptor(org.hibernate.annotations.JdbcTypeRegistration)
20 Apr 2026 18:46:50,861 TRACE org.hibernate.models.internal.AnnotationDescriptorRegistryStandard 34 register - Registering repeatable AnnotationDescriptor - AnnotationDescriptor(org.hibernate.annotations.JdbcTypeRegistrations)
20 Apr 2026 18:46:50,861 TRACE org.hibernate.models.internal.AnnotationDescriptorRegistryStandard 30 register - Registering AnnotationDescriptor - AnnotationDescriptor(org.hibernate.annotations.JoinColumnsOrFormulas)
20 Apr 2026 18:46:50,861 TRACE org.hibernate.models.internal.AnnotationDescriptorRegistryStandard 30 register - Registering AnnotationDescriptor - AnnotationDescriptor(org.hibernate.annotations.JoinColumnOrFormula)
20 Apr 2026 18:46:50,861 TRACE org.hibernate.models.internal.AnnotationDescriptorRegistryStandard 34 register - Registering repeatable AnnotationDescriptor - AnnotationDescriptor(org.hibernate.annotations.JoinColumnsOrFormulas)
20 Apr 2026 18:46:50,861 TRACE org.hibernate.models.internal.AnnotationDescriptorRegistryStandard 30 register - Registering AnnotationDescriptor - AnnotationDescriptor(org.hibernate.annotations.JoinFormula)
20 Apr 2026 18:46:50,861 TRACE org.hibernate.models.internal.AnnotationDescriptorRegistryStandard 30 register - Registering AnnotationDescriptor - AnnotationDescriptor(org.hibernate.annotations.LazyGroup)
20 Apr 2026 18:46:50,861 TRACE org.hibernate.models.internal.AnnotationDescriptorRegistryStandard 30 register - Registering AnnotationDescriptor - AnnotationDescriptor(org.hibernate.annotations.ListIndexBase)
20 Apr 2026 18:46:50,862 TRACE org.hibernate.models.internal.AnnotationDescriptorRegistryStandard 30 register - Registering AnnotationDescriptor - AnnotationDescriptor(org.hibernate.annotations.ListIndexJavaType)
20 Apr 2026 18:46:50,862 TRACE org.hibernate.models.internal.AnnotationDescriptorRegistryStandard 30 register - Registering AnnotationDescriptor - AnnotationDescriptor(org.hibernate.annotations.ListIndexJdbcType)
20 Apr 2026 18:46:50,862 TRACE org.hibernate.models.internal.AnnotationDescriptorRegistryStandard 30 register - Registering AnnotationDescriptor - AnnotationDescriptor(org.hibernate.annotations.ListIndexJdbcTypeCode)
20 Apr 2026 18:46:50,862 TRACE org.hibernate.models.internal.AnnotationDescriptorRegistryStandard 30 register - Registering AnnotationDescriptor - AnnotationDescriptor(org.hibernate.annotations.ManyToAny)
20 Apr 2026 18:46:50,862 TRACE org.hibernate.models.internal.AnnotationDescriptorRegistryStandard 30 register - Registering AnnotationDescriptor - AnnotationDescriptor(org.hibernate.annotations.MapKeyCompositeType)
20 Apr 2026 18:46:50,862 TRACE org.hibernate.models.internal.AnnotationDescriptorRegistryStandard 30 register - Registering AnnotationDescriptor - AnnotationDescriptor(org.hibernate.annotations.MapKeyJavaType)
20 Apr 2026 18:46:50,862 TRACE org.hibernate.models.internal.AnnotationDescriptorRegistryStandard 30 register - Registering AnnotationDescriptor - AnnotationDescriptor(org.hibernate.annotations.MapKeyJdbcType)
20 Apr 2026 18:46:50,862 TRACE org.hibernate.models.internal.AnnotationDescriptorRegistryStandard 30 register - Registering AnnotationDescriptor - AnnotationDescriptor(org.hibernate.annotations.MapKeyJdbcTypeCode)
20 Apr 2026 18:46:50,862 TRACE org.hibernate.models.internal.AnnotationDescriptorRegistryStandard 30 register - Registering AnnotationDescriptor - AnnotationDescriptor(org.hibernate.annotations.MapKeyMutability)
20 Apr 2026 18:46:50,862 TRACE org.hibernate.models.internal.AnnotationDescriptorRegistryStandard 30 register - Registering AnnotationDescriptor - AnnotationDescriptor(org.hibernate.annotations.MapKeyType)
20 Apr 2026 18:46:50,862 TRACE org.hibernate.models.internal.AnnotationDescriptorRegistryStandard 30 register - Registering AnnotationDescriptor - AnnotationDescriptor(org.hibernate.annotations.Mutability)
20 Apr 2026 18:46:50,862 TRACE org.hibernate.models.internal.AnnotationDescriptorRegistryStandard 30 register - Registering AnnotationDescriptor - AnnotationDescriptor(org.hibernate.annotations.NamedEntityGraphs)
20 Apr 2026 18:46:50,862 TRACE org.hibernate.models.internal.AnnotationDescriptorRegistryStandard 30 register - Registering AnnotationDescriptor - AnnotationDescriptor(org.hibernate.annotations.NamedEntityGraph)
20 Apr 2026 18:46:50,863 TRACE org.hibernate.models.internal.AnnotationDescriptorRegistryStandard 34 register - Registering repeatable AnnotationDescriptor - AnnotationDescriptor(org.hibernate.annotations.NamedEntityGraphs)
20 Apr 2026 18:46:50,863 TRACE org.hibernate.models.internal.AnnotationDescriptorRegistryStandard 30 register - Registering AnnotationDescriptor - AnnotationDescriptor(org.hibernate.annotations.NamedNativeQueries)
20 Apr 2026 18:46:50,863 TRACE org.hibernate.models.internal.AnnotationDescriptorRegistryStandard 30 register - Registering AnnotationDescriptor - AnnotationDescriptor(org.hibernate.annotations.NamedNativeQuery)
20 Apr 2026 18:46:50,863 TRACE org.hibernate.models.internal.AnnotationDescriptorRegistryStandard 34 register - Registering repeatable AnnotationDescriptor - AnnotationDescriptor(org.hibernate.annotations.NamedNativeQueries)
20 Apr 2026 18:46:50,863 TRACE org.hibernate.models.internal.AnnotationDescriptorRegistryStandard 30 register - Registering AnnotationDescriptor - AnnotationDescriptor(org.hibernate.annotations.NamedQueries)
20 Apr 2026 18:46:50,863 TRACE org.hibernate.models.internal.AnnotationDescriptorRegistryStandard 30 register - Registering AnnotationDescriptor - AnnotationDescriptor(org.hibernate.annotations.NamedQuery)
20 Apr 2026 18:46:50,863 TRACE org.hibernate.models.internal.AnnotationDescriptorRegistryStandard 34 register - Registering repeatable AnnotationDescriptor - AnnotationDescriptor(org.hibernate.annotations.NamedQueries)
20 Apr 2026 18:46:50,863 TRACE org.hibernate.models.internal.AnnotationDescriptorRegistryStandard 30 register - Registering AnnotationDescriptor - AnnotationDescriptor(org.hibernate.annotations.Nationalized)
20 Apr 2026 18:46:50,863 TRACE org.hibernate.models.internal.AnnotationDescriptorRegistryStandard 30 register - Registering AnnotationDescriptor - AnnotationDescriptor(org.hibernate.annotations.NativeGenerator)
20 Apr 2026 18:46:50,863 TRACE org.hibernate.models.internal.AnnotationDescriptorRegistryStandard 30 register - Registering AnnotationDescriptor - AnnotationDescriptor(org.hibernate.annotations.NaturalId)
20 Apr 2026 18:46:50,863 TRACE org.hibernate.models.internal.AnnotationDescriptorRegistryStandard 30 register - Registering AnnotationDescriptor - AnnotationDescriptor(org.hibernate.annotations.NaturalIdCache)
20 Apr 2026 18:46:50,863 TRACE org.hibernate.models.internal.AnnotationDescriptorRegistryStandard 30 register - Registering AnnotationDescriptor - AnnotationDescriptor(org.hibernate.annotations.NaturalIdClass)
20 Apr 2026 18:46:50,863 TRACE org.hibernate.models.internal.AnnotationDescriptorRegistryStandard 30 register - Registering AnnotationDescriptor - AnnotationDescriptor(org.hibernate.annotations.NotFound)
20 Apr 2026 18:46:50,863 TRACE org.hibernate.models.internal.AnnotationDescriptorRegistryStandard 30 register - Registering AnnotationDescriptor - AnnotationDescriptor(org.hibernate.annotations.OnDelete)
20 Apr 2026 18:46:50,864 TRACE org.hibernate.models.internal.AnnotationDescriptorRegistryStandard 30 register - Registering AnnotationDescriptor - AnnotationDescriptor(org.hibernate.annotations.OptimisticLock)
20 Apr 2026 18:46:50,864 TRACE org.hibernate.models.internal.AnnotationDescriptorRegistryStandard 30 register - Registering AnnotationDescriptor - AnnotationDescriptor(org.hibernate.annotations.OptimisticLocking)
20 Apr 2026 18:46:50,864 TRACE org.hibernate.models.internal.AnnotationDescriptorRegistryStandard 30 register - Registering AnnotationDescriptor - AnnotationDescriptor(org.hibernate.annotations.ParamDef)
20 Apr 2026 18:46:50,864 TRACE org.hibernate.models.internal.AnnotationDescriptorRegistryStandard 30 register - Registering AnnotationDescriptor - AnnotationDescriptor(org.hibernate.annotations.Parameter)
20 Apr 2026 18:46:50,864 TRACE org.hibernate.models.internal.AnnotationDescriptorRegistryStandard 30 register - Registering AnnotationDescriptor - AnnotationDescriptor(org.hibernate.annotations.Parent)
20 Apr 2026 18:46:50,864 TRACE org.hibernate.models.internal.AnnotationDescriptorRegistryStandard 30 register - Registering AnnotationDescriptor - AnnotationDescriptor(org.hibernate.annotations.PartitionKey)
20 Apr 2026 18:46:50,864 TRACE org.hibernate.models.internal.AnnotationDescriptorRegistryStandard 30 register - Registering AnnotationDescriptor - AnnotationDescriptor(org.hibernate.annotations.PropertyRef)
20 Apr 2026 18:46:50,864 TRACE org.hibernate.models.internal.AnnotationDescriptorRegistryStandard 30 register - Registering AnnotationDescriptor - AnnotationDescriptor(org.hibernate.annotations.QueryCacheLayout)
20 Apr 2026 18:46:50,864 TRACE org.hibernate.models.internal.AnnotationDescriptorRegistryStandard 30 register - Registering AnnotationDescriptor - AnnotationDescriptor(org.hibernate.annotations.RowId)
20 Apr 2026 18:46:50,864 TRACE org.hibernate.models.internal.AnnotationDescriptorRegistryStandard 30 register - Registering AnnotationDescriptor - AnnotationDescriptor(org.hibernate.annotations.SecondaryRows)
20 Apr 2026 18:46:50,864 TRACE org.hibernate.models.internal.AnnotationDescriptorRegistryStandard 30 register - Registering AnnotationDescriptor - AnnotationDescriptor(org.hibernate.annotations.SecondaryRow)
20 Apr 2026 18:46:50,864 TRACE org.hibernate.models.internal.AnnotationDescriptorRegistryStandard 34 register - Registering repeatable AnnotationDescriptor - AnnotationDescriptor(org.hibernate.annotations.SecondaryRows)
20 Apr 2026 18:46:50,864 TRACE org.hibernate.models.internal.AnnotationDescriptorRegistryStandard 30 register - Registering AnnotationDescriptor - AnnotationDescriptor(org.hibernate.annotations.SoftDelete)
20 Apr 2026 18:46:50,864 TRACE org.hibernate.models.internal.AnnotationDescriptorRegistryStandard 30 register - Registering AnnotationDescriptor - AnnotationDescriptor(org.hibernate.annotations.SortComparator)
20 Apr 2026 18:46:50,865 TRACE org.hibernate.models.internal.AnnotationDescriptorRegistryStandard 30 register - Registering AnnotationDescriptor - AnnotationDescriptor(org.hibernate.annotations.SortNatural)
20 Apr 2026 18:46:50,865 TRACE org.hibernate.models.internal.AnnotationDescriptorRegistryStandard 30 register - Registering AnnotationDescriptor - AnnotationDescriptor(org.hibernate.annotations.Source)
20 Apr 2026 18:46:50,865 TRACE org.hibernate.models.internal.AnnotationDescriptorRegistryStandard 30 register - Registering AnnotationDescriptor - AnnotationDescriptor(org.hibernate.annotations.SQLDeletes)
20 Apr 2026 18:46:50,865 TRACE org.hibernate.models.internal.AnnotationDescriptorRegistryStandard 30 register - Registering AnnotationDescriptor - AnnotationDescriptor(org.hibernate.annotations.SQLDelete)
20 Apr 2026 18:46:50,865 TRACE org.hibernate.models.internal.AnnotationDescriptorRegistryStandard 34 register - Registering repeatable AnnotationDescriptor - AnnotationDescriptor(org.hibernate.annotations.SQLDeletes)
20 Apr 2026 18:46:50,865 TRACE org.hibernate.models.internal.AnnotationDescriptorRegistryStandard 30 register - Registering AnnotationDescriptor - AnnotationDescriptor(org.hibernate.annotations.SQLDeleteAll)
20 Apr 2026 18:46:50,865 TRACE org.hibernate.models.internal.AnnotationDescriptorRegistryStandard 30 register - Registering AnnotationDescriptor - AnnotationDescriptor(org.hibernate.annotations.SqlFragmentAlias)
20 Apr 2026 18:46:50,865 TRACE org.hibernate.models.internal.AnnotationDescriptorRegistryStandard 30 register - Registering AnnotationDescriptor - AnnotationDescriptor(org.hibernate.annotations.SQLInserts)
20 Apr 2026 18:46:50,865 TRACE org.hibernate.models.internal.AnnotationDescriptorRegistryStandard 30 register - Registering AnnotationDescriptor - AnnotationDescriptor(org.hibernate.annotations.SQLInsert)
20 Apr 2026 18:46:50,865 TRACE org.hibernate.models.internal.AnnotationDescriptorRegistryStandard 34 register - Registering repeatable AnnotationDescriptor - AnnotationDescriptor(org.hibernate.annotations.SQLInserts)
20 Apr 2026 18:46:50,866 TRACE org.hibernate.models.internal.AnnotationDescriptorRegistryStandard 30 register - Registering AnnotationDescriptor - AnnotationDescriptor(org.hibernate.annotations.SQLOrder)
20 Apr 2026 18:46:50,866 TRACE org.hibernate.models.internal.AnnotationDescriptorRegistryStandard 30 register - Registering AnnotationDescriptor - AnnotationDescriptor(org.hibernate.annotations.SQLRestriction)
20 Apr 2026 18:46:50,866 TRACE org.hibernate.models.internal.AnnotationDescriptorRegistryStandard 30 register - Registering AnnotationDescriptor - AnnotationDescriptor(org.hibernate.annotations.SQLSelect)
20 Apr 2026 18:46:50,866 TRACE org.hibernate.models.internal.AnnotationDescriptorRegistryStandard 30 register - Registering AnnotationDescriptor - AnnotationDescriptor(org.hibernate.annotations.SQLJoinTableRestriction)
20 Apr 2026 18:46:50,866 TRACE org.hibernate.models.internal.AnnotationDescriptorRegistryStandard 30 register - Registering AnnotationDescriptor - AnnotationDescriptor(org.hibernate.annotations.SQLUpdates)
20 Apr 2026 18:46:50,866 TRACE org.hibernate.models.internal.AnnotationDescriptorRegistryStandard 30 register - Registering AnnotationDescriptor - AnnotationDescriptor(org.hibernate.annotations.SQLUpdate)
20 Apr 2026 18:46:50,866 TRACE org.hibernate.models.internal.AnnotationDescriptorRegistryStandard 34 register - Registering repeatable AnnotationDescriptor - AnnotationDescriptor(org.hibernate.annotations.SQLUpdates)
20 Apr 2026 18:46:50,866 TRACE org.hibernate.models.internal.AnnotationDescriptorRegistryStandard 30 register - Registering AnnotationDescriptor - AnnotationDescriptor(org.hibernate.annotations.Struct)
20 Apr 2026 18:46:50,866 TRACE org.hibernate.models.internal.AnnotationDescriptorRegistryStandard 30 register - Registering AnnotationDescriptor - AnnotationDescriptor(org.hibernate.annotations.Subselect)
20 Apr 2026 18:46:50,866 TRACE org.hibernate.models.internal.AnnotationDescriptorRegistryStandard 30 register - Registering AnnotationDescriptor - AnnotationDescriptor(org.hibernate.annotations.Synchronize)
20 Apr 2026 18:46:50,866 TRACE org.hibernate.models.internal.AnnotationDescriptorRegistryStandard 30 register - Registering AnnotationDescriptor - AnnotationDescriptor(org.hibernate.annotations.TargetEmbeddable)
20 Apr 2026 18:46:50,867 TRACE org.hibernate.models.internal.AnnotationDescriptorRegistryStandard 30 register - Registering AnnotationDescriptor - AnnotationDescriptor(org.hibernate.annotations.TenantId)
20 Apr 2026 18:46:50,867 TRACE org.hibernate.models.internal.AnnotationDescriptorRegistryStandard 30 register - Registering AnnotationDescriptor - AnnotationDescriptor(org.hibernate.annotations.TimeZoneColumn)
20 Apr 2026 18:46:50,867 TRACE org.hibernate.models.internal.AnnotationDescriptorRegistryStandard 30 register - Registering AnnotationDescriptor - AnnotationDescriptor(org.hibernate.annotations.TimeZoneStorage)
20 Apr 2026 18:46:50,867 TRACE org.hibernate.models.internal.AnnotationDescriptorRegistryStandard 30 register - Registering AnnotationDescriptor - AnnotationDescriptor(org.hibernate.annotations.Type)
20 Apr 2026 18:46:50,867 TRACE org.hibernate.models.internal.AnnotationDescriptorRegistryStandard 30 register - Registering AnnotationDescriptor - AnnotationDescriptor(org.hibernate.annotations.TypeBinderType)
20 Apr 2026 18:46:50,867 TRACE org.hibernate.models.internal.AnnotationDescriptorRegistryStandard 30 register - Registering AnnotationDescriptor - AnnotationDescriptor(org.hibernate.annotations.TypeRegistrations)
20 Apr 2026 18:46:50,867 TRACE org.hibernate.models.internal.AnnotationDescriptorRegistryStandard 30 register - Registering AnnotationDescriptor - AnnotationDescriptor(org.hibernate.annotations.TypeRegistration)
20 Apr 2026 18:46:50,867 TRACE org.hibernate.models.internal.AnnotationDescriptorRegistryStandard 34 register - Registering repeatable AnnotationDescriptor - AnnotationDescriptor(org.hibernate.annotations.TypeRegistrations)
20 Apr 2026 18:46:50,867 TRACE org.hibernate.models.internal.AnnotationDescriptorRegistryStandard 30 register - Registering AnnotationDescriptor - AnnotationDescriptor(org.hibernate.annotations.UpdateTimestamp)
20 Apr 2026 18:46:50,867 TRACE org.hibernate.models.internal.AnnotationDescriptorRegistryStandard 30 register - Registering AnnotationDescriptor - AnnotationDescriptor(org.hibernate.annotations.UuidGenerator)
20 Apr 2026 18:46:50,867 TRACE org.hibernate.models.internal.AnnotationDescriptorRegistryStandard 30 register - Registering AnnotationDescriptor - AnnotationDescriptor(org.hibernate.annotations.ValueGenerationType)
20 Apr 2026 18:46:50,867 TRACE org.hibernate.models.internal.AnnotationDescriptorRegistryStandard 30 register - Registering AnnotationDescriptor - AnnotationDescriptor(org.hibernate.annotations.View)
20 Apr 2026 18:46:50,877 TRACE org.hibernate.models.internal.AnnotationDescriptorRegistryStandard 30 register - Registering AnnotationDescriptor - AnnotationDescriptor(org.hibernate.annotations.DialectOverride$Checks)
20 Apr 2026 18:46:50,877 TRACE org.hibernate.models.internal.AnnotationDescriptorRegistryStandard 30 register - Registering AnnotationDescriptor - AnnotationDescriptor(org.hibernate.annotations.DialectOverride$Check)
20 Apr 2026 18:46:50,877 TRACE org.hibernate.models.internal.AnnotationDescriptorRegistryStandard 34 register - Registering repeatable AnnotationDescriptor - AnnotationDescriptor(org.hibernate.annotations.DialectOverride$Checks)
20 Apr 2026 18:46:50,877 TRACE org.hibernate.models.internal.AnnotationDescriptorRegistryStandard 30 register - Registering AnnotationDescriptor - AnnotationDescriptor(org.hibernate.annotations.DialectOverride$ColumnDefaults)
20 Apr 2026 18:46:50,877 TRACE org.hibernate.models.internal.AnnotationDescriptorRegistryStandard 30 register - Registering AnnotationDescriptor - AnnotationDescriptor(org.hibernate.annotations.DialectOverride$ColumnDefault)
20 Apr 2026 18:46:50,877 TRACE org.hibernate.models.internal.AnnotationDescriptorRegistryStandard 34 register - Registering repeatable AnnotationDescriptor - AnnotationDescriptor(org.hibernate.annotations.DialectOverride$ColumnDefaults)
20 Apr 2026 18:46:50,877 TRACE org.hibernate.models.internal.AnnotationDescriptorRegistryStandard 30 register - Registering AnnotationDescriptor - AnnotationDescriptor(org.hibernate.annotations.DialectOverride$GeneratedColumns)
20 Apr 2026 18:46:50,877 TRACE org.hibernate.models.internal.AnnotationDescriptorRegistryStandard 30 register - Registering AnnotationDescriptor - AnnotationDescriptor(org.hibernate.annotations.DialectOverride$GeneratedColumn)
20 Apr 2026 18:46:50,877 TRACE org.hibernate.models.internal.AnnotationDescriptorRegistryStandard 34 register - Registering repeatable AnnotationDescriptor - AnnotationDescriptor(org.hibernate.annotations.DialectOverride$GeneratedColumns)
20 Apr 2026 18:46:50,877 TRACE org.hibernate.models.internal.AnnotationDescriptorRegistryStandard 30 register - Registering AnnotationDescriptor - AnnotationDescriptor(org.hibernate.annotations.DialectOverride$DiscriminatorFormulas)
20 Apr 2026 18:46:50,878 TRACE org.hibernate.models.internal.AnnotationDescriptorRegistryStandard 30 register - Registering AnnotationDescriptor - AnnotationDescriptor(org.hibernate.annotations.DialectOverride$DiscriminatorFormula)
20 Apr 2026 18:46:50,878 TRACE org.hibernate.models.internal.AnnotationDescriptorRegistryStandard 34 register - Registering repeatable AnnotationDescriptor - AnnotationDescriptor(org.hibernate.annotations.DialectOverride$DiscriminatorFormulas)
20 Apr 2026 18:46:50,878 TRACE org.hibernate.models.internal.AnnotationDescriptorRegistryStandard 30 register - Registering AnnotationDescriptor - AnnotationDescriptor(org.hibernate.annotations.FetchProfileOverrides)
20 Apr 2026 18:46:50,878 TRACE org.hibernate.models.internal.AnnotationDescriptorRegistryStandard 30 register - Registering AnnotationDescriptor - AnnotationDescriptor(org.hibernate.annotations.FetchProfileOverride)
20 Apr 2026 18:46:50,878 TRACE org.hibernate.models.internal.AnnotationDescriptorRegistryStandard 34 register - Registering repeatable AnnotationDescriptor - AnnotationDescriptor(org.hibernate.annotations.FetchProfileOverrides)
20 Apr 2026 18:46:50,878 TRACE org.hibernate.models.internal.AnnotationDescriptorRegistryStandard 30 register - Registering AnnotationDescriptor - AnnotationDescriptor(org.hibernate.annotations.DialectOverride$FilterOverrides)
20 Apr 2026 18:46:50,878 TRACE org.hibernate.models.internal.AnnotationDescriptorRegistryStandard 30 register - Registering AnnotationDescriptor - AnnotationDescriptor(org.hibernate.annotations.DialectOverride$Filters)
20 Apr 2026 18:46:50,878 TRACE org.hibernate.models.internal.AnnotationDescriptorRegistryStandard 34 register - Registering repeatable AnnotationDescriptor - AnnotationDescriptor(org.hibernate.annotations.DialectOverride$FilterOverrides)
20 Apr 2026 18:46:50,878 TRACE org.hibernate.models.internal.AnnotationDescriptorRegistryStandard 30 register - Registering AnnotationDescriptor - AnnotationDescriptor(org.hibernate.annotations.DialectOverride$FilterDefOverrides)
20 Apr 2026 18:46:50,878 TRACE org.hibernate.models.internal.AnnotationDescriptorRegistryStandard 30 register - Registering AnnotationDescriptor - AnnotationDescriptor(org.hibernate.annotations.DialectOverride$FilterDefs)
20 Apr 2026 18:46:50,878 TRACE org.hibernate.models.internal.AnnotationDescriptorRegistryStandard 34 register - Registering repeatable AnnotationDescriptor - AnnotationDescriptor(org.hibernate.annotations.DialectOverride$FilterDefOverrides)
20 Apr 2026 18:46:50,878 TRACE org.hibernate.models.internal.AnnotationDescriptorRegistryStandard 30 register - Registering AnnotationDescriptor - AnnotationDescriptor(org.hibernate.annotations.DialectOverride$Formulas)
20 Apr 2026 18:46:50,878 TRACE org.hibernate.models.internal.AnnotationDescriptorRegistryStandard 30 register - Registering AnnotationDescriptor - AnnotationDescriptor(org.hibernate.annotations.DialectOverride$Formula)
20 Apr 2026 18:46:50,878 TRACE org.hibernate.models.internal.AnnotationDescriptorRegistryStandard 34 register - Registering repeatable AnnotationDescriptor - AnnotationDescriptor(org.hibernate.annotations.DialectOverride$Formulas)
20 Apr 2026 18:46:50,878 TRACE org.hibernate.models.internal.AnnotationDescriptorRegistryStandard 30 register - Registering AnnotationDescriptor - AnnotationDescriptor(org.hibernate.annotations.DialectOverride$JoinFormulas)
20 Apr 2026 18:46:50,878 TRACE org.hibernate.models.internal.AnnotationDescriptorRegistryStandard 30 register - Registering AnnotationDescriptor - AnnotationDescriptor(org.hibernate.annotations.DialectOverride$JoinFormula)
20 Apr 2026 18:46:50,878 TRACE org.hibernate.models.internal.AnnotationDescriptorRegistryStandard 34 register - Registering repeatable AnnotationDescriptor - AnnotationDescriptor(org.hibernate.annotations.DialectOverride$JoinFormulas)
20 Apr 2026 18:46:50,878 TRACE org.hibernate.models.internal.AnnotationDescriptorRegistryStandard 30 register - Registering AnnotationDescriptor - AnnotationDescriptor(org.hibernate.annotations.DialectOverride$SQLInserts)
20 Apr 2026 18:46:50,878 TRACE org.hibernate.models.internal.AnnotationDescriptorRegistryStandard 30 register - Registering AnnotationDescriptor - AnnotationDescriptor(org.hibernate.annotations.DialectOverride$SQLInsert)
20 Apr 2026 18:46:50,878 TRACE org.hibernate.models.internal.AnnotationDescriptorRegistryStandard 34 register - Registering repeatable AnnotationDescriptor - AnnotationDescriptor(org.hibernate.annotations.DialectOverride$SQLInserts)
20 Apr 2026 18:46:50,879 TRACE org.hibernate.models.internal.AnnotationDescriptorRegistryStandard 30 register - Registering AnnotationDescriptor - AnnotationDescriptor(org.hibernate.annotations.DialectOverride$SQLUpdates)
20 Apr 2026 18:46:50,879 TRACE org.hibernate.models.internal.AnnotationDescriptorRegistryStandard 30 register - Registering AnnotationDescriptor - AnnotationDescriptor(org.hibernate.annotations.DialectOverride$SQLUpdate)
20 Apr 2026 18:46:50,879 TRACE org.hibernate.models.internal.AnnotationDescriptorRegistryStandard 34 register - Registering repeatable AnnotationDescriptor - AnnotationDescriptor(org.hibernate.annotations.DialectOverride$SQLUpdates)
20 Apr 2026 18:46:50,879 TRACE org.hibernate.models.internal.AnnotationDescriptorRegistryStandard 30 register - Registering AnnotationDescriptor - AnnotationDescriptor(org.hibernate.annotations.DialectOverride$SQLDeletes)
20 Apr 2026 18:46:50,879 TRACE org.hibernate.models.internal.AnnotationDescriptorRegistryStandard 30 register - Registering AnnotationDescriptor - AnnotationDescriptor(org.hibernate.annotations.DialectOverride$SQLDelete)
20 Apr 2026 18:46:50,879 TRACE org.hibernate.models.internal.AnnotationDescriptorRegistryStandard 34 register - Registering repeatable AnnotationDescriptor - AnnotationDescriptor(org.hibernate.annotations.DialectOverride$SQLDeletes)
20 Apr 2026 18:46:50,879 TRACE org.hibernate.models.internal.AnnotationDescriptorRegistryStandard 30 register - Registering AnnotationDescriptor - AnnotationDescriptor(org.hibernate.annotations.DialectOverride$SQLDeleteAlls)
20 Apr 2026 18:46:50,879 TRACE org.hibernate.models.internal.AnnotationDescriptorRegistryStandard 30 register - Registering AnnotationDescriptor - AnnotationDescriptor(org.hibernate.annotations.DialectOverride$SQLDeleteAll)
20 Apr 2026 18:46:50,879 TRACE org.hibernate.models.internal.AnnotationDescriptorRegistryStandard 34 register - Registering repeatable AnnotationDescriptor - AnnotationDescriptor(org.hibernate.annotations.DialectOverride$SQLDeleteAlls)
20 Apr 2026 18:46:50,879 TRACE org.hibernate.models.internal.AnnotationDescriptorRegistryStandard 30 register - Registering AnnotationDescriptor - AnnotationDescriptor(org.hibernate.annotations.DialectOverride$SQLOrders)
20 Apr 2026 18:46:50,879 TRACE org.hibernate.models.internal.AnnotationDescriptorRegistryStandard 30 register - Registering AnnotationDescriptor - AnnotationDescriptor(org.hibernate.annotations.DialectOverride$SQLOrder)
20 Apr 2026 18:46:50,879 TRACE org.hibernate.models.internal.AnnotationDescriptorRegistryStandard 34 register - Registering repeatable AnnotationDescriptor - AnnotationDescriptor(org.hibernate.annotations.DialectOverride$SQLOrders)
20 Apr 2026 18:46:50,879 TRACE org.hibernate.models.internal.AnnotationDescriptorRegistryStandard 30 register - Registering AnnotationDescriptor - AnnotationDescriptor(org.hibernate.annotations.DialectOverride$SQLRestrictions)
20 Apr 2026 18:46:50,879 TRACE org.hibernate.models.internal.AnnotationDescriptorRegistryStandard 30 register - Registering AnnotationDescriptor - AnnotationDescriptor(org.hibernate.annotations.DialectOverride$SQLRestriction)
20 Apr 2026 18:46:50,879 TRACE org.hibernate.models.internal.AnnotationDescriptorRegistryStandard 34 register - Registering repeatable AnnotationDescriptor - AnnotationDescriptor(org.hibernate.annotations.DialectOverride$SQLRestrictions)
20 Apr 2026 18:46:50,880 TRACE org.hibernate.models.internal.AnnotationDescriptorRegistryStandard 30 register - Registering AnnotationDescriptor - AnnotationDescriptor(org.hibernate.annotations.DialectOverride$SQLSelects)
20 Apr 2026 18:46:50,880 TRACE org.hibernate.models.internal.AnnotationDescriptorRegistryStandard 30 register - Registering AnnotationDescriptor - AnnotationDescriptor(org.hibernate.annotations.DialectOverride$SQLSelect)
20 Apr 2026 18:46:50,880 TRACE org.hibernate.models.internal.AnnotationDescriptorRegistryStandard 34 register - Registering repeatable AnnotationDescriptor - AnnotationDescriptor(org.hibernate.annotations.DialectOverride$SQLSelects)
20 Apr 2026 18:46:50,880 TRACE org.hibernate.models.internal.AnnotationDescriptorRegistryStandard 30 register - Registering AnnotationDescriptor - AnnotationDescriptor(org.hibernate.annotations.DialectOverride$Version)
20 Apr 2026 18:46:50,883 TRACE org.hibernate.models.internal.AnnotationDescriptorRegistryStandard 30 register - Registering AnnotationDescriptor - AnnotationDescriptor(org.hibernate.boot.internal.Abstract)
20 Apr 2026 18:46:50,883 TRACE org.hibernate.models.internal.AnnotationDescriptorRegistryStandard 30 register - Registering AnnotationDescriptor - AnnotationDescriptor(org.hibernate.boot.internal.AnyKeyType)
20 Apr 2026 18:46:50,883 TRACE org.hibernate.models.internal.AnnotationDescriptorRegistryStandard 30 register - Registering AnnotationDescriptor - AnnotationDescriptor(org.hibernate.boot.internal.CollectionClassification)
20 Apr 2026 18:46:50,883 TRACE org.hibernate.models.internal.AnnotationDescriptorRegistryStandard 30 register - Registering AnnotationDescriptor - AnnotationDescriptor(org.hibernate.boot.internal.Extends)
20 Apr 2026 18:46:50,883 TRACE org.hibernate.models.internal.AnnotationDescriptorRegistryStandard 30 register - Registering AnnotationDescriptor - AnnotationDescriptor(org.hibernate.boot.internal.Target)
20 Apr 2026 18:46:50,885 TRACE org.hibernate.service.internal.AbstractServiceRegistryImpl 231 initializeService - HHH010500: Initializing service: org.hibernate.boot.cfgxml.spi.CfgXmlAccessService
20 Apr 2026 18:46:50,887 TRACE org.hibernate.boot.internal.BootstrapContextImpl 318 injectScanEnvironment - HHH160224: Injecting ScanEnvironment [org.hibernate.jpa.boot.internal.StandardJpaScanEnvironmentImpl@7be60252] into BootstrapContext; was [null]
20 Apr 2026 18:46:50,887 TRACE org.hibernate.boot.internal.BootstrapContextImpl 311 injectScanOptions - HHH160223: Injecting ScanOptions [org.hibernate.boot.archive.scan.internal.StandardScanOptions@61ce377c] into BootstrapContext; was [org.hibernate.boot.archive.scan.internal.StandardScanOptions@79533109]
20 Apr 2026 18:46:50,894 DEBUG org.hibernate.boot.model.process.internal.ScanningCoordinator 201 getStandardScanner - HHH060002: No ScannerFactory available (to enable scanning add 'hibernate-scan-jandex' dependency or supply a custom ScannerFactory)
20 Apr 2026 18:46:50,902 TRACE org.hibernate.service.internal.AbstractServiceRegistryImpl 231 initializeService - HHH010500: Initializing service: org.hibernate.engine.jdbc.env.spi.JdbcEnvironment
20 Apr 2026 18:46:50,903 TRACE org.hibernate.service.internal.AbstractServiceRegistryImpl 231 initializeService - HHH010500: Initializing service: org.hibernate.engine.jdbc.dialect.spi.DialectFactory
20 Apr 2026 18:46:50,903 TRACE org.hibernate.service.internal.AbstractServiceRegistryImpl 231 initializeService - HHH010500: Initializing service: org.hibernate.engine.jdbc.dialect.spi.DialectResolver
20 Apr 2026 18:46:50,904 TRACE org.hibernate.service.internal.AbstractServiceRegistryImpl 231 initializeService - HHH010500: Initializing service: org.hibernate.engine.jdbc.connections.spi.MultiTenantConnectionProvider
20 Apr 2026 18:46:50,904 TRACE org.hibernate.service.internal.AbstractServiceRegistryImpl 231 initializeService - HHH010500: Initializing service: org.hibernate.engine.jdbc.connections.spi.ConnectionProvider
20 Apr 2026 18:46:50,904 TRACE org.hibernate.service.internal.AbstractServiceRegistryImpl 231 initializeService - HHH010500: Initializing service: org.hibernate.engine.jdbc.connections.spi.MultiTenantConnectionProvider
20 Apr 2026 18:46:50,904 INFO  org.hibernate.engine.jdbc.connections.internal.ConnectionProviderInitiator 124 instantiateNamedConnectionProvider - HHH102002: Instantiating explicit connection provider: org.hibernate.hikaricp.internal.HikariCPConnectionProvider
20 Apr 2026 18:46:50,906 DEBUG org.hibernate.hikaricp.internal.HikariCPConnectionProvider 72 configure - HHH10001012: Configuring connection pool [HikariCP]
20 Apr 2026 18:46:51,109 TRACE org.hibernate.service.internal.AbstractServiceRegistryImpl 231 initializeService - HHH010500: Initializing service: org.hibernate.resource.transaction.spi.TransactionCoordinatorBuilder
20 Apr 2026 18:46:51,113 TRACE org.hibernate.engine.jdbc.internal.JdbcCoordinatorImpl 82 <init> - HHH100002: Created JdbcCoordinator @647459152
20 Apr 2026 18:46:51,118 DEBUG org.hibernate.engine.jdbc.env.internal.JdbcEnvironmentInitiator 457 logDatabaseAndDriver - HHH100017: Database:
	name: PostgreSQL
	version: 18.0
	major: 18
	minor: 0
20 Apr 2026 18:46:51,118 DEBUG org.hibernate.engine.jdbc.env.internal.JdbcEnvironmentInitiator 463 logDatabaseAndDriver - HHH100018: Driver:
	name: PostgreSQL JDBC Driver
	version: 42.7.4
	major: 42
	minor: 7
	JDBC version: 4.2
20 Apr 2026 18:46:51,138 WARN  org.hibernate.engine.jdbc.dialect.internal.DialectFactoryImpl 152 constructDialect - HHH90000025: PostgreSQLDialect does not need to be specified explicitly using 'hibernate.dialect' (remove the property setting and it will be selected by default)
20 Apr 2026 18:46:51,138 DEBUG org.hibernate.engine.jdbc.dialect.internal.DialectFactoryImpl 93 logSelectedDialect - HHH035001: Using dialect: org.hibernate.dialect.PostgreSQLDialect, version: 18.0
20 Apr 2026 18:46:51,140 TRACE org.hibernate.engine.jdbc.env.spi.IdentifierHelperBuilder 106 applyIdentifierCasing - JDBC driver metadata reported database stores quoted identifiers in neither upper, lower nor mixed case
20 Apr 2026 18:46:51,149 DEBUG org.hibernate.engine.jdbc.env.internal.LobCreationHelper 57 getSupportedContextualLobTypes - HHH10010004: Disabling contextual LOB creation as Dialect reported it is not supported
20 Apr 2026 18:46:51,149 DEBUG org.hibernate.engine.jdbc.env.internal.JdbcEnvironmentImpl 379 logJdbcFetchSize - HHH100122: Using default JDBC fetch size: 0
20 Apr 2026 18:46:51,153 TRACE org.hibernate.engine.jdbc.internal.JdbcCoordinatorImpl 149 close - HHH100003: Closing JdbcCoordinator @647459152
20 Apr 2026 18:46:51,153 TRACE org.hibernate.resource.jdbc.internal.ResourceRegistryStandardImpl 298 releaseResources - HHH10002501: Releasing registered JDBC resources
20 Apr 2026 18:46:51,154 TRACE org.hibernate.resource.jdbc.internal.LogicalConnectionManagedImpl 262 close - HHH10003017: Closing logical connection @501531329
20 Apr 2026 18:46:51,154 TRACE org.hibernate.resource.jdbc.internal.LogicalConnectionManagedImpl 269 close - HHH10003018: Closed logical connection @501531329
20 Apr 2026 18:46:51,154 TRACE org.hibernate.service.internal.AbstractServiceRegistryImpl 231 initializeService - HHH010500: Initializing service: org.hibernate.engine.jdbc.connections.spi.MultiTenantConnectionProvider
20 Apr 2026 18:46:51,155 INFO  org.hibernate.engine.jdbc.env.internal.JdbcEnvironmentInitiator 179 logConnectionInfo - HHH10001005: Database info:
	Database JDBC URL [jdbc:postgresql://localhost:5432/BkDatabase]
	Database driver: org.postgresql.Driver
	Database dialect: PostgreSQLDialect
	Database version: 18.0
	Default catalog/schema: BkDatabase/public
	Autocommit mode: true
	Isolation level: READ_COMMITTED
	JDBC fetch size: none
	Pool: HikariCPConnectionProvider
	Minimum pool size: 5
	Maximum pool size: 10
20 Apr 2026 18:46:51,155 TRACE org.hibernate.service.internal.AbstractServiceRegistryImpl 231 initializeService - HHH010500: Initializing service: org.hibernate.engine.jdbc.spi.JdbcServices
20 Apr 2026 18:46:51,155 TRACE org.hibernate.service.internal.AbstractServiceRegistryImpl 231 initializeService - HHH010500: Initializing service: org.hibernate.engine.jdbc.spi.SqlStatementLogger
20 Apr 2026 18:46:51,155 TRACE org.hibernate.service.internal.AbstractServiceRegistryImpl 231 initializeService - HHH010500: Initializing service: org.hibernate.sql.ast.spi.ParameterMarkerStrategy
20 Apr 2026 18:46:51,213 TRACE org.hibernate.boot.model.relational.Namespace 59 <init> - HHH160181: Created database namespace [logicalName=Name[catalog=null, schema=null], physicalName=Name[catalog=null, schema=null]]
20 Apr 2026 18:46:51,223 TRACE org.hibernate.boot.model.internal.EntityBinder 227 bindEntityClass - HHH160175: Binding entity with annotated class: domain.User
20 Apr 2026 18:46:51,229 TRACE org.hibernate.boot.internal.InFlightMetadataCollectorImpl 881 addImport - HHH160155: Import: User -> domain.User
20 Apr 2026 18:46:51,229 TRACE org.hibernate.boot.internal.InFlightMetadataCollectorImpl 881 addImport - HHH160155: Import: domain.User -> domain.User
20 Apr 2026 18:46:51,236 TRACE org.hibernate.boot.model.internal.AnnotatedColumn 270 bind - HHH160141: Binding column: DTYPE
20 Apr 2026 18:46:51,248 TRACE org.hibernate.boot.model.internal.AnnotatedColumn 270 bind - HHH160141: Binding column: id
20 Apr 2026 18:46:51,264 TRACE org.hibernate.boot.model.internal.AnnotatedColumn 270 bind - HHH160141: Binding column: email
20 Apr 2026 18:46:51,265 TRACE org.hibernate.boot.model.internal.AnnotatedColumn 270 bind - HHH160141: Binding column: password
20 Apr 2026 18:46:51,265 TRACE org.hibernate.boot.model.internal.AnnotatedColumn 270 bind - HHH160141: Binding column: username
20 Apr 2026 18:46:51,280 TRACE org.hibernate.service.internal.AbstractServiceRegistryImpl 231 initializeService - HHH010500: Initializing service: org.hibernate.boot.spi.SessionFactoryBuilderService
20 Apr 2026 18:46:51,286 TRACE org.hibernate.service.internal.AbstractServiceRegistryImpl 231 initializeService - HHH010500: Initializing service: org.hibernate.engine.jdbc.connections.spi.MultiTenantConnectionProvider
20 Apr 2026 18:46:51,289 TRACE org.hibernate.service.internal.AbstractServiceRegistryImpl 231 initializeService - HHH010500: Initializing service: org.hibernate.bytecode.spi.BytecodeProvider
20 Apr 2026 18:46:51,437 TRACE org.hibernate.internal.SessionFactoryRegistry 54 <init> - Initializing SessionFactoryRegistry @35102782
20 Apr 2026 18:46:51,446 TRACE org.hibernate.internal.SessionFactoryImpl 213 <init> - Building session factory
20 Apr 2026 18:46:51,446 TRACE org.hibernate.service.internal.AbstractServiceRegistryImpl 231 initializeService - HHH010500: Initializing service: org.hibernate.service.spi.SessionFactoryServiceRegistryFactory
20 Apr 2026 18:46:51,450 TRACE org.hibernate.boot.internal.ClassLoaderAccessImpl 58 classForName - HHH160236: No temp ClassLoader provided; using live ClassLoader to load potentially unsafe class: domain.User
20 Apr 2026 18:46:51,472 DEBUG org.hibernate.internal.SessionFactoryImpl 230 <init> - HHH90020001: Instantiating factory [fd0c4265-3109-4d17-8d53-a25d297f6371] with settings: {java.specification.version=17, javafx.runtime.version=17.0.14+4, sun.cpu.isalist=amd64, sun.jnu.encoding=Cp1252, hibernate.dialect=org.hibernate.dialect.PostgreSQLDialect, java.class.path=D:\school\homework\ISS\BookClubReader\App\BookClubJavaFXVersion\build\classes\java\main;D:\school\homework\ISS\BookClubReader\App\BookClubJavaFXVersion\build\resources\main;C:\Users\PC\.gradle\caches\modules-2\files-2.1\org.apache.logging.log4j\log4j-slf4j-impl\2.25.3\4a173925524d8f6c3f39ae8954ee348e8244afd7\log4j-slf4j-impl-2.25.3.jar;C:\Users\PC\.gradle\caches\modules-2\files-2.1\org.apache.logging.log4j\log4j-core\2.25.3\dd9c8ecba5c8dc5e1574804d0bfdc1ef155ad9ea\log4j-core-2.25.3.jar;C:\Users\PC\.gradle\caches\modules-2\files-2.1\org.apache.logging.log4j\log4j-api\2.25.3\fb385330d89c2d61058ef649403f214633569205\log4j-api-2.25.3.jar;C:\Users\PC\.gradle\caches\modules-2\files-2.1\org.postgresql\postgresql\42.7.4\264310fd7b2cd76738787dc0b9f7ea2e3b11adc1\postgresql-42.7.4.jar;C:\Users\PC\.gradle\caches\modules-2\files-2.1\org.hibernate.orm\hibernate-hikaricp\7.3.1.Final\176877e6e3a20252300fba7f3c902076138a6899\hibernate-hikaricp-7.3.1.Final.jar;C:\Users\PC\.gradle\caches\modules-2\files-2.1\org.hibernate.orm\hibernate-core\7.3.1.Final\1415a8e09e3cebc37051948699f1be126c0de09\hibernate-core-7.3.1.Final.jar;C:\Users\PC\.gradle\caches\modules-2\files-2.1\jakarta.persistence\jakarta.persistence-api\3.2.0\bb75a113f3fa191c2c7ee7b206d8e674251b3129\jakarta.persistence-api-3.2.0.jar;C:\Users\PC\.gradle\caches\modules-2\files-2.1\jakarta.annotation\jakarta.annotation-api\3.0.0\54f928fadec906a99d558536756d171917b9d936\jakarta.annotation-api-3.0.0.jar;C:\Users\PC\.gradle\caches\modules-2\files-2.1\org.glassfish.jaxb\jaxb-runtime\4.0.6\fb95ebb62564657b2fedfe165b859789ef3a8711\jaxb-runtime-4.0.6.jar;C:\Users\PC\.gradle\caches\modules-2\files-2.1\org.glassfish.jaxb\jaxb-core\4.0.6\8e61282303777fc98a00cc3affd0560d68748a75\jaxb-core-4.0.6.jar;C:\Users\PC\.gradle\caches\modules-2\files-2.1\jakarta.xml.bind\jakarta.xml.bind-api\4.0.5\161811f36cad3c65991502e80317f2f6703361df\jakarta.xml.bind-api-4.0.5.jar;C:\Users\PC\.gradle\caches\modules-2\files-2.1\org.openjfx\javafx-fxml\17.0.14\7708376489abc90ccd101099ab4a927fd6cbc4ba\javafx-fxml-17.0.14-win.jar;C:\Users\PC\.gradle\caches\modules-2\files-2.1\org.openjfx\javafx-controls\17.0.14\772e2fc6d553a5c9f364ef582959100c749c1668\javafx-controls-17.0.14-win.jar;C:\Users\PC\.gradle\caches\modules-2\files-2.1\com.zaxxer\HikariCP\7.0.2\c2b43c946b86a14a96342379e22b004c56c6166d\HikariCP-7.0.2.jar;C:\Users\PC\.gradle\caches\modules-2\files-2.1\org.slf4j\slf4j-api\2.0.17\d9e58ac9c7779ba3bf8142aff6c830617a7fe60f\slf4j-api-2.0.17.jar;C:\Users\PC\.gradle\caches\modules-2\files-2.1\org.checkerframework\checker-qual\3.42.0\638ec33f363a94d41a4f03c3e7d3dcfba64e402d\checker-qual-3.42.0.jar;C:\Users\PC\.gradle\caches\modules-2\files-2.1\org.eclipse.angus\angus-activation\2.0.3\7f80607ea5014fef0b1779e6c33d63a88a45a563\angus-activation-2.0.3.jar;C:\Users\PC\.gradle\caches\modules-2\files-2.1\jakarta.activation\jakarta.activation-api\2.1.4\9e5c2a0d75dde71a0bedc4dbdbe47b78a5dc50f8\jakarta.activation-api-2.1.4.jar;C:\Users\PC\.gradle\caches\modules-2\files-2.1\org.openjfx\javafx-graphics\17.0.14\4f908540bb844bbc62be5d998ea26782c79d9beb\javafx-graphics-17.0.14-win.jar;C:\Users\PC\.gradle\caches\modules-2\files-2.1\jakarta.transaction\jakarta.transaction-api\2.0.1\51a520e3fae406abb84e2e1148e6746ce3f80a1a\jakarta.transaction-api-2.0.1.jar;C:\Users\PC\.gradle\caches\modules-2\files-2.1\org.hibernate.models\hibernate-models\1.1.1\c890a4cc781fd8720e0e2613b4a24b33cdaa80a1\hibernate-models-1.1.1.jar;C:\Users\PC\.gradle\caches\modules-2\files-2.1\org.jboss.logging\jboss-logging\3.6.3.Final\1cc9f976725720bb4a66f80af3e3aa6b9890d969\jboss-logging-3.6.3.Final.jar;C:\Users\PC\.gradle\caches\modules-2\files-2.1\net.bytebuddy\byte-buddy\1.18.8\88ca06016d190f5954569f9d113cd22c96788b0d\byte-buddy-1.18.8.jar;C:\Users\PC\.gradle\caches\modules-2\files-2.1\jakarta.inject\jakarta.inject-api\2.0.1\4c28afe1991a941d7702fe1362c365f0a8641d1e\jakarta.inject-api-2.0.1.jar;C:\Users\PC\.gradle\caches\modules-2\files-2.1\org.antlr\antlr4-runtime\4.13.2\fc3db6d844df652a3d5db31c87fa12757f13691d\antlr4-runtime-4.13.2.jar;C:\Users\PC\.gradle\caches\modules-2\files-2.1\org.openjfx\javafx-base\17.0.14\2d85dd1c4ed8206dae3749f167e6f43d4bb925d5\javafx-base-17.0.14-win.jar;C:\Users\PC\.gradle\caches\modules-2\files-2.1\org.glassfish.jaxb\txw2\4.0.6\4f4cd53b5ff9a2c5aa1211f15ed2569c57dfb044\txw2-4.0.6.jar;C:\Users\PC\.gradle\caches\modules-2\files-2.1\com.sun.istack\istack-commons-runtime\4.1.2\18ec117c85f3ba0ac65409136afa8e42bc74e739\istack-commons-runtime-4.1.2.jar, java.vm.vendor=Oracle Corporation, sun.arch.data.model=64, user.variant=, java.vendor.url=https://java.oracle.com/, user.timezone=Europe/Bucharest, javax.persistence.jdbc.user=****, javax.persistence.jdbc.url=jdbc:postgresql://localhost:5432/BkDatabase, java.vm.specification.version=17, os.name=Windows 11, javafx.version=17.0.14, hibernate.hikari.connectionTimeout=30000, jakarta.persistence.jdbc.password=****, user.country=US, sun.java.launcher=SUN_STANDARD, local.setting.IS_JTA_TXN_COORD=false, sun.boot.library.path=D:\school\tools\jdk\bin, sun.java.command=Main, hibernate.connection.provider_class=org.hibernate.hikaricp.internal.HikariCPConnectionProvider, jdk.debug=release, jakarta.persistence.jdbc.driver=org.postgresql.Driver, sun.cpu.endian=little, user.home=C:\Users\PC, user.language=en, java.specification.vendor=Oracle Corporation, java.version.date=2024-07-16, java.home=D:\school\tools\jdk, file.separator=\, java.vm.compressedOopsMode=Zero based, jakarta.persistence.jdbc.user=****, line.separator=
, hibernate.persistenceUnitName=myPersistenceUnit, hibernate.hikari.maxLifetime=1800000, java.vm.specification.vendor=Oracle Corporation, java.specification.name=Java Platform API Specification, hibernate.hikari.connectionTestQuery=SELECT 1, hibernate.transaction.coordinator_class=class org.hibernate.resource.transaction.backend.jdbc.internal.JdbcResourceLocalTransactionCoordinatorBuilderImpl, javax.persistence.jdbc.driver=org.postgresql.Driver, hibernate.hikari.maximumPoolSize=10, hibernate.hbm2ddl.auto=update, user.script=, sun.management.compiler=HotSpot 64-Bit Tiered Compilers, java.runtime.version=17.0.12+8-LTS-286, user.name=PC, path.separator=;, hibernate.connection.username=****, os.version=10.0, java.runtime.name=Java(TM) SE Runtime Environment, hibernate.connection.url=jdbc:postgresql://localhost:5432/BkDatabase, file.encoding=UTF-8, hibernate.hikari.minimumIdle=5, hibernate.hikari.idleTimeout=600000, java.vm.name=Java HotSpot(TM) 64-Bit Server VM, hibernate.connection.driver_class=org.postgresql.Driver, java.vendor.url.bug=https://bugreport.java.com/bugreport/, java.io.tmpdir=C:\Users\PC\AppData\Local\Temp\, java.version=17.0.12, user.dir=D:\school\homework\ISS\BookClubReader\App\BookClubJavaFXVersion, os.arch=amd64, java.vm.specification.name=Java Virtual Machine Specification, hibernate.connection.password=****, sun.os.patch.level=, jakarta.persistence.jdbc.url=jdbc:postgresql://localhost:5432/BkDatabase, hibernate.boot.CfgXmlAccessService.key=org.hibernate.boot.registry.StandardServiceRegistryBuilder$1@6aafc7d2, native.encoding=Cp1252, java.library.path=D:\school\tools\jdk\bin;C:\WINDOWS\Sun\Java\bin;C:\WINDOWS\system32;C:\WINDOWS;C:\Python314\Scripts\;C:\Python314\;C:\Program Files\Common Files\Oracle\Java\javapath;C:\WINDOWS\system32;C:\WINDOWS;C:\WINDOWS\System32\Wbem;C:\WINDOWS\System32\WindowsPowerShell\v1.0\;C:\WINDOWS\System32\OpenSSH\;C:\Program Files\dotnet\;C:\Program Files (x86)\Microsoft SQL Server\160\Tools\Binn\;C:\Program Files\Microsoft SQL Server\160\Tools\Binn\;C:\Program Files\Microsoft SQL Server\Client SDK\ODBC\170\Tools\Binn\;C:\Program Files\Microsoft SQL Server\160\DTS\Binn\;D:\school\tools\git\Git\cmd;D:\school\tools\swi_prolog\swipl\bin;D:\school\tools\putty\;D:\tools\nodeJs\;C:\ProgramData\chocolatey\bin;D:\school\tools\clisp-2.49-win32-mingw-big\clisp-2.49\clisp.exe;C:\Program Files (x86)\Microsoft SQL Server\170\Tools\Binn\;C:\Program Files\Microsoft SQL Server\170\Tools\Binn\;C:\Program Files\Microsoft SQL Server\Client SDK\ODBC\180\Tools\Binn\;C:\Program Files\Microsoft SQL Server\170\DTS\Binn\;C:\Users\PC\AppData\Local\Programs\Python\Launcher\;C:\Users\PC\AppData\Local\Microsoft\WindowsApps;D:\tools\PyCharm 2025.1.3.1\bin;;D:\tools\CLion 2025.1.4\bin;;D:\school\tools\intellij\IntelliJ IDEA 2025.2.2\bin;C:\Users\PC\AppData\Roaming\npm;D:\school\tools\clisp-2.49-win32-mingw-big\clisp-2.49\clisp.exe;D:\tools\rider\JetBrains Rider 2025.3.0.4\bin;C:\Users\PC\.dotnet\tools;C:\Users\PC\.dotnet\tools;D:\school\tools\tdm-gcc\bin;C:\Users\PC\AppData\Local\Microsoft\WinGet\Packages\Google.Protobuf_Microsoft.Winget.Source_8wekyb3d8bbwe\bin;;., java.vendor=Oracle Corporation, java.vm.info=mixed mode, sharing, java.vm.version=17.0.12+8-LTS-286, sun.io.unicode.encoding=UnicodeLittle, hibernate.hikari.autoCommit=true, javax.persistence.jdbc.password=****, java.class.version=61.0}
20 Apr 2026 18:46:51,472 TRACE org.hibernate.service.internal.AbstractServiceRegistryImpl 231 initializeService - HHH010500: Initializing service: org.hibernate.cache.spi.CacheImplementor
20 Apr 2026 18:46:51,476 TRACE org.hibernate.service.internal.AbstractServiceRegistryImpl 231 initializeService - HHH010500: Initializing service: org.hibernate.sql.results.jdbc.spi.JdbcValuesMappingProducerProvider
20 Apr 2026 18:46:51,545 DEBUG org.hibernate.query.internal.QueryEngineImpl 155 createFunctionRegistry - Available HQL Functions:
	abs(NUMERIC arg)
	Double acos(NUMERIC arg)
	Double acosh(NUMERIC arg)
	Boolean any(BOOLEAN predicate)
	array( ... )
	array_agg(arg)
	array_append( ... )
	array_concat( ... )
	Boolean array_contains(ARRAY haystackArray, OBJECT needleElementOrArray)
	Boolean array_contains_nullable(ARRAY haystackArray, OBJECT needleElementOrArray)
	array_fill(OBJECT element, INTEGER elementCount)
	array_fill_list(OBJECT element, INTEGER elementCount)
	array_get(ARRAY array, INTEGER index)
	Boolean array_includes(ARRAY haystackArray, OBJECT needleArray)
	Boolean array_includes_nullable(ARRAY haystackArray, OBJECT needleArray)
	Boolean array_intersects(ARRAY array0, OBJECT array1)
	Boolean array_intersects_nullable(ARRAY array0, OBJECT array1)
	Integer array_length(ARRAY array)
	array_list( ... )
	Boolean array_overlaps(ARRAY array0, OBJECT array1)
	Boolean array_overlaps_nullable(ARRAY array0, OBJECT array1)
	Integer array_position(ARRAY array, OBJECT element[, INTEGER startPosition])
	int[] array_positions(ARRAY array, OBJECT element)
	List array_positions_list(ARRAY array, OBJECT element)
	array_prepend( ... )
	array_remove( ... )
	array_remove_index( ... )
	array_replace(ARRAY array, OBJECT old, OBJECT new)
	array_reverse(ARRAY array)
	array_set( ... )
	array_slice(ARRAY array, INTEGER start, INTEGER end)
	array_sort(ARRAY array[, boolean descending[, boolean nulls_first]])
	String array_to_string( ... )
	array_trim(ARRAY array, INTEGER elementsToRemove)
	Integer ascii(STRING arg)
	Double asin(NUMERIC arg)
	Double asinh(NUMERIC arg)
	Double atan(NUMERIC arg)
	Double atan2(NUMERIC arg0, NUMERIC arg1)
	Double atanh(NUMERIC arg)
	avg(arg)
	bit_and(arg)
	Integer bit_length(STRING_OR_CLOB arg)
	bit_or(arg)
	bitand(arg0, arg1)
	bitnot(arg)
	bitor(arg0, arg1)
	bitxor(arg0, arg1)
	Boolean bool_and(BOOLEAN predicate)
	Boolean bool_or(BOOLEAN predicate)
	cast(arg as Type)
	Double cbrt(NUMERIC arg)
	ceiling(NUMERIC arg)
	Character char(INTEGER arg)
	Integer character_length(STRING_OR_CLOB arg)
	Character chr(INTEGER arg)
	coalesce(arg0[, arg1[, ...]])
	String collate(STRING string as COLLATION collation)
	(STRING string0[, STRING string1[, ...]])
	Double corr(NUMERIC arg0, NUMERIC arg1)
	Double cos(NUMERIC arg)
	Double cosh(NUMERIC arg)
	Double cot(NUMERIC arg)
	Long count([distinct ]{arg|*})
	Double covar_pop(NUMERIC arg0, NUMERIC arg1)
	Double covar_samp(NUMERIC arg0, NUMERIC arg1)
	Double cume_dist([arg0[, ...]])
	Date current date
	Date current time
	Date current timestamp
	Date current_date
	Instant current_instant
	Date current_time
	Date current_timestamp
	date_trunc(STRING field, TEMPORAL datetime)
	dateadd(TEMPORAL_UNIT field, INTEGER magnitude, TEMPORAL datetime)
	Long|Double datediff(TEMPORAL_UNIT field, TEMPORAL start, TEMPORAL end)
	Double degrees(NUMERIC arg)
	Long dense_rank([arg0[, ...]])
	Boolean every(BOOLEAN predicate)
	Double exp(NUMERIC arg)
	extract(TEMPORAL_UNIT field from TEMPORAL arg)
	first_valueANY value
	floor(NUMERIC arg)
	String format(TEMPORAL datetime as STRING pattern)
	greatest(COMPARABLE arg0, COMPARABLE arg1[, arg2[, ...]])
	String hex(arg)
	ifnull(arg0, arg1)
	String initcap(arg)
	String insert(STRING string, INTEGER start, INTEGER length, STRING replacement)
	Instant instant
	String json_array([arg0[, ...]])
	String json_array_append(IMPLICIT_JSON arg0, STRING arg1, ANY arg2)
	String json_array_insert(IMPLICIT_JSON arg0, STRING arg1, ANY arg2)
	String json_arrayagg(arg0[, arg1])
	Boolean json_exists(IMPLICIT_JSON arg0, STRING arg1)
	String json_insert(IMPLICIT_JSON arg0, STRING arg1, ANY arg2)
	String json_mergepatch(IMPLICIT_JSON arg0, IMPLICIT_JSON arg1[, arg2[, ...]])
	String json_object( ... )
	String json_objectagg(arg0, arg1[, arg2, arg3])
	String json_query( ... )
	String json_remove(IMPLICIT_JSON arg0, STRING arg1)
	String json_replace(IMPLICIT_JSON arg0, STRING arg1, ANY arg2)
	String json_set(IMPLICIT_JSON arg0, STRING arg1, ANY arg2)
	json_value( ... )
	lagANY value[, INTEGER offset[, ANY default]]
	last_valueANY value
	leadANY value[, INTEGER offset[, ANY default]]
	least(COMPARABLE arg0, COMPARABLE arg1[, arg2[, ...]])
	String left(STRING string, INTEGER length)
	length
	String listagg(STRING arg0, STRING arg1)
	Double ln(NUMERIC arg)
	LocalDate local date
	LocalDateTime local datetime
	LocalTime local time
	LocalDate local_date
	LocalDateTime local_datetime
	LocalTime local_time
	Date localtime
	Date localtimestamp
	Integer locate(STRING pattern, STRING string[, INTEGER start])
	Double log(NUMERIC arg0[, NUMERIC arg1])
	Double log10(NUMERIC arg)
	String lower(STRING string)
	String lpad(STRING string, INTEGER length[, STRING padding])
	String ltrim(STRING string[, STRING characters])
	Date make_date(INTEGER arg0, INTEGER arg1, INTEGER arg2)
	Date make_time(INTEGER arg0, INTEGER arg1, INTEGER arg2)
	Date make_timestamp(INTEGER arg0, INTEGER arg1, INTEGER arg2, INTEGER arg3, INTEGER arg4, INTEGER arg5)
	Date make_timestamptz(INTEGER arg0, INTEGER arg1, INTEGER arg2, INTEGER arg3, INTEGER arg4, INTEGER arg5[, INTEGER arg6])
	max(COMPARABLE arg)
	byte[] md5(arg)
	Double median(NUMERIC arg)
	min(COMPARABLE arg)
	Integer mod(INTEGER arg0, INTEGER arg1)
	mode()
	nth_valueANY value, INTEGER nth
	nullif(arg0, arg1)
	Integer octet_length(STRING_OR_CLOB arg)
	OffsetDateTime offset datetime
	OffsetDateTime offset_datetime
	Integer ordinal(ENUM arg)
	String overlay(string placing replacement from start[ for length])
	String pad(STRING string with INTEGER length {leading|trailing}[ STRING character])
	Double percent_rank([arg0[, ...]])
	percentile_cont(NUMERIC arg)
	percentile_disc(NUMERIC arg)
	Double pi
	Integer position(STRING pattern in STRING string)
	Double power(NUMERIC arg0, NUMERIC arg1)
	Double radians(NUMERIC arg)
	Long rank([arg0[, ...]])
	(STRING string, STRING pattern[, STRING flags])
	Double regr_avgx(NUMERIC arg0, NUMERIC arg1)
	Double regr_avgy(NUMERIC arg0, NUMERIC arg1)
	Double regr_count(NUMERIC arg0, NUMERIC arg1)
	Double regr_intercept(NUMERIC arg0, NUMERIC arg1)
	Double regr_r2(NUMERIC arg0, NUMERIC arg1)
	Double regr_slope(NUMERIC arg0, NUMERIC arg1)
	Double regr_sxx(NUMERIC arg0, NUMERIC arg1)
	Double regr_sxy(NUMERIC arg0, NUMERIC arg1)
	Double regr_syy(NUMERIC arg0, NUMERIC arg1)
	String repeat(STRING string, INTEGER times)
	String replace(STRING string, STRING pattern, STRING replacement)
	String reverse(STRING arg)
	String right(STRING string, INTEGER length)
	round(NUMERIC number[, INTEGER places])
	Long row_number()
	String rpad(STRING string, INTEGER length[, STRING padding])
	String rtrim(STRING string[, STRING characters])
	byte[] sha(arg)
	Integer sign(NUMERIC arg)
	Double sin(NUMERIC arg)
	Double sinh(NUMERIC arg)
	String soundex(arg)
	sql
	Double sqrt(NUMERIC arg)
	Double stddev(NUMERIC arg)
	Double stddev_pop(NUMERIC arg)
	Double stddev_samp(NUMERIC arg)
	String str(arg)
	String string(ENUM arg)
	String substr(STRING string, INTEGER start[, INTEGER length])
	String substring(STRING string{ from|,} INTEGER start[{ for|,} INTEGER length])
	sum(arg)
	Double tan(NUMERIC arg)
	Double tanh(NUMERIC arg)
	timestampadd(TEMPORAL_UNIT field, INTEGER magnitude, TEMPORAL datetime)
	Long|Double timestampdiff(TEMPORAL_UNIT field, TEMPORAL start, TEMPORAL end)
	String to_char(ANY arg0[, STRING arg1, STRING arg2])
	Date to_date(STRING arg0[, STRING arg1, STRING arg2])
	Double to_number(STRING arg0[, STRING arg1, STRING arg2])
	Date to_timestamp(STRING arg0[, STRING arg1, STRING arg2])
	String translate(STRING arg0, STRING arg1, STRING arg2)
	String trim([[{leading|trailing|both} ][STRING arg0 ]from] STRING arg1)
	trunc( ... )
	truncate( ... )
	String upper(STRING string)
	Double var_pop(NUMERIC arg)
	Double var_samp(NUMERIC arg)
	Double variance(NUMERIC arg)
	String xmlagg( ... )
	String xmlcomment(STRING arg)
	String xmlconcat( ... )
	String xmlelement( ... )
	Boolean xmlexists( ... )
	String xmlforest( ... )
	String xmlpi( ... )
	String xmlquery( ... )

20 Apr 2026 18:46:51,548 TRACE org.hibernate.query.internal.QueryInterpretationCacheStandardImpl 48 <init> - Starting query interpretation cache (size 2048)
20 Apr 2026 18:46:51,548 TRACE org.hibernate.service.internal.AbstractServiceRegistryImpl 231 initializeService - HHH010500: Initializing service: org.hibernate.internal.util.cache.InternalCacheFactory
20 Apr 2026 18:46:51,551 TRACE org.hibernate.service.internal.AbstractServiceRegistryImpl 231 initializeService - HHH010500: Initializing service: org.hibernate.engine.query.spi.NativeQueryInterpreter
20 Apr 2026 18:46:51,604 TRACE org.hibernate.service.internal.AbstractServiceRegistryImpl 231 initializeService - HHH010500: Initializing service: org.hibernate.persister.spi.PersisterFactory
20 Apr 2026 18:46:51,604 TRACE org.hibernate.service.internal.AbstractServiceRegistryImpl 231 initializeService - HHH010500: Initializing service: org.hibernate.persister.spi.PersisterClassResolver
20 Apr 2026 18:46:51,624 TRACE org.hibernate.boot.internal.ClassLoaderAccessImpl 58 classForName - HHH160236: No temp ClassLoader provided; using live ClassLoader to load potentially unsafe class: domain.User
20 Apr 2026 18:46:51,626 TRACE org.hibernate.service.internal.AbstractServiceRegistryImpl 231 initializeService - HHH010500: Initializing service: org.hibernate.property.access.spi.PropertyAccessStrategyResolver
20 Apr 2026 18:46:51,716 DEBUG org.hibernate.bytecode.internal.bytebuddy.BytecodeProviderImpl 211 getReflectionOptimizer - HHH000513: Unable to create the ReflectionOptimizer for [domain.User]: private accessor [email]
20 Apr 2026 18:46:51,766 TRACE org.hibernate.service.internal.AbstractServiceRegistryImpl 231 initializeService - HHH010500: Initializing service: org.hibernate.engine.jdbc.mutation.spi.MutationExecutorService
20 Apr 2026 18:46:51,823 TRACE org.hibernate.sql.results.graph.DomainResultGraphPrinter 64 visitDomainResults - DomainResult graph:
 \-EntityResultImpl [domain.User]
 |  +-BasicFetch [domain.User.email]
 |  +-BasicFetch [domain.User.password]
 |  \-BasicFetch [domain.User.username]

20 Apr 2026 18:46:51,825 TRACE org.hibernate.sql.ast.SqlTreePrinter 40 logSqlAst - SQL AST Tree:
    SelectStatement {
      FromClause {
        StandardTableGroup (u1: domain.User) {
          primaryTableReference: users as u1_0
        }
      }
    }

20 Apr 2026 18:46:51,833 TRACE org.hibernate.persister.entity.AbstractEntityPersister 2756 logStaticSQL - HHH90005101: Static SQL for entity: domain.User
20 Apr 2026 18:46:51,833 TRACE org.hibernate.persister.entity.AbstractEntityPersister 2761 logStaticSQL - HHH90005103:  Version select: select id from users where id=?
20 Apr 2026 18:46:51,833 TRACE org.hibernate.persister.entity.AbstractEntityPersister 2769 logStaticSQL - HHH90005104:  Insert (0): insert into users (email,password,username) values (?,?,?)
20 Apr 2026 18:46:51,833 TRACE org.hibernate.persister.entity.AbstractEntityPersister 2780 logStaticSQL - HHH90005105:  Update (0): update users set email=?,password=?,username=? where id=?
20 Apr 2026 18:46:51,833 TRACE org.hibernate.persister.entity.AbstractEntityPersister 2791 logStaticSQL - HHH90005106:  Delete (0): delete from users where id=?
20 Apr 2026 18:46:51,844 TRACE org.hibernate.metamodel.internal.MetadataContext 288 wrapUp - HHH90005701: Wrapping up metadata context...
20 Apr 2026 18:46:51,844 TRACE org.hibernate.metamodel.internal.MetadataContext 298 wrapUp - HHH90005702: Starting entity [domain.User]
20 Apr 2026 18:46:51,844 TRACE org.hibernate.metamodel.internal.AttributeFactory 165 buildIdAttribute - Building identifier attribute [domain.User.id]
20 Apr 2026 18:46:51,845 TRACE org.hibernate.metamodel.internal.AttributeFactory 422 determineAttributeMetadata - Starting attribute metadata determination [id]
20 Apr 2026 18:46:51,846 TRACE org.hibernate.metamodel.internal.AttributeFactory 425 determineAttributeMetadata - 	Member: private long domain.User.id
20 Apr 2026 18:46:51,846 TRACE org.hibernate.metamodel.internal.AttributeFactory 429 determineAttributeMetadata - 	Type: long [NamedBasicTypeImpl]
20 Apr 2026 18:46:51,848 TRACE org.hibernate.metamodel.internal.AttributeFactory 111 buildAttribute - Building attribute [domain.User.email]
20 Apr 2026 18:46:51,848 TRACE org.hibernate.metamodel.internal.AttributeFactory 422 determineAttributeMetadata - Starting attribute metadata determination [email]
20 Apr 2026 18:46:51,848 TRACE org.hibernate.metamodel.internal.AttributeFactory 425 determineAttributeMetadata - 	Member: private java.lang.String domain.User.email
20 Apr 2026 18:46:51,848 TRACE org.hibernate.metamodel.internal.AttributeFactory 429 determineAttributeMetadata - 	Type: string [NamedBasicTypeImpl]
20 Apr 2026 18:46:51,848 TRACE org.hibernate.metamodel.internal.AttributeFactory 111 buildAttribute - Building attribute [domain.User.password]
20 Apr 2026 18:46:51,848 TRACE org.hibernate.metamodel.internal.AttributeFactory 422 determineAttributeMetadata - Starting attribute metadata determination [password]
20 Apr 2026 18:46:51,848 TRACE org.hibernate.metamodel.internal.AttributeFactory 425 determineAttributeMetadata - 	Member: private java.lang.String domain.User.password
20 Apr 2026 18:46:51,848 TRACE org.hibernate.metamodel.internal.AttributeFactory 429 determineAttributeMetadata - 	Type: string [NamedBasicTypeImpl]
20 Apr 2026 18:46:51,848 TRACE org.hibernate.metamodel.internal.AttributeFactory 111 buildAttribute - Building attribute [domain.User.username]
20 Apr 2026 18:46:51,848 TRACE org.hibernate.metamodel.internal.AttributeFactory 422 determineAttributeMetadata - Starting attribute metadata determination [username]
20 Apr 2026 18:46:51,848 TRACE org.hibernate.metamodel.internal.AttributeFactory 425 determineAttributeMetadata - 	Member: private java.lang.String domain.User.username
20 Apr 2026 18:46:51,848 TRACE org.hibernate.metamodel.internal.AttributeFactory 429 determineAttributeMetadata - 	Type: string [NamedBasicTypeImpl]
20 Apr 2026 18:46:51,849 TRACE org.hibernate.metamodel.internal.MetadataContext 329 wrapUp - HHH90005703: Completed entity [domain.User]
20 Apr 2026 18:46:51,852 TRACE org.hibernate.service.internal.AbstractServiceRegistryImpl 231 initializeService - HHH010500: Initializing service: org.hibernate.engine.transaction.jta.platform.spi.JtaPlatform
20 Apr 2026 18:46:51,852 TRACE org.hibernate.engine.transaction.jta.platform.internal.JtaPlatformInitiator 42 initiateService - No JtaPlatform was specified, checking resolver
20 Apr 2026 18:46:51,852 TRACE org.hibernate.service.internal.AbstractServiceRegistryImpl 231 initializeService - HHH010500: Initializing service: org.hibernate.engine.transaction.jta.platform.spi.JtaPlatformResolver
20 Apr 2026 18:46:51,853 TRACE org.hibernate.engine.transaction.jta.platform.internal.JtaPlatformResolverInitiator 32 initiateService - No JtaPlatformResolver was specified, using default [org.hibernate.engine.transaction.jta.platform.internal.StandardJtaPlatformResolver]
20 Apr 2026 18:46:51,853 TRACE org.hibernate.engine.transaction.jta.platform.internal.StandardJtaPlatformResolver 91 resolveJtaPlatform - Could not resolve JtaPlatform, using default [org.hibernate.engine.transaction.jta.platform.internal.NoJtaPlatform]
20 Apr 2026 18:46:51,853 INFO  org.hibernate.engine.transaction.jta.platform.internal.JtaPlatformInitiator 53 initiateService - HHH000489: No JTA platform available (set 'hibernate.transaction.jta.platform' to enable JTA platform integration)
20 Apr 2026 18:46:51,855 TRACE org.hibernate.service.internal.AbstractServiceRegistryImpl 231 initializeService - HHH010500: Initializing service: org.hibernate.event.spi.EntityCopyObserverFactory
20 Apr 2026 18:46:51,855 TRACE org.hibernate.event.internal.EntityCopyObserverFactoryInitiator 40 initiateService - HHH90080100: Configured EntityCopyObserver strategy: disallow
20 Apr 2026 18:46:51,856 TRACE org.hibernate.service.internal.AbstractServiceRegistryImpl 231 initializeService - HHH010500: Initializing service: org.hibernate.engine.jdbc.batch.spi.BatchBuilder
20 Apr 2026 18:46:51,857 TRACE org.hibernate.engine.jdbc.batch.internal.BatchBuilderImpl 42 <init> - Using standard JDBC batch builder
20 Apr 2026 18:46:51,858 DEBUG org.hibernate.service.internal.SessionFactoryServiceRegistryImpl 102 getService - HHH010454: EventListenerRegistry access via ServiceRegistry is deprecated - use 'sessionFactory.getEventEngine().getListenerRegistry()' instead
20 Apr 2026 18:46:51,859 TRACE org.hibernate.query.internal.NamedObjectRepositoryImpl 316 checkNamedQueries - Checking 0 named HQL queries
20 Apr 2026 18:46:51,859 TRACE org.hibernate.query.internal.NamedObjectRepositoryImpl 336 checkNamedQueries - Checking 0 named SQL queries
20 Apr 2026 18:46:51,859 TRACE org.hibernate.service.internal.AbstractServiceRegistryImpl 231 initializeService - HHH010500: Initializing service: org.hibernate.tool.schema.spi.SchemaManagementTool
20 Apr 2026 18:46:51,863 TRACE org.hibernate.service.internal.AbstractServiceRegistryImpl 231 initializeService - HHH010500: Initializing service: org.hibernate.engine.jdbc.connections.spi.MultiTenantConnectionProvider
20 Apr 2026 18:46:51,889 DEBUG org.hibernate.tool.schema.internal.StandardTableMigrator 101 sqlAlterStrings - No alter strings for table: users
20 Apr 2026 18:46:51,890 TRACE org.hibernate.tool.schema.UniqueConstraintSchemaUpdateStrategy 48 interpret - Interpreting UniqueConstraintSchemaUpdateStrategy from setting: null
20 Apr 2026 18:46:51,890 TRACE org.hibernate.service.internal.AbstractServiceRegistryImpl 231 initializeService - HHH010500: Initializing service: org.hibernate.engine.jndi.spi.JndiService
20 Apr 2026 18:46:51,890 DEBUG org.hibernate.internal.SessionFactoryRegistry 86 addSessionFactory - HHH020384: Registering SessionFactory [fd0c4265-3109-4d17-8d53-a25d297f6371] (myPersistenceUnit)
20 Apr 2026 18:46:51,890 TRACE org.hibernate.internal.SessionFactoryRegistry 93 addSessionFactory - HHH020385: Not binding SessionFactory to JNDI, no JNDI name configured
20 Apr 2026 18:46:51,890 TRACE org.hibernate.internal.SessionFactoryImpl 337 <init> - Instantiated factory: fd0c4265-3109-4d17-8d53-a25d297f6371
20 Apr 2026 18:48:06,009 DEBUG org.jboss.logging.LoggerProviders 162 logProvider - Logging Provider: org.jboss.logging.Log4j2LoggerProvider
20 Apr 2026 18:48:06,011 TRACE org.hibernate.jpa.HibernatePersistenceProvider 52 createEntityManagerFactory - HHH008522: Starting createEntityManagerFactory for persistenceUnitName myPersistenceUnit
20 Apr 2026 18:48:06,011 TRACE org.hibernate.jpa.HibernatePersistenceProvider 98 getEntityManagerFactoryBuilderOrNull - HHH008524: Attempting to obtain correct EntityManagerFactoryBuilder for persistenceUnitName : myPersistenceUnit
20 Apr 2026 18:48:06,013 TRACE org.hibernate.jpa.boot.spi.PersistenceXmlParser 165 parsePersistenceXml - HHH008535: Attempting to parse persistence.xml file : file:/D:/school/homework/ISS/BookClubReader/App/BookClubJavaFXVersion/build/resources/main/META-INF/persistence.xml
20 Apr 2026 18:48:06,014 TRACE org.hibernate.boot.archive.internal.ArchiveHelper 94 getJarURLFromURLEntry - HHH160213: JAR URL from URL Entry: file:/D:/school/homework/ISS/BookClubReader/App/BookClubJavaFXVersion/build/resources/main/META-INF/persistence.xml >> file:/D:/school/homework/ISS/BookClubReader/App/BookClubJavaFXVersion/build/resources/main/
20 Apr 2026 18:48:06,147 TRACE org.hibernate.jpa.boot.spi.PersistenceXmlParser 190 bindPersistenceUnit - HHH008536: Persistence unit name from persistence.xml: 'myPersistenceUnit'
20 Apr 2026 18:48:06,148 TRACE org.hibernate.jpa.HibernatePersistenceProvider 101 getEntityManagerFactoryBuilderOrNull - HHH008525: Located and parsed 1 persistence units; checking each
20 Apr 2026 18:48:06,148 TRACE org.hibernate.jpa.HibernatePersistenceProvider 109 getEntityManagerFactoryBuilderOrNull - HHH008526: Checking persistence-unit [name=myPersistenceUnit, explicit-provider=null] against incoming persistence unit name [myPersistenceUnit]
20 Apr 2026 18:48:06,148 DEBUG org.hibernate.jpa.boot.spi.ProviderChecker 83 extractRequestedProviderName - HHH008545: No PersistenceProvider explicitly requested, assuming Hibernate
20 Apr 2026 18:48:06,149 TRACE org.hibernate.jpa.boot.spi.ProviderChecker 51 hibernateProviderNamesContain - HHH008542: Checking requested PersistenceProvider name [org.hibernate.jpa.HibernatePersistenceProvider] against Hibernate provider names
20 Apr 2026 18:48:06,152 DEBUG org.hibernate.jpa.internal.util.LogHelper 99 logPersistenceUnitInformation - HHH008541: PersistenceUnitInfo [
	name: myPersistenceUnit
	persistence provider classname: null
	classloader: null
	excludeUnlistedClasses: false
	JTA datasource: null
	Non JTA datasource: null
	Transaction type: RESOURCE_LOCAL
	PU root URL: file:/D:/school/homework/ISS/BookClubReader/App/BookClubJavaFXVersion/build/resources/main/
	Shared Cache Mode: null
	Validation Mode: null
	Jar files URLs []
	Managed classes names [
		domain.User]
	Mapping files names []
	Properties [
		hibernate.hikari.connectionTimeout: 30000
		hibernate.hikari.autoCommit: true
		hibernate.hikari.minimumIdle: 5
		jakarta.persistence.jdbc.password: 1234321
		hibernate.dialect: org.hibernate.dialect.PostgreSQLDialect
		hibernate.hikari.connectionTestQuery: SELECT 1
		jakarta.persistence.jdbc.driver: org.postgresql.Driver
		jakarta.persistence.jdbc.user: postgres
		jakarta.persistence.jdbc.url: jdbc:postgresql://localhost:5432/BkDatabase
		hibernate.hbm2ddl.auto: update
		hibernate.hikari.idleTimeout: 600000
		hibernate.connection.provider_class: org.hibernate.hikaricp.internal.HikariCPConnectionProvider
		hibernate.hikari.maxLifetime: 1800000
		hibernate.hikari.maximumPoolSize: 10]
20 Apr 2026 18:48:06,159 TRACE org.hibernate.boot.registry.selector.internal.StrategySelectorImpl 219 contributeImplementation - HHH160227: Strategy selector for TransactionCoordinatorBuilder: 'jdbc' -> org.hibernate.resource.transaction.backend.jdbc.internal.JdbcResourceLocalTransactionCoordinatorBuilderImpl
20 Apr 2026 18:48:06,160 TRACE org.hibernate.boot.registry.selector.internal.StrategySelectorImpl 219 contributeImplementation - HHH160227: Strategy selector for TransactionCoordinatorBuilder: 'jta' -> org.hibernate.resource.transaction.backend.jta.internal.JtaTransactionCoordinatorBuilderImpl
20 Apr 2026 18:48:06,160 TRACE org.hibernate.boot.registry.selector.internal.StrategySelectorImpl 219 contributeImplementation - HHH160227: Strategy selector for TransactionCoordinatorBuilder: 'org.hibernate.transaction.JDBCTransactionFactory' -> org.hibernate.resource.transaction.backend.jdbc.internal.JdbcResourceLocalTransactionCoordinatorBuilderImpl
20 Apr 2026 18:48:06,160 TRACE org.hibernate.boot.registry.selector.internal.StrategySelectorImpl 219 contributeImplementation - HHH160227: Strategy selector for TransactionCoordinatorBuilder: 'org.hibernate.transaction.JTATransactionFactory' -> org.hibernate.resource.transaction.backend.jta.internal.JtaTransactionCoordinatorBuilderImpl
20 Apr 2026 18:48:06,160 TRACE org.hibernate.boot.registry.selector.internal.StrategySelectorImpl 219 contributeImplementation - HHH160227: Strategy selector for TransactionCoordinatorBuilder: 'org.hibernate.transaction.CMTTransactionFactory' -> org.hibernate.resource.transaction.backend.jta.internal.JtaTransactionCoordinatorBuilderImpl
20 Apr 2026 18:48:06,161 TRACE org.hibernate.boot.registry.selector.internal.StrategySelectorImpl 219 contributeImplementation - HHH160227: Strategy selector for SqmMultiTableInsertStrategy: 'cte' -> org.hibernate.query.sqm.mutation.internal.cte.CteInsertStrategy
20 Apr 2026 18:48:06,161 TRACE org.hibernate.boot.registry.selector.internal.StrategySelectorImpl 219 contributeImplementation - HHH160227: Strategy selector for SqmMultiTableInsertStrategy: 'global_temporary' -> org.hibernate.query.sqm.mutation.internal.temptable.GlobalTemporaryTableInsertStrategy
20 Apr 2026 18:48:06,162 TRACE org.hibernate.boot.registry.selector.internal.StrategySelectorImpl 219 contributeImplementation - HHH160227: Strategy selector for SqmMultiTableInsertStrategy: 'local_temporary' -> org.hibernate.query.sqm.mutation.internal.temptable.LocalTemporaryTableInsertStrategy
20 Apr 2026 18:48:06,162 TRACE org.hibernate.boot.registry.selector.internal.StrategySelectorImpl 219 contributeImplementation - HHH160227: Strategy selector for SqmMultiTableInsertStrategy: 'persistent' -> org.hibernate.query.sqm.mutation.internal.temptable.PersistentTableInsertStrategy
20 Apr 2026 18:48:06,163 TRACE org.hibernate.boot.registry.selector.internal.StrategySelectorImpl 219 contributeImplementation - HHH160227: Strategy selector for SqmMultiTableMutationStrategy: 'cte' -> org.hibernate.query.sqm.mutation.internal.cte.CteMutationStrategy
20 Apr 2026 18:48:06,163 TRACE org.hibernate.boot.registry.selector.internal.StrategySelectorImpl 219 contributeImplementation - HHH160227: Strategy selector for SqmMultiTableMutationStrategy: 'global_temporary' -> org.hibernate.query.sqm.mutation.internal.temptable.GlobalTemporaryTableMutationStrategy
20 Apr 2026 18:48:06,163 TRACE org.hibernate.boot.registry.selector.internal.StrategySelectorImpl 219 contributeImplementation - HHH160227: Strategy selector for SqmMultiTableMutationStrategy: 'local_temporary' -> org.hibernate.query.sqm.mutation.internal.temptable.LocalTemporaryTableMutationStrategy
20 Apr 2026 18:48:06,164 TRACE org.hibernate.boot.registry.selector.internal.StrategySelectorImpl 219 contributeImplementation - HHH160227: Strategy selector for SqmMultiTableMutationStrategy: 'persistent' -> org.hibernate.query.sqm.mutation.internal.temptable.PersistentTableMutationStrategy
20 Apr 2026 18:48:06,164 TRACE org.hibernate.boot.registry.selector.internal.StrategySelectorImpl 219 contributeImplementation - HHH160227: Strategy selector for ImplicitNamingStrategy: 'default' -> org.hibernate.boot.model.naming.ImplicitNamingStrategyJpaCompliantImpl
20 Apr 2026 18:48:06,164 TRACE org.hibernate.boot.registry.selector.internal.StrategySelectorImpl 219 contributeImplementation - HHH160227: Strategy selector for ImplicitNamingStrategy: 'jpa' -> org.hibernate.boot.model.naming.ImplicitNamingStrategyJpaCompliantImpl
20 Apr 2026 18:48:06,165 TRACE org.hibernate.boot.registry.selector.internal.StrategySelectorImpl 219 contributeImplementation - HHH160227: Strategy selector for ImplicitNamingStrategy: 'legacy-jpa' -> org.hibernate.boot.model.naming.ImplicitNamingStrategyLegacyJpaImpl
20 Apr 2026 18:48:06,165 TRACE org.hibernate.boot.registry.selector.internal.StrategySelectorImpl 219 contributeImplementation - HHH160227: Strategy selector for ImplicitNamingStrategy: 'legacy-hbm' -> org.hibernate.boot.model.naming.ImplicitNamingStrategyLegacyHbmImpl
20 Apr 2026 18:48:06,166 TRACE org.hibernate.boot.registry.selector.internal.StrategySelectorImpl 219 contributeImplementation - HHH160227: Strategy selector for ImplicitNamingStrategy: 'component-path' -> org.hibernate.boot.model.naming.ImplicitNamingStrategyComponentPathImpl
20 Apr 2026 18:48:06,166 TRACE org.hibernate.boot.registry.selector.internal.StrategySelectorImpl 219 contributeImplementation - HHH160227: Strategy selector for ImplicitDatabaseObjectNamingStrategy: 'standard' -> org.hibernate.id.enhanced.StandardNamingStrategy
20 Apr 2026 18:48:06,166 TRACE org.hibernate.boot.registry.selector.internal.StrategySelectorImpl 219 contributeImplementation - HHH160227: Strategy selector for ImplicitDatabaseObjectNamingStrategy: 'single' -> org.hibernate.id.enhanced.SingleNamingStrategy
20 Apr 2026 18:48:06,167 TRACE org.hibernate.boot.registry.selector.internal.StrategySelectorImpl 219 contributeImplementation - HHH160227: Strategy selector for ImplicitDatabaseObjectNamingStrategy: 'legacy' -> org.hibernate.id.enhanced.LegacyNamingStrategy
20 Apr 2026 18:48:06,167 TRACE org.hibernate.boot.registry.selector.internal.StrategySelectorImpl 219 contributeImplementation - HHH160227: Strategy selector for ColumnOrderingStrategy: 'default' -> org.hibernate.boot.model.relational.ColumnOrderingStrategyStandard
20 Apr 2026 18:48:06,168 TRACE org.hibernate.boot.registry.selector.internal.StrategySelectorImpl 219 contributeImplementation - HHH160227: Strategy selector for ColumnOrderingStrategy: 'legacy' -> org.hibernate.boot.model.relational.ColumnOrderingStrategyLegacy
20 Apr 2026 18:48:06,168 TRACE org.hibernate.boot.registry.selector.internal.StrategySelectorImpl 219 contributeImplementation - HHH160227: Strategy selector for CacheKeysFactory: 'default' -> org.hibernate.cache.internal.DefaultCacheKeysFactory
20 Apr 2026 18:48:06,168 TRACE org.hibernate.boot.registry.selector.internal.StrategySelectorImpl 219 contributeImplementation - HHH160227: Strategy selector for CacheKeysFactory: 'simple' -> org.hibernate.cache.internal.SimpleCacheKeysFactory
20 Apr 2026 18:48:06,169 TRACE org.hibernate.boot.registry.selector.internal.StrategySelectorImpl 219 contributeImplementation - HHH160227: Strategy selector for FormatMapper: 'jsonb' -> org.hibernate.type.format.jakartajson.JsonBJsonFormatMapper
20 Apr 2026 18:48:06,169 TRACE org.hibernate.boot.registry.selector.internal.StrategySelectorImpl 219 contributeImplementation - HHH160227: Strategy selector for FormatMapper: 'jackson' -> org.hibernate.type.format.jackson.JacksonJsonFormatMapper
20 Apr 2026 18:48:06,170 TRACE org.hibernate.boot.registry.selector.internal.StrategySelectorImpl 219 contributeImplementation - HHH160227: Strategy selector for FormatMapper: 'jackson3' -> org.hibernate.type.format.jackson.Jackson3JsonFormatMapper
20 Apr 2026 18:48:06,170 TRACE org.hibernate.boot.registry.selector.internal.StrategySelectorImpl 219 contributeImplementation - HHH160227: Strategy selector for FormatMapper: 'jackson-xml' -> org.hibernate.type.format.jackson.JacksonXmlFormatMapper
20 Apr 2026 18:48:06,171 TRACE org.hibernate.boot.registry.selector.internal.StrategySelectorImpl 219 contributeImplementation - HHH160227: Strategy selector for FormatMapper: 'jackson3-xml' -> org.hibernate.type.format.jackson.Jackson3XmlFormatMapper
20 Apr 2026 18:48:06,171 TRACE org.hibernate.boot.registry.selector.internal.StrategySelectorImpl 219 contributeImplementation - HHH160227: Strategy selector for FormatMapper: 'jaxb' -> org.hibernate.type.format.jaxb.JaxbXmlFormatMapper
20 Apr 2026 18:48:06,175 TRACE org.hibernate.boot.registry.selector.internal.StrategySelectorImpl 219 contributeImplementation - HHH160227: Strategy selector for ConnectionProvider: 'hikari' -> org.hibernate.hikaricp.internal.HikariCPConnectionProvider
20 Apr 2026 18:48:06,175 TRACE org.hibernate.boot.registry.selector.internal.StrategySelectorImpl 219 contributeImplementation - HHH160227: Strategy selector for ConnectionProvider: 'hikaricp' -> org.hibernate.hikaricp.internal.HikariCPConnectionProvider
20 Apr 2026 18:48:06,175 TRACE org.hibernate.boot.registry.selector.internal.StrategySelectorImpl 219 contributeImplementation - HHH160227: Strategy selector for ConnectionProvider: 'HikariCPConnectionProvider' -> org.hibernate.hikaricp.internal.HikariCPConnectionProvider
20 Apr 2026 18:48:06,175 TRACE org.hibernate.boot.registry.selector.internal.StrategySelectorImpl 219 contributeImplementation - HHH160227: Strategy selector for ConnectionProvider: 'org.hibernate.connection.HikariCPConnectionProvider' -> org.hibernate.hikaricp.internal.HikariCPConnectionProvider
20 Apr 2026 18:48:06,177 DEBUG org.hibernate.integrator.internal.IntegratorServiceImpl 41 addIntegrator - HHH010455: Adding integrator: org.hibernate.boot.beanvalidation.BeanValidationIntegrator
20 Apr 2026 18:48:06,179 DEBUG org.hibernate.integrator.internal.IntegratorServiceImpl 41 addIntegrator - HHH010455: Adding integrator: org.hibernate.cache.internal.CollectionCacheInvalidator
20 Apr 2026 18:48:06,199 INFO  org.hibernate.Version 41 logVersion - HHH000001: Hibernate ORM core version 7.3.1.Final
20 Apr 2026 18:48:06,200 DEBUG org.hibernate.cfg.Environment 155 <clinit> - HHH000206: 'hibernate.properties' not found
20 Apr 2026 18:48:06,210 TRACE org.hibernate.service.internal.AbstractServiceRegistryImpl 231 initializeService - HHH010500: Initializing service: org.hibernate.engine.config.spi.ConfigurationService
20 Apr 2026 18:48:06,215 TRACE org.hibernate.service.internal.AbstractServiceRegistryImpl 231 initializeService - HHH010500: Initializing service: org.hibernate.engine.jdbc.connections.spi.MultiTenantConnectionProvider
20 Apr 2026 18:48:06,216 TRACE org.hibernate.service.internal.AbstractServiceRegistryImpl 231 initializeService - HHH010500: Initializing service: org.hibernate.cache.spi.RegionFactory
20 Apr 2026 18:48:06,218 DEBUG org.hibernate.cache.internal.RegionFactoryInitiator 116 resolveRegionFactory - HHH90001031: Cannot default RegionFactory since no RegionFactory strategies were registered
20 Apr 2026 18:48:06,218 DEBUG org.hibernate.cache.internal.RegionFactoryInitiator 46 initiateService - HHH90001029: Second-level cache disabled
20 Apr 2026 18:48:06,357 TRACE org.hibernate.service.internal.AbstractServiceRegistryImpl 231 initializeService - HHH010500: Initializing service: org.hibernate.resource.beans.spi.ManagedBeanRegistry
20 Apr 2026 18:48:06,398 TRACE org.hibernate.models.internal.AnnotationDescriptorRegistryStandard 30 register - Registering AnnotationDescriptor - AnnotationDescriptor(jakarta.persistence.Access)
20 Apr 2026 18:48:06,399 TRACE org.hibernate.models.internal.AnnotationDescriptorRegistryStandard 30 register - Registering AnnotationDescriptor - AnnotationDescriptor(jakarta.persistence.AssociationOverrides)
20 Apr 2026 18:48:06,399 TRACE org.hibernate.models.internal.AnnotationDescriptorRegistryStandard 30 register - Registering AnnotationDescriptor - AnnotationDescriptor(jakarta.persistence.AssociationOverride)
20 Apr 2026 18:48:06,399 TRACE org.hibernate.models.internal.AnnotationDescriptorRegistryStandard 34 register - Registering repeatable AnnotationDescriptor - AnnotationDescriptor(jakarta.persistence.AssociationOverrides)
20 Apr 2026 18:48:06,399 TRACE org.hibernate.models.internal.AnnotationDescriptorRegistryStandard 30 register - Registering AnnotationDescriptor - AnnotationDescriptor(jakarta.persistence.AttributeOverrides)
20 Apr 2026 18:48:06,399 TRACE org.hibernate.models.internal.AnnotationDescriptorRegistryStandard 30 register - Registering AnnotationDescriptor - AnnotationDescriptor(jakarta.persistence.AttributeOverride)
20 Apr 2026 18:48:06,399 TRACE org.hibernate.models.internal.AnnotationDescriptorRegistryStandard 34 register - Registering repeatable AnnotationDescriptor - AnnotationDescriptor(jakarta.persistence.AttributeOverrides)
20 Apr 2026 18:48:06,399 TRACE org.hibernate.models.internal.AnnotationDescriptorRegistryStandard 30 register - Registering AnnotationDescriptor - AnnotationDescriptor(jakarta.persistence.Basic)
20 Apr 2026 18:48:06,400 TRACE org.hibernate.models.internal.AnnotationDescriptorRegistryStandard 30 register - Registering AnnotationDescriptor - AnnotationDescriptor(jakarta.persistence.Cacheable)
20 Apr 2026 18:48:06,400 TRACE org.hibernate.models.internal.AnnotationDescriptorRegistryStandard 30 register - Registering AnnotationDescriptor - AnnotationDescriptor(jakarta.persistence.CheckConstraint)
20 Apr 2026 18:48:06,400 TRACE org.hibernate.models.internal.AnnotationDescriptorRegistryStandard 30 register - Registering AnnotationDescriptor - AnnotationDescriptor(jakarta.persistence.CollectionTable)
20 Apr 2026 18:48:06,400 TRACE org.hibernate.models.internal.AnnotationDescriptorRegistryStandard 30 register - Registering AnnotationDescriptor - AnnotationDescriptor(jakarta.persistence.Column)
20 Apr 2026 18:48:06,400 TRACE org.hibernate.models.internal.AnnotationDescriptorRegistryStandard 30 register - Registering AnnotationDescriptor - AnnotationDescriptor(jakarta.persistence.ColumnResult)
20 Apr 2026 18:48:06,400 TRACE org.hibernate.models.internal.AnnotationDescriptorRegistryStandard 30 register - Registering AnnotationDescriptor - AnnotationDescriptor(jakarta.persistence.ConstructorResult)
20 Apr 2026 18:48:06,400 TRACE org.hibernate.models.internal.AnnotationDescriptorRegistryStandard 30 register - Registering AnnotationDescriptor - AnnotationDescriptor(jakarta.persistence.Converts)
20 Apr 2026 18:48:06,400 TRACE org.hibernate.models.internal.AnnotationDescriptorRegistryStandard 30 register - Registering AnnotationDescriptor - AnnotationDescriptor(jakarta.persistence.Convert)
20 Apr 2026 18:48:06,400 TRACE org.hibernate.models.internal.AnnotationDescriptorRegistryStandard 34 register - Registering repeatable AnnotationDescriptor - AnnotationDescriptor(jakarta.persistence.Converts)
20 Apr 2026 18:48:06,400 TRACE org.hibernate.models.internal.AnnotationDescriptorRegistryStandard 30 register - Registering AnnotationDescriptor - AnnotationDescriptor(jakarta.persistence.Converter)
20 Apr 2026 18:48:06,401 TRACE org.hibernate.models.internal.AnnotationDescriptorRegistryStandard 30 register - Registering AnnotationDescriptor - AnnotationDescriptor(jakarta.persistence.DiscriminatorColumn)
20 Apr 2026 18:48:06,401 TRACE org.hibernate.models.internal.AnnotationDescriptorRegistryStandard 30 register - Registering AnnotationDescriptor - AnnotationDescriptor(jakarta.persistence.DiscriminatorValue)
20 Apr 2026 18:48:06,401 TRACE org.hibernate.models.internal.AnnotationDescriptorRegistryStandard 30 register - Registering AnnotationDescriptor - AnnotationDescriptor(jakarta.persistence.ElementCollection)
20 Apr 2026 18:48:06,401 TRACE org.hibernate.models.internal.AnnotationDescriptorRegistryStandard 30 register - Registering AnnotationDescriptor - AnnotationDescriptor(jakarta.persistence.Embeddable)
20 Apr 2026 18:48:06,401 TRACE org.hibernate.models.internal.AnnotationDescriptorRegistryStandard 30 register - Registering AnnotationDescriptor - AnnotationDescriptor(jakarta.persistence.Embedded)
20 Apr 2026 18:48:06,401 TRACE org.hibernate.models.internal.AnnotationDescriptorRegistryStandard 30 register - Registering AnnotationDescriptor - AnnotationDescriptor(jakarta.persistence.EmbeddedId)
20 Apr 2026 18:48:06,401 TRACE org.hibernate.models.internal.AnnotationDescriptorRegistryStandard 30 register - Registering AnnotationDescriptor - AnnotationDescriptor(jakarta.persistence.Entity)
20 Apr 2026 18:48:06,401 TRACE org.hibernate.models.internal.AnnotationDescriptorRegistryStandard 30 register - Registering AnnotationDescriptor - AnnotationDescriptor(jakarta.persistence.EntityListeners)
20 Apr 2026 18:48:06,401 TRACE org.hibernate.models.internal.AnnotationDescriptorRegistryStandard 30 register - Registering AnnotationDescriptor - AnnotationDescriptor(jakarta.persistence.EntityResult)
20 Apr 2026 18:48:06,401 TRACE org.hibernate.models.internal.AnnotationDescriptorRegistryStandard 30 register - Registering AnnotationDescriptor - AnnotationDescriptor(jakarta.persistence.Enumerated)
20 Apr 2026 18:48:06,401 TRACE org.hibernate.models.internal.AnnotationDescriptorRegistryStandard 30 register - Registering AnnotationDescriptor - AnnotationDescriptor(jakarta.persistence.EnumeratedValue)
20 Apr 2026 18:48:06,401 TRACE org.hibernate.models.internal.AnnotationDescriptorRegistryStandard 30 register - Registering AnnotationDescriptor - AnnotationDescriptor(jakarta.persistence.ExcludeDefaultListeners)
20 Apr 2026 18:48:06,402 TRACE org.hibernate.models.internal.AnnotationDescriptorRegistryStandard 30 register - Registering AnnotationDescriptor - AnnotationDescriptor(jakarta.persistence.ExcludeSuperclassListeners)
20 Apr 2026 18:48:06,402 TRACE org.hibernate.models.internal.AnnotationDescriptorRegistryStandard 30 register - Registering AnnotationDescriptor - AnnotationDescriptor(jakarta.persistence.FieldResult)
20 Apr 2026 18:48:06,402 TRACE org.hibernate.models.internal.AnnotationDescriptorRegistryStandard 30 register - Registering AnnotationDescriptor - AnnotationDescriptor(jakarta.persistence.ForeignKey)
20 Apr 2026 18:48:06,402 TRACE org.hibernate.models.internal.AnnotationDescriptorRegistryStandard 30 register - Registering AnnotationDescriptor - AnnotationDescriptor(jakarta.persistence.GeneratedValue)
20 Apr 2026 18:48:06,402 TRACE org.hibernate.models.internal.AnnotationDescriptorRegistryStandard 30 register - Registering AnnotationDescriptor - AnnotationDescriptor(jakarta.persistence.Id)
20 Apr 2026 18:48:06,402 TRACE org.hibernate.models.internal.AnnotationDescriptorRegistryStandard 30 register - Registering AnnotationDescriptor - AnnotationDescriptor(jakarta.persistence.IdClass)
20 Apr 2026 18:48:06,402 TRACE org.hibernate.models.internal.AnnotationDescriptorRegistryStandard 30 register - Registering AnnotationDescriptor - AnnotationDescriptor(jakarta.persistence.Index)
20 Apr 2026 18:48:06,402 TRACE org.hibernate.models.internal.AnnotationDescriptorRegistryStandard 30 register - Registering AnnotationDescriptor - AnnotationDescriptor(jakarta.persistence.Inheritance)
20 Apr 2026 18:48:06,402 TRACE org.hibernate.models.internal.AnnotationDescriptorRegistryStandard 30 register - Registering AnnotationDescriptor - AnnotationDescriptor(jakarta.persistence.JoinColumns)
20 Apr 2026 18:48:06,402 TRACE org.hibernate.models.internal.AnnotationDescriptorRegistryStandard 30 register - Registering AnnotationDescriptor - AnnotationDescriptor(jakarta.persistence.JoinColumn)
20 Apr 2026 18:48:06,403 TRACE org.hibernate.models.internal.AnnotationDescriptorRegistryStandard 34 register - Registering repeatable AnnotationDescriptor - AnnotationDescriptor(jakarta.persistence.JoinColumns)
20 Apr 2026 18:48:06,403 TRACE org.hibernate.models.internal.AnnotationDescriptorRegistryStandard 30 register - Registering AnnotationDescriptor - AnnotationDescriptor(jakarta.persistence.JoinTable)
20 Apr 2026 18:48:06,403 TRACE org.hibernate.models.internal.AnnotationDescriptorRegistryStandard 30 register - Registering AnnotationDescriptor - AnnotationDescriptor(jakarta.persistence.Lob)
20 Apr 2026 18:48:06,403 TRACE org.hibernate.models.internal.AnnotationDescriptorRegistryStandard 30 register - Registering AnnotationDescriptor - AnnotationDescriptor(jakarta.persistence.ManyToMany)
20 Apr 2026 18:48:06,403 TRACE org.hibernate.models.internal.AnnotationDescriptorRegistryStandard 30 register - Registering AnnotationDescriptor - AnnotationDescriptor(jakarta.persistence.ManyToOne)
20 Apr 2026 18:48:06,403 TRACE org.hibernate.models.internal.AnnotationDescriptorRegistryStandard 30 register - Registering AnnotationDescriptor - AnnotationDescriptor(jakarta.persistence.MapKey)
20 Apr 2026 18:48:06,403 TRACE org.hibernate.models.internal.AnnotationDescriptorRegistryStandard 30 register - Registering AnnotationDescriptor - AnnotationDescriptor(jakarta.persistence.MapKeyClass)
20 Apr 2026 18:48:06,403 TRACE org.hibernate.models.internal.AnnotationDescriptorRegistryStandard 30 register - Registering AnnotationDescriptor - AnnotationDescriptor(jakarta.persistence.MapKeyColumn)
20 Apr 2026 18:48:06,403 TRACE org.hibernate.models.internal.AnnotationDescriptorRegistryStandard 30 register - Registering AnnotationDescriptor - AnnotationDescriptor(jakarta.persistence.MapKeyEnumerated)
20 Apr 2026 18:48:06,403 TRACE org.hibernate.models.internal.AnnotationDescriptorRegistryStandard 30 register - Registering AnnotationDescriptor - AnnotationDescriptor(jakarta.persistence.MapKeyJoinColumns)
20 Apr 2026 18:48:06,403 TRACE org.hibernate.models.internal.AnnotationDescriptorRegistryStandard 30 register - Registering AnnotationDescriptor - AnnotationDescriptor(jakarta.persistence.MapKeyJoinColumn)
20 Apr 2026 18:48:06,403 TRACE org.hibernate.models.internal.AnnotationDescriptorRegistryStandard 34 register - Registering repeatable AnnotationDescriptor - AnnotationDescriptor(jakarta.persistence.MapKeyJoinColumns)
20 Apr 2026 18:48:06,403 TRACE org.hibernate.models.internal.AnnotationDescriptorRegistryStandard 30 register - Registering AnnotationDescriptor - AnnotationDescriptor(jakarta.persistence.MapKeyTemporal)
20 Apr 2026 18:48:06,404 TRACE org.hibernate.models.internal.AnnotationDescriptorRegistryStandard 30 register - Registering AnnotationDescriptor - AnnotationDescriptor(jakarta.persistence.MappedSuperclass)
20 Apr 2026 18:48:06,404 TRACE org.hibernate.models.internal.AnnotationDescriptorRegistryStandard 30 register - Registering AnnotationDescriptor - AnnotationDescriptor(jakarta.persistence.MapsId)
20 Apr 2026 18:48:06,404 TRACE org.hibernate.models.internal.AnnotationDescriptorRegistryStandard 30 register - Registering AnnotationDescriptor - AnnotationDescriptor(jakarta.persistence.NamedAttributeNode)
20 Apr 2026 18:48:06,404 TRACE org.hibernate.models.internal.AnnotationDescriptorRegistryStandard 30 register - Registering AnnotationDescriptor - AnnotationDescriptor(jakarta.persistence.NamedEntityGraphs)
20 Apr 2026 18:48:06,404 TRACE org.hibernate.models.internal.AnnotationDescriptorRegistryStandard 30 register - Registering AnnotationDescriptor - AnnotationDescriptor(jakarta.persistence.NamedEntityGraph)
20 Apr 2026 18:48:06,404 TRACE org.hibernate.models.internal.AnnotationDescriptorRegistryStandard 34 register - Registering repeatable AnnotationDescriptor - AnnotationDescriptor(jakarta.persistence.NamedEntityGraphs)
20 Apr 2026 18:48:06,404 TRACE org.hibernate.models.internal.AnnotationDescriptorRegistryStandard 30 register - Registering AnnotationDescriptor - AnnotationDescriptor(jakarta.persistence.NamedNativeQueries)
20 Apr 2026 18:48:06,404 TRACE org.hibernate.models.internal.AnnotationDescriptorRegistryStandard 30 register - Registering AnnotationDescriptor - AnnotationDescriptor(jakarta.persistence.NamedNativeQuery)
20 Apr 2026 18:48:06,404 TRACE org.hibernate.models.internal.AnnotationDescriptorRegistryStandard 34 register - Registering repeatable AnnotationDescriptor - AnnotationDescriptor(jakarta.persistence.NamedNativeQueries)
20 Apr 2026 18:48:06,405 TRACE org.hibernate.models.internal.AnnotationDescriptorRegistryStandard 30 register - Registering AnnotationDescriptor - AnnotationDescriptor(jakarta.persistence.NamedQueries)
20 Apr 2026 18:48:06,405 TRACE org.hibernate.models.internal.AnnotationDescriptorRegistryStandard 30 register - Registering AnnotationDescriptor - AnnotationDescriptor(jakarta.persistence.NamedQuery)
20 Apr 2026 18:48:06,405 TRACE org.hibernate.models.internal.AnnotationDescriptorRegistryStandard 34 register - Registering repeatable AnnotationDescriptor - AnnotationDescriptor(jakarta.persistence.NamedQueries)
20 Apr 2026 18:48:06,405 TRACE org.hibernate.models.internal.AnnotationDescriptorRegistryStandard 30 register - Registering AnnotationDescriptor - AnnotationDescriptor(jakarta.persistence.NamedStoredProcedureQueries)
20 Apr 2026 18:48:06,405 TRACE org.hibernate.models.internal.AnnotationDescriptorRegistryStandard 30 register - Registering AnnotationDescriptor - AnnotationDescriptor(jakarta.persistence.NamedStoredProcedureQuery)
20 Apr 2026 18:48:06,405 TRACE org.hibernate.models.internal.AnnotationDescriptorRegistryStandard 34 register - Registering repeatable AnnotationDescriptor - AnnotationDescriptor(jakarta.persistence.NamedStoredProcedureQueries)
20 Apr 2026 18:48:06,405 TRACE org.hibernate.models.internal.AnnotationDescriptorRegistryStandard 30 register - Registering AnnotationDescriptor - AnnotationDescriptor(jakarta.persistence.NamedSubgraph)
20 Apr 2026 18:48:06,405 TRACE org.hibernate.models.internal.AnnotationDescriptorRegistryStandard 30 register - Registering AnnotationDescriptor - AnnotationDescriptor(jakarta.persistence.OneToMany)
20 Apr 2026 18:48:06,405 TRACE org.hibernate.models.internal.AnnotationDescriptorRegistryStandard 30 register - Registering AnnotationDescriptor - AnnotationDescriptor(jakarta.persistence.OneToOne)
20 Apr 2026 18:48:06,405 TRACE org.hibernate.models.internal.AnnotationDescriptorRegistryStandard 30 register - Registering AnnotationDescriptor - AnnotationDescriptor(jakarta.persistence.OrderBy)
20 Apr 2026 18:48:06,405 TRACE org.hibernate.models.internal.AnnotationDescriptorRegistryStandard 30 register - Registering AnnotationDescriptor - AnnotationDescriptor(jakarta.persistence.OrderColumn)
20 Apr 2026 18:48:06,406 TRACE org.hibernate.models.internal.AnnotationDescriptorRegistryStandard 30 register - Registering AnnotationDescriptor - AnnotationDescriptor(jakarta.persistence.PostLoad)
20 Apr 2026 18:48:06,406 TRACE org.hibernate.models.internal.AnnotationDescriptorRegistryStandard 30 register - Registering AnnotationDescriptor - AnnotationDescriptor(jakarta.persistence.PostPersist)
20 Apr 2026 18:48:06,406 TRACE org.hibernate.models.internal.AnnotationDescriptorRegistryStandard 30 register - Registering AnnotationDescriptor - AnnotationDescriptor(jakarta.persistence.PostRemove)
20 Apr 2026 18:48:06,406 TRACE org.hibernate.models.internal.AnnotationDescriptorRegistryStandard 30 register - Registering AnnotationDescriptor - AnnotationDescriptor(jakarta.persistence.PostUpdate)
20 Apr 2026 18:48:06,406 TRACE org.hibernate.models.internal.AnnotationDescriptorRegistryStandard 30 register - Registering AnnotationDescriptor - AnnotationDescriptor(jakarta.persistence.PrePersist)
20 Apr 2026 18:48:06,406 TRACE org.hibernate.models.internal.AnnotationDescriptorRegistryStandard 30 register - Registering AnnotationDescriptor - AnnotationDescriptor(jakarta.persistence.PreRemove)
20 Apr 2026 18:48:06,406 TRACE org.hibernate.models.internal.AnnotationDescriptorRegistryStandard 30 register - Registering AnnotationDescriptor - AnnotationDescriptor(jakarta.persistence.PreUpdate)
20 Apr 2026 18:48:06,406 TRACE org.hibernate.models.internal.AnnotationDescriptorRegistryStandard 30 register - Registering AnnotationDescriptor - AnnotationDescriptor(jakarta.persistence.PrimaryKeyJoinColumns)
20 Apr 2026 18:48:06,406 TRACE org.hibernate.models.internal.AnnotationDescriptorRegistryStandard 30 register - Registering AnnotationDescriptor - AnnotationDescriptor(jakarta.persistence.PrimaryKeyJoinColumn)
20 Apr 2026 18:48:06,406 TRACE org.hibernate.models.internal.AnnotationDescriptorRegistryStandard 34 register - Registering repeatable AnnotationDescriptor - AnnotationDescriptor(jakarta.persistence.PrimaryKeyJoinColumns)
20 Apr 2026 18:48:06,406 TRACE org.hibernate.models.internal.AnnotationDescriptorRegistryStandard 30 register - Registering AnnotationDescriptor - AnnotationDescriptor(jakarta.persistence.QueryHint)
20 Apr 2026 18:48:06,406 TRACE org.hibernate.models.internal.AnnotationDescriptorRegistryStandard 30 register - Registering AnnotationDescriptor - AnnotationDescriptor(jakarta.persistence.SecondaryTables)
20 Apr 2026 18:48:06,406 TRACE org.hibernate.models.internal.AnnotationDescriptorRegistryStandard 30 register - Registering AnnotationDescriptor - AnnotationDescriptor(jakarta.persistence.SecondaryTable)
20 Apr 2026 18:48:06,407 TRACE org.hibernate.models.internal.AnnotationDescriptorRegistryStandard 34 register - Registering repeatable AnnotationDescriptor - AnnotationDescriptor(jakarta.persistence.SecondaryTables)
20 Apr 2026 18:48:06,407 TRACE org.hibernate.models.internal.AnnotationDescriptorRegistryStandard 30 register - Registering AnnotationDescriptor - AnnotationDescriptor(jakarta.persistence.SequenceGenerators)
20 Apr 2026 18:48:06,407 TRACE org.hibernate.models.internal.AnnotationDescriptorRegistryStandard 30 register - Registering AnnotationDescriptor - AnnotationDescriptor(jakarta.persistence.SequenceGenerator)
20 Apr 2026 18:48:06,407 TRACE org.hibernate.models.internal.AnnotationDescriptorRegistryStandard 34 register - Registering repeatable AnnotationDescriptor - AnnotationDescriptor(jakarta.persistence.SequenceGenerators)
20 Apr 2026 18:48:06,407 TRACE org.hibernate.models.internal.AnnotationDescriptorRegistryStandard 30 register - Registering AnnotationDescriptor - AnnotationDescriptor(jakarta.persistence.SqlResultSetMappings)
20 Apr 2026 18:48:06,407 TRACE org.hibernate.models.internal.AnnotationDescriptorRegistryStandard 30 register - Registering AnnotationDescriptor - AnnotationDescriptor(jakarta.persistence.SqlResultSetMapping)
20 Apr 2026 18:48:06,407 TRACE org.hibernate.models.internal.AnnotationDescriptorRegistryStandard 34 register - Registering repeatable AnnotationDescriptor - AnnotationDescriptor(jakarta.persistence.SqlResultSetMappings)
20 Apr 2026 18:48:06,407 TRACE org.hibernate.models.internal.AnnotationDescriptorRegistryStandard 30 register - Registering AnnotationDescriptor - AnnotationDescriptor(jakarta.persistence.StoredProcedureParameter)
20 Apr 2026 18:48:06,407 TRACE org.hibernate.models.internal.AnnotationDescriptorRegistryStandard 30 register - Registering AnnotationDescriptor - AnnotationDescriptor(jakarta.persistence.Table)
20 Apr 2026 18:48:06,407 TRACE org.hibernate.models.internal.AnnotationDescriptorRegistryStandard 30 register - Registering AnnotationDescriptor - AnnotationDescriptor(jakarta.persistence.TableGenerators)
20 Apr 2026 18:48:06,407 TRACE org.hibernate.models.internal.AnnotationDescriptorRegistryStandard 30 register - Registering AnnotationDescriptor - AnnotationDescriptor(jakarta.persistence.TableGenerator)
20 Apr 2026 18:48:06,407 TRACE org.hibernate.models.internal.AnnotationDescriptorRegistryStandard 34 register - Registering repeatable AnnotationDescriptor - AnnotationDescriptor(jakarta.persistence.TableGenerators)
20 Apr 2026 18:48:06,407 TRACE org.hibernate.models.internal.AnnotationDescriptorRegistryStandard 30 register - Registering AnnotationDescriptor - AnnotationDescriptor(jakarta.persistence.Temporal)
20 Apr 2026 18:48:06,407 TRACE org.hibernate.models.internal.AnnotationDescriptorRegistryStandard 30 register - Registering AnnotationDescriptor - AnnotationDescriptor(jakarta.persistence.Transient)
20 Apr 2026 18:48:06,407 TRACE org.hibernate.models.internal.AnnotationDescriptorRegistryStandard 30 register - Registering AnnotationDescriptor - AnnotationDescriptor(jakarta.persistence.UniqueConstraint)
20 Apr 2026 18:48:06,408 TRACE org.hibernate.models.internal.AnnotationDescriptorRegistryStandard 30 register - Registering AnnotationDescriptor - AnnotationDescriptor(jakarta.persistence.Version)
20 Apr 2026 18:48:06,442 TRACE org.hibernate.models.internal.AnnotationDescriptorRegistryStandard 30 register - Registering AnnotationDescriptor - AnnotationDescriptor(org.hibernate.annotations.Any)
20 Apr 2026 18:48:06,442 TRACE org.hibernate.models.internal.AnnotationDescriptorRegistryStandard 30 register - Registering AnnotationDescriptor - AnnotationDescriptor(org.hibernate.annotations.AnyDiscriminator)
20 Apr 2026 18:48:06,442 TRACE org.hibernate.models.internal.AnnotationDescriptorRegistryStandard 30 register - Registering AnnotationDescriptor - AnnotationDescriptor(org.hibernate.annotations.AnyDiscriminatorImplicitValues)
20 Apr 2026 18:48:06,442 TRACE org.hibernate.models.internal.AnnotationDescriptorRegistryStandard 30 register - Registering AnnotationDescriptor - AnnotationDescriptor(org.hibernate.annotations.AnyDiscriminatorValues)
20 Apr 2026 18:48:06,442 TRACE org.hibernate.models.internal.AnnotationDescriptorRegistryStandard 30 register - Registering AnnotationDescriptor - AnnotationDescriptor(org.hibernate.annotations.AnyDiscriminatorValue)
20 Apr 2026 18:48:06,442 TRACE org.hibernate.models.internal.AnnotationDescriptorRegistryStandard 34 register - Registering repeatable AnnotationDescriptor - AnnotationDescriptor(org.hibernate.annotations.AnyDiscriminatorValues)
20 Apr 2026 18:48:06,443 TRACE org.hibernate.models.internal.AnnotationDescriptorRegistryStandard 30 register - Registering AnnotationDescriptor - AnnotationDescriptor(org.hibernate.annotations.AnyKeyJavaClass)
20 Apr 2026 18:48:06,443 TRACE org.hibernate.models.internal.AnnotationDescriptorRegistryStandard 30 register - Registering AnnotationDescriptor - AnnotationDescriptor(org.hibernate.annotations.AnyKeyJavaType)
20 Apr 2026 18:48:06,443 TRACE org.hibernate.models.internal.AnnotationDescriptorRegistryStandard 30 register - Registering AnnotationDescriptor - AnnotationDescriptor(org.hibernate.annotations.AnyKeyJdbcType)
20 Apr 2026 18:48:06,443 TRACE org.hibernate.models.internal.AnnotationDescriptorRegistryStandard 30 register - Registering AnnotationDescriptor - AnnotationDescriptor(org.hibernate.annotations.AnyKeyJdbcTypeCode)
20 Apr 2026 18:48:06,443 TRACE org.hibernate.models.internal.AnnotationDescriptorRegistryStandard 30 register - Registering AnnotationDescriptor - AnnotationDescriptor(org.hibernate.boot.internal.AnyKeyType)
20 Apr 2026 18:48:06,443 TRACE org.hibernate.models.internal.AnnotationDescriptorRegistryStandard 30 register - Registering AnnotationDescriptor - AnnotationDescriptor(org.hibernate.annotations.Array)
20 Apr 2026 18:48:06,443 TRACE org.hibernate.models.internal.AnnotationDescriptorRegistryStandard 30 register - Registering AnnotationDescriptor - AnnotationDescriptor(org.hibernate.annotations.AttributeAccessor)
20 Apr 2026 18:48:06,443 TRACE org.hibernate.models.internal.AnnotationDescriptorRegistryStandard 30 register - Registering AnnotationDescriptor - AnnotationDescriptor(org.hibernate.annotations.AttributeBinderType)
20 Apr 2026 18:48:06,443 TRACE org.hibernate.models.internal.AnnotationDescriptorRegistryStandard 30 register - Registering AnnotationDescriptor - AnnotationDescriptor(org.hibernate.annotations.Bag)
20 Apr 2026 18:48:06,443 TRACE org.hibernate.models.internal.AnnotationDescriptorRegistryStandard 30 register - Registering AnnotationDescriptor - AnnotationDescriptor(org.hibernate.annotations.BatchSize)
20 Apr 2026 18:48:06,443 TRACE org.hibernate.models.internal.AnnotationDescriptorRegistryStandard 30 register - Registering AnnotationDescriptor - AnnotationDescriptor(org.hibernate.annotations.Cache)
20 Apr 2026 18:48:06,443 TRACE org.hibernate.models.internal.AnnotationDescriptorRegistryStandard 30 register - Registering AnnotationDescriptor - AnnotationDescriptor(org.hibernate.annotations.Cascade)
20 Apr 2026 18:48:06,443 TRACE org.hibernate.models.internal.AnnotationDescriptorRegistryStandard 30 register - Registering AnnotationDescriptor - AnnotationDescriptor(org.hibernate.annotations.Checks)
20 Apr 2026 18:48:06,444 TRACE org.hibernate.models.internal.AnnotationDescriptorRegistryStandard 30 register - Registering AnnotationDescriptor - AnnotationDescriptor(org.hibernate.annotations.Check)
20 Apr 2026 18:48:06,444 TRACE org.hibernate.models.internal.AnnotationDescriptorRegistryStandard 34 register - Registering repeatable AnnotationDescriptor - AnnotationDescriptor(org.hibernate.annotations.Checks)
20 Apr 2026 18:48:06,444 TRACE org.hibernate.models.internal.AnnotationDescriptorRegistryStandard 30 register - Registering AnnotationDescriptor - AnnotationDescriptor(org.hibernate.annotations.Collate)
20 Apr 2026 18:48:06,444 TRACE org.hibernate.models.internal.AnnotationDescriptorRegistryStandard 30 register - Registering AnnotationDescriptor - AnnotationDescriptor(org.hibernate.annotations.CollectionId)
20 Apr 2026 18:48:06,444 TRACE org.hibernate.models.internal.AnnotationDescriptorRegistryStandard 30 register - Registering AnnotationDescriptor - AnnotationDescriptor(org.hibernate.annotations.CollectionIdJavaClass)
20 Apr 2026 18:48:06,444 TRACE org.hibernate.models.internal.AnnotationDescriptorRegistryStandard 30 register - Registering AnnotationDescriptor - AnnotationDescriptor(org.hibernate.annotations.CollectionIdJavaType)
20 Apr 2026 18:48:06,444 TRACE org.hibernate.models.internal.AnnotationDescriptorRegistryStandard 30 register - Registering AnnotationDescriptor - AnnotationDescriptor(org.hibernate.annotations.CollectionIdJdbcType)
20 Apr 2026 18:48:06,444 TRACE org.hibernate.models.internal.AnnotationDescriptorRegistryStandard 30 register - Registering AnnotationDescriptor - AnnotationDescriptor(org.hibernate.annotations.CollectionIdJdbcTypeCode)
20 Apr 2026 18:48:06,444 TRACE org.hibernate.models.internal.AnnotationDescriptorRegistryStandard 30 register - Registering AnnotationDescriptor - AnnotationDescriptor(org.hibernate.annotations.CollectionIdMutability)
20 Apr 2026 18:48:06,444 TRACE org.hibernate.models.internal.AnnotationDescriptorRegistryStandard 30 register - Registering AnnotationDescriptor - AnnotationDescriptor(org.hibernate.annotations.CollectionIdType)
20 Apr 2026 18:48:06,444 TRACE org.hibernate.models.internal.AnnotationDescriptorRegistryStandard 30 register - Registering AnnotationDescriptor - AnnotationDescriptor(org.hibernate.annotations.CollectionType)
20 Apr 2026 18:48:06,444 TRACE org.hibernate.models.internal.AnnotationDescriptorRegistryStandard 30 register - Registering AnnotationDescriptor - AnnotationDescriptor(org.hibernate.boot.internal.CollectionClassification)
20 Apr 2026 18:48:06,446 TRACE org.hibernate.models.internal.AnnotationDescriptorRegistryStandard 30 register - Registering AnnotationDescriptor - AnnotationDescriptor(org.hibernate.annotations.CollectionTypeRegistrations)
20 Apr 2026 18:48:06,446 TRACE org.hibernate.models.internal.AnnotationDescriptorRegistryStandard 30 register - Registering AnnotationDescriptor - AnnotationDescriptor(org.hibernate.annotations.CollectionTypeRegistration)
20 Apr 2026 18:48:06,446 TRACE org.hibernate.models.internal.AnnotationDescriptorRegistryStandard 34 register - Registering repeatable AnnotationDescriptor - AnnotationDescriptor(org.hibernate.annotations.CollectionTypeRegistrations)
20 Apr 2026 18:48:06,446 TRACE org.hibernate.models.internal.AnnotationDescriptorRegistryStandard 30 register - Registering AnnotationDescriptor - AnnotationDescriptor(org.hibernate.annotations.ColumnDefault)
20 Apr 2026 18:48:06,446 TRACE org.hibernate.models.internal.AnnotationDescriptorRegistryStandard 30 register - Registering AnnotationDescriptor - AnnotationDescriptor(org.hibernate.annotations.ColumnTransformers)
20 Apr 2026 18:48:06,446 TRACE org.hibernate.models.internal.AnnotationDescriptorRegistryStandard 30 register - Registering AnnotationDescriptor - AnnotationDescriptor(org.hibernate.annotations.ColumnTransformer)
20 Apr 2026 18:48:06,446 TRACE org.hibernate.models.internal.AnnotationDescriptorRegistryStandard 34 register - Registering repeatable AnnotationDescriptor - AnnotationDescriptor(org.hibernate.annotations.ColumnTransformers)
20 Apr 2026 18:48:06,446 TRACE org.hibernate.models.internal.AnnotationDescriptorRegistryStandard 30 register - Registering AnnotationDescriptor - AnnotationDescriptor(org.hibernate.annotations.Comments)
20 Apr 2026 18:48:06,446 TRACE org.hibernate.models.internal.AnnotationDescriptorRegistryStandard 30 register - Registering AnnotationDescriptor - AnnotationDescriptor(org.hibernate.annotations.Comment)
20 Apr 2026 18:48:06,446 TRACE org.hibernate.models.internal.AnnotationDescriptorRegistryStandard 34 register - Registering repeatable AnnotationDescriptor - AnnotationDescriptor(org.hibernate.annotations.Comments)
20 Apr 2026 18:48:06,446 TRACE org.hibernate.models.internal.AnnotationDescriptorRegistryStandard 30 register - Registering AnnotationDescriptor - AnnotationDescriptor(org.hibernate.annotations.CompositeType)
20 Apr 2026 18:48:06,446 TRACE org.hibernate.models.internal.AnnotationDescriptorRegistryStandard 30 register - Registering AnnotationDescriptor - AnnotationDescriptor(org.hibernate.annotations.CompositeTypeRegistrations)
20 Apr 2026 18:48:06,446 TRACE org.hibernate.models.internal.AnnotationDescriptorRegistryStandard 30 register - Registering AnnotationDescriptor - AnnotationDescriptor(org.hibernate.annotations.CompositeTypeRegistration)
20 Apr 2026 18:48:06,446 TRACE org.hibernate.models.internal.AnnotationDescriptorRegistryStandard 34 register - Registering repeatable AnnotationDescriptor - AnnotationDescriptor(org.hibernate.annotations.CompositeTypeRegistrations)
20 Apr 2026 18:48:06,446 TRACE org.hibernate.models.internal.AnnotationDescriptorRegistryStandard 30 register - Registering AnnotationDescriptor - AnnotationDescriptor(org.hibernate.annotations.ConcreteProxy)
20 Apr 2026 18:48:06,446 TRACE org.hibernate.models.internal.AnnotationDescriptorRegistryStandard 30 register - Registering AnnotationDescriptor - AnnotationDescriptor(org.hibernate.annotations.ConverterRegistrations)
20 Apr 2026 18:48:06,446 TRACE org.hibernate.models.internal.AnnotationDescriptorRegistryStandard 30 register - Registering AnnotationDescriptor - AnnotationDescriptor(org.hibernate.annotations.ConverterRegistration)
20 Apr 2026 18:48:06,446 TRACE org.hibernate.models.internal.AnnotationDescriptorRegistryStandard 34 register - Registering repeatable AnnotationDescriptor - AnnotationDescriptor(org.hibernate.annotations.ConverterRegistrations)
20 Apr 2026 18:48:06,447 TRACE org.hibernate.models.internal.AnnotationDescriptorRegistryStandard 30 register - Registering AnnotationDescriptor - AnnotationDescriptor(org.hibernate.annotations.CreationTimestamp)
20 Apr 2026 18:48:06,447 TRACE org.hibernate.models.internal.AnnotationDescriptorRegistryStandard 30 register - Registering AnnotationDescriptor - AnnotationDescriptor(org.hibernate.annotations.CurrentTimestamp)
20 Apr 2026 18:48:06,447 TRACE org.hibernate.models.internal.AnnotationDescriptorRegistryStandard 30 register - Registering AnnotationDescriptor - AnnotationDescriptor(org.hibernate.annotations.DiscriminatorFormula)
20 Apr 2026 18:48:06,447 TRACE org.hibernate.models.internal.AnnotationDescriptorRegistryStandard 30 register - Registering AnnotationDescriptor - AnnotationDescriptor(org.hibernate.annotations.DiscriminatorOptions)
20 Apr 2026 18:48:06,447 TRACE org.hibernate.models.internal.AnnotationDescriptorRegistryStandard 30 register - Registering AnnotationDescriptor - AnnotationDescriptor(org.hibernate.annotations.DynamicInsert)
20 Apr 2026 18:48:06,447 TRACE org.hibernate.models.internal.AnnotationDescriptorRegistryStandard 30 register - Registering AnnotationDescriptor - AnnotationDescriptor(org.hibernate.annotations.DynamicUpdate)
20 Apr 2026 18:48:06,447 TRACE org.hibernate.models.internal.AnnotationDescriptorRegistryStandard 30 register - Registering AnnotationDescriptor - AnnotationDescriptor(org.hibernate.annotations.EmbeddableInstantiator)
20 Apr 2026 18:48:06,447 TRACE org.hibernate.models.internal.AnnotationDescriptorRegistryStandard 30 register - Registering AnnotationDescriptor - AnnotationDescriptor(org.hibernate.annotations.EmbeddableInstantiatorRegistrations)
20 Apr 2026 18:48:06,447 TRACE org.hibernate.models.internal.AnnotationDescriptorRegistryStandard 30 register - Registering AnnotationDescriptor - AnnotationDescriptor(org.hibernate.annotations.EmbeddableInstantiatorRegistration)
20 Apr 2026 18:48:06,447 TRACE org.hibernate.models.internal.AnnotationDescriptorRegistryStandard 34 register - Registering repeatable AnnotationDescriptor - AnnotationDescriptor(org.hibernate.annotations.EmbeddableInstantiatorRegistrations)
20 Apr 2026 18:48:06,447 TRACE org.hibernate.models.internal.AnnotationDescriptorRegistryStandard 30 register - Registering AnnotationDescriptor - AnnotationDescriptor(org.hibernate.annotations.EmbeddedColumnNaming)
20 Apr 2026 18:48:06,447 TRACE org.hibernate.models.internal.AnnotationDescriptorRegistryStandard 30 register - Registering AnnotationDescriptor - AnnotationDescriptor(org.hibernate.annotations.EmbeddedTable)
20 Apr 2026 18:48:06,448 TRACE org.hibernate.models.internal.AnnotationDescriptorRegistryStandard 30 register - Registering AnnotationDescriptor - AnnotationDescriptor(org.hibernate.annotations.Fetch)
20 Apr 2026 18:48:06,448 TRACE org.hibernate.models.internal.AnnotationDescriptorRegistryStandard 30 register - Registering AnnotationDescriptor - AnnotationDescriptor(org.hibernate.annotations.FetchProfiles)
20 Apr 2026 18:48:06,448 TRACE org.hibernate.models.internal.AnnotationDescriptorRegistryStandard 30 register - Registering AnnotationDescriptor - AnnotationDescriptor(org.hibernate.annotations.FetchProfile)
20 Apr 2026 18:48:06,448 TRACE org.hibernate.models.internal.AnnotationDescriptorRegistryStandard 34 register - Registering repeatable AnnotationDescriptor - AnnotationDescriptor(org.hibernate.annotations.FetchProfiles)
20 Apr 2026 18:48:06,448 TRACE org.hibernate.models.internal.AnnotationDescriptorRegistryStandard 30 register - Registering AnnotationDescriptor - AnnotationDescriptor(org.hibernate.annotations.Filters)
20 Apr 2026 18:48:06,448 TRACE org.hibernate.models.internal.AnnotationDescriptorRegistryStandard 30 register - Registering AnnotationDescriptor - AnnotationDescriptor(org.hibernate.annotations.Filter)
20 Apr 2026 18:48:06,448 TRACE org.hibernate.models.internal.AnnotationDescriptorRegistryStandard 34 register - Registering repeatable AnnotationDescriptor - AnnotationDescriptor(org.hibernate.annotations.Filters)
20 Apr 2026 18:48:06,448 TRACE org.hibernate.models.internal.AnnotationDescriptorRegistryStandard 30 register - Registering AnnotationDescriptor - AnnotationDescriptor(org.hibernate.annotations.FilterDefs)
20 Apr 2026 18:48:06,448 TRACE org.hibernate.models.internal.AnnotationDescriptorRegistryStandard 30 register - Registering AnnotationDescriptor - AnnotationDescriptor(org.hibernate.annotations.FilterDef)
20 Apr 2026 18:48:06,448 TRACE org.hibernate.models.internal.AnnotationDescriptorRegistryStandard 34 register - Registering repeatable AnnotationDescriptor - AnnotationDescriptor(org.hibernate.annotations.FilterDefs)
20 Apr 2026 18:48:06,449 TRACE org.hibernate.models.internal.AnnotationDescriptorRegistryStandard 30 register - Registering AnnotationDescriptor - AnnotationDescriptor(org.hibernate.annotations.FilterJoinTables)
20 Apr 2026 18:48:06,449 TRACE org.hibernate.models.internal.AnnotationDescriptorRegistryStandard 30 register - Registering AnnotationDescriptor - AnnotationDescriptor(org.hibernate.annotations.FilterJoinTable)
20 Apr 2026 18:48:06,449 TRACE org.hibernate.models.internal.AnnotationDescriptorRegistryStandard 34 register - Registering repeatable AnnotationDescriptor - AnnotationDescriptor(org.hibernate.annotations.FilterJoinTables)
20 Apr 2026 18:48:06,449 TRACE org.hibernate.models.internal.AnnotationDescriptorRegistryStandard 30 register - Registering AnnotationDescriptor - AnnotationDescriptor(org.hibernate.annotations.Formula)
20 Apr 2026 18:48:06,449 TRACE org.hibernate.models.internal.AnnotationDescriptorRegistryStandard 30 register - Registering AnnotationDescriptor - AnnotationDescriptor(org.hibernate.annotations.FractionalSeconds)
20 Apr 2026 18:48:06,449 TRACE org.hibernate.models.internal.AnnotationDescriptorRegistryStandard 30 register - Registering AnnotationDescriptor - AnnotationDescriptor(org.hibernate.annotations.Generated)
20 Apr 2026 18:48:06,449 TRACE org.hibernate.models.internal.AnnotationDescriptorRegistryStandard 30 register - Registering AnnotationDescriptor - AnnotationDescriptor(org.hibernate.annotations.GeneratedColumn)
20 Apr 2026 18:48:06,449 TRACE org.hibernate.models.internal.AnnotationDescriptorRegistryStandard 30 register - Registering AnnotationDescriptor - AnnotationDescriptor(org.hibernate.annotations.GenericGenerators)
20 Apr 2026 18:48:06,449 TRACE org.hibernate.models.internal.AnnotationDescriptorRegistryStandard 30 register - Registering AnnotationDescriptor - AnnotationDescriptor(org.hibernate.annotations.GenericGenerator)
20 Apr 2026 18:48:06,449 TRACE org.hibernate.models.internal.AnnotationDescriptorRegistryStandard 34 register - Registering repeatable AnnotationDescriptor - AnnotationDescriptor(org.hibernate.annotations.GenericGenerators)
20 Apr 2026 18:48:06,449 TRACE org.hibernate.models.internal.AnnotationDescriptorRegistryStandard 30 register - Registering AnnotationDescriptor - AnnotationDescriptor(org.hibernate.annotations.HQLSelect)
20 Apr 2026 18:48:06,449 TRACE org.hibernate.models.internal.AnnotationDescriptorRegistryStandard 30 register - Registering AnnotationDescriptor - AnnotationDescriptor(org.hibernate.annotations.IdGeneratorType)
20 Apr 2026 18:48:06,449 TRACE org.hibernate.models.internal.AnnotationDescriptorRegistryStandard 30 register - Registering AnnotationDescriptor - AnnotationDescriptor(org.hibernate.annotations.Immutable)
20 Apr 2026 18:48:06,450 TRACE org.hibernate.models.internal.AnnotationDescriptorRegistryStandard 30 register - Registering AnnotationDescriptor - AnnotationDescriptor(org.hibernate.annotations.Imported)
20 Apr 2026 18:48:06,450 TRACE org.hibernate.models.internal.AnnotationDescriptorRegistryStandard 30 register - Registering AnnotationDescriptor - AnnotationDescriptor(org.hibernate.annotations.Instantiator)
20 Apr 2026 18:48:06,450 TRACE org.hibernate.models.internal.AnnotationDescriptorRegistryStandard 30 register - Registering AnnotationDescriptor - AnnotationDescriptor(org.hibernate.annotations.JavaType)
20 Apr 2026 18:48:06,450 TRACE org.hibernate.models.internal.AnnotationDescriptorRegistryStandard 30 register - Registering AnnotationDescriptor - AnnotationDescriptor(org.hibernate.annotations.JavaTypeRegistrations)
20 Apr 2026 18:48:06,450 TRACE org.hibernate.models.internal.AnnotationDescriptorRegistryStandard 30 register - Registering AnnotationDescriptor - AnnotationDescriptor(org.hibernate.annotations.JavaTypeRegistration)
20 Apr 2026 18:48:06,450 TRACE org.hibernate.models.internal.AnnotationDescriptorRegistryStandard 34 register - Registering repeatable AnnotationDescriptor - AnnotationDescriptor(org.hibernate.annotations.JavaTypeRegistrations)
20 Apr 2026 18:48:06,450 TRACE org.hibernate.models.internal.AnnotationDescriptorRegistryStandard 30 register - Registering AnnotationDescriptor - AnnotationDescriptor(org.hibernate.annotations.JdbcType)
20 Apr 2026 18:48:06,450 TRACE org.hibernate.models.internal.AnnotationDescriptorRegistryStandard 30 register - Registering AnnotationDescriptor - AnnotationDescriptor(org.hibernate.annotations.JdbcTypeCode)
20 Apr 2026 18:48:06,450 TRACE org.hibernate.models.internal.AnnotationDescriptorRegistryStandard 30 register - Registering AnnotationDescriptor - AnnotationDescriptor(org.hibernate.annotations.JdbcTypeRegistrations)
20 Apr 2026 18:48:06,450 TRACE org.hibernate.models.internal.AnnotationDescriptorRegistryStandard 30 register - Registering AnnotationDescriptor - AnnotationDescriptor(org.hibernate.annotations.JdbcTypeRegistration)
20 Apr 2026 18:48:06,450 TRACE org.hibernate.models.internal.AnnotationDescriptorRegistryStandard 34 register - Registering repeatable AnnotationDescriptor - AnnotationDescriptor(org.hibernate.annotations.JdbcTypeRegistrations)
20 Apr 2026 18:48:06,451 TRACE org.hibernate.models.internal.AnnotationDescriptorRegistryStandard 30 register - Registering AnnotationDescriptor - AnnotationDescriptor(org.hibernate.annotations.JoinColumnsOrFormulas)
20 Apr 2026 18:48:06,451 TRACE org.hibernate.models.internal.AnnotationDescriptorRegistryStandard 30 register - Registering AnnotationDescriptor - AnnotationDescriptor(org.hibernate.annotations.JoinColumnOrFormula)
20 Apr 2026 18:48:06,451 TRACE org.hibernate.models.internal.AnnotationDescriptorRegistryStandard 34 register - Registering repeatable AnnotationDescriptor - AnnotationDescriptor(org.hibernate.annotations.JoinColumnsOrFormulas)
20 Apr 2026 18:48:06,451 TRACE org.hibernate.models.internal.AnnotationDescriptorRegistryStandard 30 register - Registering AnnotationDescriptor - AnnotationDescriptor(org.hibernate.annotations.JoinFormula)
20 Apr 2026 18:48:06,451 TRACE org.hibernate.models.internal.AnnotationDescriptorRegistryStandard 30 register - Registering AnnotationDescriptor - AnnotationDescriptor(org.hibernate.annotations.LazyGroup)
20 Apr 2026 18:48:06,451 TRACE org.hibernate.models.internal.AnnotationDescriptorRegistryStandard 30 register - Registering AnnotationDescriptor - AnnotationDescriptor(org.hibernate.annotations.ListIndexBase)
20 Apr 2026 18:48:06,451 TRACE org.hibernate.models.internal.AnnotationDescriptorRegistryStandard 30 register - Registering AnnotationDescriptor - AnnotationDescriptor(org.hibernate.annotations.ListIndexJavaType)
20 Apr 2026 18:48:06,451 TRACE org.hibernate.models.internal.AnnotationDescriptorRegistryStandard 30 register - Registering AnnotationDescriptor - AnnotationDescriptor(org.hibernate.annotations.ListIndexJdbcType)
20 Apr 2026 18:48:06,451 TRACE org.hibernate.models.internal.AnnotationDescriptorRegistryStandard 30 register - Registering AnnotationDescriptor - AnnotationDescriptor(org.hibernate.annotations.ListIndexJdbcTypeCode)
20 Apr 2026 18:48:06,451 TRACE org.hibernate.models.internal.AnnotationDescriptorRegistryStandard 30 register - Registering AnnotationDescriptor - AnnotationDescriptor(org.hibernate.annotations.ManyToAny)
20 Apr 2026 18:48:06,451 TRACE org.hibernate.models.internal.AnnotationDescriptorRegistryStandard 30 register - Registering AnnotationDescriptor - AnnotationDescriptor(org.hibernate.annotations.MapKeyCompositeType)
20 Apr 2026 18:48:06,451 TRACE org.hibernate.models.internal.AnnotationDescriptorRegistryStandard 30 register - Registering AnnotationDescriptor - AnnotationDescriptor(org.hibernate.annotations.MapKeyJavaType)
20 Apr 2026 18:48:06,452 TRACE org.hibernate.models.internal.AnnotationDescriptorRegistryStandard 30 register - Registering AnnotationDescriptor - AnnotationDescriptor(org.hibernate.annotations.MapKeyJdbcType)
20 Apr 2026 18:48:06,452 TRACE org.hibernate.models.internal.AnnotationDescriptorRegistryStandard 30 register - Registering AnnotationDescriptor - AnnotationDescriptor(org.hibernate.annotations.MapKeyJdbcTypeCode)
20 Apr 2026 18:48:06,452 TRACE org.hibernate.models.internal.AnnotationDescriptorRegistryStandard 30 register - Registering AnnotationDescriptor - AnnotationDescriptor(org.hibernate.annotations.MapKeyMutability)
20 Apr 2026 18:48:06,452 TRACE org.hibernate.models.internal.AnnotationDescriptorRegistryStandard 30 register - Registering AnnotationDescriptor - AnnotationDescriptor(org.hibernate.annotations.MapKeyType)
20 Apr 2026 18:48:06,452 TRACE org.hibernate.models.internal.AnnotationDescriptorRegistryStandard 30 register - Registering AnnotationDescriptor - AnnotationDescriptor(org.hibernate.annotations.Mutability)
20 Apr 2026 18:48:06,452 TRACE org.hibernate.models.internal.AnnotationDescriptorRegistryStandard 30 register - Registering AnnotationDescriptor - AnnotationDescriptor(org.hibernate.annotations.NamedEntityGraphs)
20 Apr 2026 18:48:06,452 TRACE org.hibernate.models.internal.AnnotationDescriptorRegistryStandard 30 register - Registering AnnotationDescriptor - AnnotationDescriptor(org.hibernate.annotations.NamedEntityGraph)
20 Apr 2026 18:48:06,452 TRACE org.hibernate.models.internal.AnnotationDescriptorRegistryStandard 34 register - Registering repeatable AnnotationDescriptor - AnnotationDescriptor(org.hibernate.annotations.NamedEntityGraphs)
20 Apr 2026 18:48:06,452 TRACE org.hibernate.models.internal.AnnotationDescriptorRegistryStandard 30 register - Registering AnnotationDescriptor - AnnotationDescriptor(org.hibernate.annotations.NamedNativeQueries)
20 Apr 2026 18:48:06,452 TRACE org.hibernate.models.internal.AnnotationDescriptorRegistryStandard 30 register - Registering AnnotationDescriptor - AnnotationDescriptor(org.hibernate.annotations.NamedNativeQuery)
20 Apr 2026 18:48:06,452 TRACE org.hibernate.models.internal.AnnotationDescriptorRegistryStandard 34 register - Registering repeatable AnnotationDescriptor - AnnotationDescriptor(org.hibernate.annotations.NamedNativeQueries)
20 Apr 2026 18:48:06,452 TRACE org.hibernate.models.internal.AnnotationDescriptorRegistryStandard 30 register - Registering AnnotationDescriptor - AnnotationDescriptor(org.hibernate.annotations.NamedQueries)
20 Apr 2026 18:48:06,453 TRACE org.hibernate.models.internal.AnnotationDescriptorRegistryStandard 30 register - Registering AnnotationDescriptor - AnnotationDescriptor(org.hibernate.annotations.NamedQuery)
20 Apr 2026 18:48:06,453 TRACE org.hibernate.models.internal.AnnotationDescriptorRegistryStandard 34 register - Registering repeatable AnnotationDescriptor - AnnotationDescriptor(org.hibernate.annotations.NamedQueries)
20 Apr 2026 18:48:06,453 TRACE org.hibernate.models.internal.AnnotationDescriptorRegistryStandard 30 register - Registering AnnotationDescriptor - AnnotationDescriptor(org.hibernate.annotations.Nationalized)
20 Apr 2026 18:48:06,453 TRACE org.hibernate.models.internal.AnnotationDescriptorRegistryStandard 30 register - Registering AnnotationDescriptor - AnnotationDescriptor(org.hibernate.annotations.NativeGenerator)
20 Apr 2026 18:48:06,453 TRACE org.hibernate.models.internal.AnnotationDescriptorRegistryStandard 30 register - Registering AnnotationDescriptor - AnnotationDescriptor(org.hibernate.annotations.NaturalId)
20 Apr 2026 18:48:06,453 TRACE org.hibernate.models.internal.AnnotationDescriptorRegistryStandard 30 register - Registering AnnotationDescriptor - AnnotationDescriptor(org.hibernate.annotations.NaturalIdCache)
20 Apr 2026 18:48:06,453 TRACE org.hibernate.models.internal.AnnotationDescriptorRegistryStandard 30 register - Registering AnnotationDescriptor - AnnotationDescriptor(org.hibernate.annotations.NaturalIdClass)
20 Apr 2026 18:48:06,453 TRACE org.hibernate.models.internal.AnnotationDescriptorRegistryStandard 30 register - Registering AnnotationDescriptor - AnnotationDescriptor(org.hibernate.annotations.NotFound)
20 Apr 2026 18:48:06,453 TRACE org.hibernate.models.internal.AnnotationDescriptorRegistryStandard 30 register - Registering AnnotationDescriptor - AnnotationDescriptor(org.hibernate.annotations.OnDelete)
20 Apr 2026 18:48:06,453 TRACE org.hibernate.models.internal.AnnotationDescriptorRegistryStandard 30 register - Registering AnnotationDescriptor - AnnotationDescriptor(org.hibernate.annotations.OptimisticLock)
20 Apr 2026 18:48:06,453 TRACE org.hibernate.models.internal.AnnotationDescriptorRegistryStandard 30 register - Registering AnnotationDescriptor - AnnotationDescriptor(org.hibernate.annotations.OptimisticLocking)
20 Apr 2026 18:48:06,453 TRACE org.hibernate.models.internal.AnnotationDescriptorRegistryStandard 30 register - Registering AnnotationDescriptor - AnnotationDescriptor(org.hibernate.annotations.ParamDef)
20 Apr 2026 18:48:06,453 TRACE org.hibernate.models.internal.AnnotationDescriptorRegistryStandard 30 register - Registering AnnotationDescriptor - AnnotationDescriptor(org.hibernate.annotations.Parameter)
20 Apr 2026 18:48:06,453 TRACE org.hibernate.models.internal.AnnotationDescriptorRegistryStandard 30 register - Registering AnnotationDescriptor - AnnotationDescriptor(org.hibernate.annotations.Parent)
20 Apr 2026 18:48:06,453 TRACE org.hibernate.models.internal.AnnotationDescriptorRegistryStandard 30 register - Registering AnnotationDescriptor - AnnotationDescriptor(org.hibernate.annotations.PartitionKey)
20 Apr 2026 18:48:06,453 TRACE org.hibernate.models.internal.AnnotationDescriptorRegistryStandard 30 register - Registering AnnotationDescriptor - AnnotationDescriptor(org.hibernate.annotations.PropertyRef)
20 Apr 2026 18:48:06,453 TRACE org.hibernate.models.internal.AnnotationDescriptorRegistryStandard 30 register - Registering AnnotationDescriptor - AnnotationDescriptor(org.hibernate.annotations.QueryCacheLayout)
20 Apr 2026 18:48:06,454 TRACE org.hibernate.models.internal.AnnotationDescriptorRegistryStandard 30 register - Registering AnnotationDescriptor - AnnotationDescriptor(org.hibernate.annotations.RowId)
20 Apr 2026 18:48:06,454 TRACE org.hibernate.models.internal.AnnotationDescriptorRegistryStandard 30 register - Registering AnnotationDescriptor - AnnotationDescriptor(org.hibernate.annotations.SecondaryRows)
20 Apr 2026 18:48:06,454 TRACE org.hibernate.models.internal.AnnotationDescriptorRegistryStandard 30 register - Registering AnnotationDescriptor - AnnotationDescriptor(org.hibernate.annotations.SecondaryRow)
20 Apr 2026 18:48:06,454 TRACE org.hibernate.models.internal.AnnotationDescriptorRegistryStandard 34 register - Registering repeatable AnnotationDescriptor - AnnotationDescriptor(org.hibernate.annotations.SecondaryRows)
20 Apr 2026 18:48:06,454 TRACE org.hibernate.models.internal.AnnotationDescriptorRegistryStandard 30 register - Registering AnnotationDescriptor - AnnotationDescriptor(org.hibernate.annotations.SoftDelete)
20 Apr 2026 18:48:06,454 TRACE org.hibernate.models.internal.AnnotationDescriptorRegistryStandard 30 register - Registering AnnotationDescriptor - AnnotationDescriptor(org.hibernate.annotations.SortComparator)
20 Apr 2026 18:48:06,454 TRACE org.hibernate.models.internal.AnnotationDescriptorRegistryStandard 30 register - Registering AnnotationDescriptor - AnnotationDescriptor(org.hibernate.annotations.SortNatural)
20 Apr 2026 18:48:06,454 TRACE org.hibernate.models.internal.AnnotationDescriptorRegistryStandard 30 register - Registering AnnotationDescriptor - AnnotationDescriptor(org.hibernate.annotations.Source)
20 Apr 2026 18:48:06,454 TRACE org.hibernate.models.internal.AnnotationDescriptorRegistryStandard 30 register - Registering AnnotationDescriptor - AnnotationDescriptor(org.hibernate.annotations.SQLDeletes)
20 Apr 2026 18:48:06,454 TRACE org.hibernate.models.internal.AnnotationDescriptorRegistryStandard 30 register - Registering AnnotationDescriptor - AnnotationDescriptor(org.hibernate.annotations.SQLDelete)
20 Apr 2026 18:48:06,454 TRACE org.hibernate.models.internal.AnnotationDescriptorRegistryStandard 34 register - Registering repeatable AnnotationDescriptor - AnnotationDescriptor(org.hibernate.annotations.SQLDeletes)
20 Apr 2026 18:48:06,454 TRACE org.hibernate.models.internal.AnnotationDescriptorRegistryStandard 30 register - Registering AnnotationDescriptor - AnnotationDescriptor(org.hibernate.annotations.SQLDeleteAll)
20 Apr 2026 18:48:06,454 TRACE org.hibernate.models.internal.AnnotationDescriptorRegistryStandard 30 register - Registering AnnotationDescriptor - AnnotationDescriptor(org.hibernate.annotations.SqlFragmentAlias)
20 Apr 2026 18:48:06,454 TRACE org.hibernate.models.internal.AnnotationDescriptorRegistryStandard 30 register - Registering AnnotationDescriptor - AnnotationDescriptor(org.hibernate.annotations.SQLInserts)
20 Apr 2026 18:48:06,455 TRACE org.hibernate.models.internal.AnnotationDescriptorRegistryStandard 30 register - Registering AnnotationDescriptor - AnnotationDescriptor(org.hibernate.annotations.SQLInsert)
20 Apr 2026 18:48:06,455 TRACE org.hibernate.models.internal.AnnotationDescriptorRegistryStandard 34 register - Registering repeatable AnnotationDescriptor - AnnotationDescriptor(org.hibernate.annotations.SQLInserts)
20 Apr 2026 18:48:06,455 TRACE org.hibernate.models.internal.AnnotationDescriptorRegistryStandard 30 register - Registering AnnotationDescriptor - AnnotationDescriptor(org.hibernate.annotations.SQLOrder)
20 Apr 2026 18:48:06,455 TRACE org.hibernate.models.internal.AnnotationDescriptorRegistryStandard 30 register - Registering AnnotationDescriptor - AnnotationDescriptor(org.hibernate.annotations.SQLRestriction)
20 Apr 2026 18:48:06,455 TRACE org.hibernate.models.internal.AnnotationDescriptorRegistryStandard 30 register - Registering AnnotationDescriptor - AnnotationDescriptor(org.hibernate.annotations.SQLSelect)
20 Apr 2026 18:48:06,455 TRACE org.hibernate.models.internal.AnnotationDescriptorRegistryStandard 30 register - Registering AnnotationDescriptor - AnnotationDescriptor(org.hibernate.annotations.SQLJoinTableRestriction)
20 Apr 2026 18:48:06,455 TRACE org.hibernate.models.internal.AnnotationDescriptorRegistryStandard 30 register - Registering AnnotationDescriptor - AnnotationDescriptor(org.hibernate.annotations.SQLUpdates)
20 Apr 2026 18:48:06,455 TRACE org.hibernate.models.internal.AnnotationDescriptorRegistryStandard 30 register - Registering AnnotationDescriptor - AnnotationDescriptor(org.hibernate.annotations.SQLUpdate)
20 Apr 2026 18:48:06,455 TRACE org.hibernate.models.internal.AnnotationDescriptorRegistryStandard 34 register - Registering repeatable AnnotationDescriptor - AnnotationDescriptor(org.hibernate.annotations.SQLUpdates)
20 Apr 2026 18:48:06,455 TRACE org.hibernate.models.internal.AnnotationDescriptorRegistryStandard 30 register - Registering AnnotationDescriptor - AnnotationDescriptor(org.hibernate.annotations.Struct)
20 Apr 2026 18:48:06,455 TRACE org.hibernate.models.internal.AnnotationDescriptorRegistryStandard 30 register - Registering AnnotationDescriptor - AnnotationDescriptor(org.hibernate.annotations.Subselect)
20 Apr 2026 18:48:06,455 TRACE org.hibernate.models.internal.AnnotationDescriptorRegistryStandard 30 register - Registering AnnotationDescriptor - AnnotationDescriptor(org.hibernate.annotations.Synchronize)
20 Apr 2026 18:48:06,455 TRACE org.hibernate.models.internal.AnnotationDescriptorRegistryStandard 30 register - Registering AnnotationDescriptor - AnnotationDescriptor(org.hibernate.annotations.TargetEmbeddable)
20 Apr 2026 18:48:06,455 TRACE org.hibernate.models.internal.AnnotationDescriptorRegistryStandard 30 register - Registering AnnotationDescriptor - AnnotationDescriptor(org.hibernate.annotations.TenantId)
20 Apr 2026 18:48:06,455 TRACE org.hibernate.models.internal.AnnotationDescriptorRegistryStandard 30 register - Registering AnnotationDescriptor - AnnotationDescriptor(org.hibernate.annotations.TimeZoneColumn)
20 Apr 2026 18:48:06,455 TRACE org.hibernate.models.internal.AnnotationDescriptorRegistryStandard 30 register - Registering AnnotationDescriptor - AnnotationDescriptor(org.hibernate.annotations.TimeZoneStorage)
20 Apr 2026 18:48:06,455 TRACE org.hibernate.models.internal.AnnotationDescriptorRegistryStandard 30 register - Registering AnnotationDescriptor - AnnotationDescriptor(org.hibernate.annotations.Type)
20 Apr 2026 18:48:06,455 TRACE org.hibernate.models.internal.AnnotationDescriptorRegistryStandard 30 register - Registering AnnotationDescriptor - AnnotationDescriptor(org.hibernate.annotations.TypeBinderType)
20 Apr 2026 18:48:06,455 TRACE org.hibernate.models.internal.AnnotationDescriptorRegistryStandard 30 register - Registering AnnotationDescriptor - AnnotationDescriptor(org.hibernate.annotations.TypeRegistrations)
20 Apr 2026 18:48:06,456 TRACE org.hibernate.models.internal.AnnotationDescriptorRegistryStandard 30 register - Registering AnnotationDescriptor - AnnotationDescriptor(org.hibernate.annotations.TypeRegistration)
20 Apr 2026 18:48:06,456 TRACE org.hibernate.models.internal.AnnotationDescriptorRegistryStandard 34 register - Registering repeatable AnnotationDescriptor - AnnotationDescriptor(org.hibernate.annotations.TypeRegistrations)
20 Apr 2026 18:48:06,456 TRACE org.hibernate.models.internal.AnnotationDescriptorRegistryStandard 30 register - Registering AnnotationDescriptor - AnnotationDescriptor(org.hibernate.annotations.UpdateTimestamp)
20 Apr 2026 18:48:06,456 TRACE org.hibernate.models.internal.AnnotationDescriptorRegistryStandard 30 register - Registering AnnotationDescriptor - AnnotationDescriptor(org.hibernate.annotations.UuidGenerator)
20 Apr 2026 18:48:06,456 TRACE org.hibernate.models.internal.AnnotationDescriptorRegistryStandard 30 register - Registering AnnotationDescriptor - AnnotationDescriptor(org.hibernate.annotations.ValueGenerationType)
20 Apr 2026 18:48:06,456 TRACE org.hibernate.models.internal.AnnotationDescriptorRegistryStandard 30 register - Registering AnnotationDescriptor - AnnotationDescriptor(org.hibernate.annotations.View)
20 Apr 2026 18:48:06,467 TRACE org.hibernate.models.internal.AnnotationDescriptorRegistryStandard 30 register - Registering AnnotationDescriptor - AnnotationDescriptor(org.hibernate.annotations.DialectOverride$Checks)
20 Apr 2026 18:48:06,467 TRACE org.hibernate.models.internal.AnnotationDescriptorRegistryStandard 30 register - Registering AnnotationDescriptor - AnnotationDescriptor(org.hibernate.annotations.DialectOverride$Check)
20 Apr 2026 18:48:06,467 TRACE org.hibernate.models.internal.AnnotationDescriptorRegistryStandard 34 register - Registering repeatable AnnotationDescriptor - AnnotationDescriptor(org.hibernate.annotations.DialectOverride$Checks)
20 Apr 2026 18:48:06,467 TRACE org.hibernate.models.internal.AnnotationDescriptorRegistryStandard 30 register - Registering AnnotationDescriptor - AnnotationDescriptor(org.hibernate.annotations.DialectOverride$ColumnDefaults)
20 Apr 2026 18:48:06,467 TRACE org.hibernate.models.internal.AnnotationDescriptorRegistryStandard 30 register - Registering AnnotationDescriptor - AnnotationDescriptor(org.hibernate.annotations.DialectOverride$ColumnDefault)
20 Apr 2026 18:48:06,468 TRACE org.hibernate.models.internal.AnnotationDescriptorRegistryStandard 34 register - Registering repeatable AnnotationDescriptor - AnnotationDescriptor(org.hibernate.annotations.DialectOverride$ColumnDefaults)
20 Apr 2026 18:48:06,468 TRACE org.hibernate.models.internal.AnnotationDescriptorRegistryStandard 30 register - Registering AnnotationDescriptor - AnnotationDescriptor(org.hibernate.annotations.DialectOverride$GeneratedColumns)
20 Apr 2026 18:48:06,468 TRACE org.hibernate.models.internal.AnnotationDescriptorRegistryStandard 30 register - Registering AnnotationDescriptor - AnnotationDescriptor(org.hibernate.annotations.DialectOverride$GeneratedColumn)
20 Apr 2026 18:48:06,468 TRACE org.hibernate.models.internal.AnnotationDescriptorRegistryStandard 34 register - Registering repeatable AnnotationDescriptor - AnnotationDescriptor(org.hibernate.annotations.DialectOverride$GeneratedColumns)
20 Apr 2026 18:48:06,468 TRACE org.hibernate.models.internal.AnnotationDescriptorRegistryStandard 30 register - Registering AnnotationDescriptor - AnnotationDescriptor(org.hibernate.annotations.DialectOverride$DiscriminatorFormulas)
20 Apr 2026 18:48:06,468 TRACE org.hibernate.models.internal.AnnotationDescriptorRegistryStandard 30 register - Registering AnnotationDescriptor - AnnotationDescriptor(org.hibernate.annotations.DialectOverride$DiscriminatorFormula)
20 Apr 2026 18:48:06,468 TRACE org.hibernate.models.internal.AnnotationDescriptorRegistryStandard 34 register - Registering repeatable AnnotationDescriptor - AnnotationDescriptor(org.hibernate.annotations.DialectOverride$DiscriminatorFormulas)
20 Apr 2026 18:48:06,468 TRACE org.hibernate.models.internal.AnnotationDescriptorRegistryStandard 30 register - Registering AnnotationDescriptor - AnnotationDescriptor(org.hibernate.annotations.FetchProfileOverrides)
20 Apr 2026 18:48:06,468 TRACE org.hibernate.models.internal.AnnotationDescriptorRegistryStandard 30 register - Registering AnnotationDescriptor - AnnotationDescriptor(org.hibernate.annotations.FetchProfileOverride)
20 Apr 2026 18:48:06,468 TRACE org.hibernate.models.internal.AnnotationDescriptorRegistryStandard 34 register - Registering repeatable AnnotationDescriptor - AnnotationDescriptor(org.hibernate.annotations.FetchProfileOverrides)
20 Apr 2026 18:48:06,468 TRACE org.hibernate.models.internal.AnnotationDescriptorRegistryStandard 30 register - Registering AnnotationDescriptor - AnnotationDescriptor(org.hibernate.annotations.DialectOverride$FilterOverrides)
20 Apr 2026 18:48:06,468 TRACE org.hibernate.models.internal.AnnotationDescriptorRegistryStandard 30 register - Registering AnnotationDescriptor - AnnotationDescriptor(org.hibernate.annotations.DialectOverride$Filters)
20 Apr 2026 18:48:06,468 TRACE org.hibernate.models.internal.AnnotationDescriptorRegistryStandard 34 register - Registering repeatable AnnotationDescriptor - AnnotationDescriptor(org.hibernate.annotations.DialectOverride$FilterOverrides)
20 Apr 2026 18:48:06,468 TRACE org.hibernate.models.internal.AnnotationDescriptorRegistryStandard 30 register - Registering AnnotationDescriptor - AnnotationDescriptor(org.hibernate.annotations.DialectOverride$FilterDefOverrides)
20 Apr 2026 18:48:06,468 TRACE org.hibernate.models.internal.AnnotationDescriptorRegistryStandard 30 register - Registering AnnotationDescriptor - AnnotationDescriptor(org.hibernate.annotations.DialectOverride$FilterDefs)
20 Apr 2026 18:48:06,468 TRACE org.hibernate.models.internal.AnnotationDescriptorRegistryStandard 34 register - Registering repeatable AnnotationDescriptor - AnnotationDescriptor(org.hibernate.annotations.DialectOverride$FilterDefOverrides)
20 Apr 2026 18:48:06,468 TRACE org.hibernate.models.internal.AnnotationDescriptorRegistryStandard 30 register - Registering AnnotationDescriptor - AnnotationDescriptor(org.hibernate.annotations.DialectOverride$Formulas)
20 Apr 2026 18:48:06,468 TRACE org.hibernate.models.internal.AnnotationDescriptorRegistryStandard 30 register - Registering AnnotationDescriptor - AnnotationDescriptor(org.hibernate.annotations.DialectOverride$Formula)
20 Apr 2026 18:48:06,468 TRACE org.hibernate.models.internal.AnnotationDescriptorRegistryStandard 34 register - Registering repeatable AnnotationDescriptor - AnnotationDescriptor(org.hibernate.annotations.DialectOverride$Formulas)
20 Apr 2026 18:48:06,468 TRACE org.hibernate.models.internal.AnnotationDescriptorRegistryStandard 30 register - Registering AnnotationDescriptor - AnnotationDescriptor(org.hibernate.annotations.DialectOverride$JoinFormulas)
20 Apr 2026 18:48:06,468 TRACE org.hibernate.models.internal.AnnotationDescriptorRegistryStandard 30 register - Registering AnnotationDescriptor - AnnotationDescriptor(org.hibernate.annotations.DialectOverride$JoinFormula)
20 Apr 2026 18:48:06,468 TRACE org.hibernate.models.internal.AnnotationDescriptorRegistryStandard 34 register - Registering repeatable AnnotationDescriptor - AnnotationDescriptor(org.hibernate.annotations.DialectOverride$JoinFormulas)
20 Apr 2026 18:48:06,469 TRACE org.hibernate.models.internal.AnnotationDescriptorRegistryStandard 30 register - Registering AnnotationDescriptor - AnnotationDescriptor(org.hibernate.annotations.DialectOverride$SQLInserts)
20 Apr 2026 18:48:06,469 TRACE org.hibernate.models.internal.AnnotationDescriptorRegistryStandard 30 register - Registering AnnotationDescriptor - AnnotationDescriptor(org.hibernate.annotations.DialectOverride$SQLInsert)
20 Apr 2026 18:48:06,469 TRACE org.hibernate.models.internal.AnnotationDescriptorRegistryStandard 34 register - Registering repeatable AnnotationDescriptor - AnnotationDescriptor(org.hibernate.annotations.DialectOverride$SQLInserts)
20 Apr 2026 18:48:06,469 TRACE org.hibernate.models.internal.AnnotationDescriptorRegistryStandard 30 register - Registering AnnotationDescriptor - AnnotationDescriptor(org.hibernate.annotations.DialectOverride$SQLUpdates)
20 Apr 2026 18:48:06,469 TRACE org.hibernate.models.internal.AnnotationDescriptorRegistryStandard 30 register - Registering AnnotationDescriptor - AnnotationDescriptor(org.hibernate.annotations.DialectOverride$SQLUpdate)
20 Apr 2026 18:48:06,469 TRACE org.hibernate.models.internal.AnnotationDescriptorRegistryStandard 34 register - Registering repeatable AnnotationDescriptor - AnnotationDescriptor(org.hibernate.annotations.DialectOverride$SQLUpdates)
20 Apr 2026 18:48:06,469 TRACE org.hibernate.models.internal.AnnotationDescriptorRegistryStandard 30 register - Registering AnnotationDescriptor - AnnotationDescriptor(org.hibernate.annotations.DialectOverride$SQLDeletes)
20 Apr 2026 18:48:06,469 TRACE org.hibernate.models.internal.AnnotationDescriptorRegistryStandard 30 register - Registering AnnotationDescriptor - AnnotationDescriptor(org.hibernate.annotations.DialectOverride$SQLDelete)
20 Apr 2026 18:48:06,469 TRACE org.hibernate.models.internal.AnnotationDescriptorRegistryStandard 34 register - Registering repeatable AnnotationDescriptor - AnnotationDescriptor(org.hibernate.annotations.DialectOverride$SQLDeletes)
20 Apr 2026 18:48:06,469 TRACE org.hibernate.models.internal.AnnotationDescriptorRegistryStandard 30 register - Registering AnnotationDescriptor - AnnotationDescriptor(org.hibernate.annotations.DialectOverride$SQLDeleteAlls)
20 Apr 2026 18:48:06,469 TRACE org.hibernate.models.internal.AnnotationDescriptorRegistryStandard 30 register - Registering AnnotationDescriptor - AnnotationDescriptor(org.hibernate.annotations.DialectOverride$SQLDeleteAll)
20 Apr 2026 18:48:06,469 TRACE org.hibernate.models.internal.AnnotationDescriptorRegistryStandard 34 register - Registering repeatable AnnotationDescriptor - AnnotationDescriptor(org.hibernate.annotations.DialectOverride$SQLDeleteAlls)
20 Apr 2026 18:48:06,469 TRACE org.hibernate.models.internal.AnnotationDescriptorRegistryStandard 30 register - Registering AnnotationDescriptor - AnnotationDescriptor(org.hibernate.annotations.DialectOverride$SQLOrders)
20 Apr 2026 18:48:06,469 TRACE org.hibernate.models.internal.AnnotationDescriptorRegistryStandard 30 register - Registering AnnotationDescriptor - AnnotationDescriptor(org.hibernate.annotations.DialectOverride$SQLOrder)
20 Apr 2026 18:48:06,469 TRACE org.hibernate.models.internal.AnnotationDescriptorRegistryStandard 34 register - Registering repeatable AnnotationDescriptor - AnnotationDescriptor(org.hibernate.annotations.DialectOverride$SQLOrders)
20 Apr 2026 18:48:06,469 TRACE org.hibernate.models.internal.AnnotationDescriptorRegistryStandard 30 register - Registering AnnotationDescriptor - AnnotationDescriptor(org.hibernate.annotations.DialectOverride$SQLRestrictions)
20 Apr 2026 18:48:06,469 TRACE org.hibernate.models.internal.AnnotationDescriptorRegistryStandard 30 register - Registering AnnotationDescriptor - AnnotationDescriptor(org.hibernate.annotations.DialectOverride$SQLRestriction)
20 Apr 2026 18:48:06,470 TRACE org.hibernate.models.internal.AnnotationDescriptorRegistryStandard 34 register - Registering repeatable AnnotationDescriptor - AnnotationDescriptor(org.hibernate.annotations.DialectOverride$SQLRestrictions)
20 Apr 2026 18:48:06,470 TRACE org.hibernate.models.internal.AnnotationDescriptorRegistryStandard 30 register - Registering AnnotationDescriptor - AnnotationDescriptor(org.hibernate.annotations.DialectOverride$SQLSelects)
20 Apr 2026 18:48:06,470 TRACE org.hibernate.models.internal.AnnotationDescriptorRegistryStandard 30 register - Registering AnnotationDescriptor - AnnotationDescriptor(org.hibernate.annotations.DialectOverride$SQLSelect)
20 Apr 2026 18:48:06,470 TRACE org.hibernate.models.internal.AnnotationDescriptorRegistryStandard 34 register - Registering repeatable AnnotationDescriptor - AnnotationDescriptor(org.hibernate.annotations.DialectOverride$SQLSelects)
20 Apr 2026 18:48:06,470 TRACE org.hibernate.models.internal.AnnotationDescriptorRegistryStandard 30 register - Registering AnnotationDescriptor - AnnotationDescriptor(org.hibernate.annotations.DialectOverride$Version)
20 Apr 2026 18:48:06,472 TRACE org.hibernate.models.internal.AnnotationDescriptorRegistryStandard 30 register - Registering AnnotationDescriptor - AnnotationDescriptor(org.hibernate.boot.internal.Abstract)
20 Apr 2026 18:48:06,472 TRACE org.hibernate.models.internal.AnnotationDescriptorRegistryStandard 30 register - Registering AnnotationDescriptor - AnnotationDescriptor(org.hibernate.boot.internal.AnyKeyType)
20 Apr 2026 18:48:06,472 TRACE org.hibernate.models.internal.AnnotationDescriptorRegistryStandard 30 register - Registering AnnotationDescriptor - AnnotationDescriptor(org.hibernate.boot.internal.CollectionClassification)
20 Apr 2026 18:48:06,472 TRACE org.hibernate.models.internal.AnnotationDescriptorRegistryStandard 30 register - Registering AnnotationDescriptor - AnnotationDescriptor(org.hibernate.boot.internal.Extends)
20 Apr 2026 18:48:06,472 TRACE org.hibernate.models.internal.AnnotationDescriptorRegistryStandard 30 register - Registering AnnotationDescriptor - AnnotationDescriptor(org.hibernate.boot.internal.Target)
20 Apr 2026 18:48:06,473 TRACE org.hibernate.service.internal.AbstractServiceRegistryImpl 231 initializeService - HHH010500: Initializing service: org.hibernate.boot.cfgxml.spi.CfgXmlAccessService
20 Apr 2026 18:48:06,475 TRACE org.hibernate.boot.internal.BootstrapContextImpl 318 injectScanEnvironment - HHH160224: Injecting ScanEnvironment [org.hibernate.jpa.boot.internal.StandardJpaScanEnvironmentImpl@39f02894] into BootstrapContext; was [null]
20 Apr 2026 18:48:06,475 TRACE org.hibernate.boot.internal.BootstrapContextImpl 311 injectScanOptions - HHH160223: Injecting ScanOptions [org.hibernate.boot.archive.scan.internal.StandardScanOptions@72cf496a] into BootstrapContext; was [org.hibernate.boot.archive.scan.internal.StandardScanOptions@622af598]
20 Apr 2026 18:48:06,481 DEBUG org.hibernate.boot.model.process.internal.ScanningCoordinator 201 getStandardScanner - HHH060002: No ScannerFactory available (to enable scanning add 'hibernate-scan-jandex' dependency or supply a custom ScannerFactory)
20 Apr 2026 18:48:06,490 TRACE org.hibernate.service.internal.AbstractServiceRegistryImpl 231 initializeService - HHH010500: Initializing service: org.hibernate.engine.jdbc.env.spi.JdbcEnvironment
20 Apr 2026 18:48:06,491 TRACE org.hibernate.service.internal.AbstractServiceRegistryImpl 231 initializeService - HHH010500: Initializing service: org.hibernate.engine.jdbc.dialect.spi.DialectFactory
20 Apr 2026 18:48:06,491 TRACE org.hibernate.service.internal.AbstractServiceRegistryImpl 231 initializeService - HHH010500: Initializing service: org.hibernate.engine.jdbc.dialect.spi.DialectResolver
20 Apr 2026 18:48:06,492 TRACE org.hibernate.service.internal.AbstractServiceRegistryImpl 231 initializeService - HHH010500: Initializing service: org.hibernate.engine.jdbc.connections.spi.MultiTenantConnectionProvider
20 Apr 2026 18:48:06,492 TRACE org.hibernate.service.internal.AbstractServiceRegistryImpl 231 initializeService - HHH010500: Initializing service: org.hibernate.engine.jdbc.connections.spi.ConnectionProvider
20 Apr 2026 18:48:06,492 TRACE org.hibernate.service.internal.AbstractServiceRegistryImpl 231 initializeService - HHH010500: Initializing service: org.hibernate.engine.jdbc.connections.spi.MultiTenantConnectionProvider
20 Apr 2026 18:48:06,493 INFO  org.hibernate.engine.jdbc.connections.internal.ConnectionProviderInitiator 124 instantiateNamedConnectionProvider - HHH102002: Instantiating explicit connection provider: org.hibernate.hikaricp.internal.HikariCPConnectionProvider
20 Apr 2026 18:48:06,495 DEBUG org.hibernate.hikaricp.internal.HikariCPConnectionProvider 72 configure - HHH10001012: Configuring connection pool [HikariCP]
20 Apr 2026 18:48:06,678 TRACE org.hibernate.service.internal.AbstractServiceRegistryImpl 231 initializeService - HHH010500: Initializing service: org.hibernate.resource.transaction.spi.TransactionCoordinatorBuilder
20 Apr 2026 18:48:06,683 TRACE org.hibernate.engine.jdbc.internal.JdbcCoordinatorImpl 82 <init> - HHH100002: Created JdbcCoordinator @281501884
20 Apr 2026 18:48:06,688 DEBUG org.hibernate.engine.jdbc.env.internal.JdbcEnvironmentInitiator 457 logDatabaseAndDriver - HHH100017: Database:
	name: PostgreSQL
	version: 18.0
	major: 18
	minor: 0
20 Apr 2026 18:48:06,688 DEBUG org.hibernate.engine.jdbc.env.internal.JdbcEnvironmentInitiator 463 logDatabaseAndDriver - HHH100018: Driver:
	name: PostgreSQL JDBC Driver
	version: 42.7.4
	major: 42
	minor: 7
	JDBC version: 4.2
20 Apr 2026 18:48:06,706 WARN  org.hibernate.engine.jdbc.dialect.internal.DialectFactoryImpl 152 constructDialect - HHH90000025: PostgreSQLDialect does not need to be specified explicitly using 'hibernate.dialect' (remove the property setting and it will be selected by default)
20 Apr 2026 18:48:06,706 DEBUG org.hibernate.engine.jdbc.dialect.internal.DialectFactoryImpl 93 logSelectedDialect - HHH035001: Using dialect: org.hibernate.dialect.PostgreSQLDialect, version: 18.0
20 Apr 2026 18:48:06,708 TRACE org.hibernate.engine.jdbc.env.spi.IdentifierHelperBuilder 106 applyIdentifierCasing - JDBC driver metadata reported database stores quoted identifiers in neither upper, lower nor mixed case
20 Apr 2026 18:48:06,716 DEBUG org.hibernate.engine.jdbc.env.internal.LobCreationHelper 57 getSupportedContextualLobTypes - HHH10010004: Disabling contextual LOB creation as Dialect reported it is not supported
20 Apr 2026 18:48:06,716 DEBUG org.hibernate.engine.jdbc.env.internal.JdbcEnvironmentImpl 379 logJdbcFetchSize - HHH100122: Using default JDBC fetch size: 0
20 Apr 2026 18:48:06,721 TRACE org.hibernate.engine.jdbc.internal.JdbcCoordinatorImpl 149 close - HHH100003: Closing JdbcCoordinator @281501884
20 Apr 2026 18:48:06,721 TRACE org.hibernate.resource.jdbc.internal.ResourceRegistryStandardImpl 298 releaseResources - HHH10002501: Releasing registered JDBC resources
20 Apr 2026 18:48:06,722 TRACE org.hibernate.resource.jdbc.internal.LogicalConnectionManagedImpl 262 close - HHH10003017: Closing logical connection @194421780
20 Apr 2026 18:48:06,722 TRACE org.hibernate.resource.jdbc.internal.LogicalConnectionManagedImpl 269 close - HHH10003018: Closed logical connection @194421780
20 Apr 2026 18:48:06,722 TRACE org.hibernate.service.internal.AbstractServiceRegistryImpl 231 initializeService - HHH010500: Initializing service: org.hibernate.engine.jdbc.connections.spi.MultiTenantConnectionProvider
20 Apr 2026 18:48:06,723 INFO  org.hibernate.engine.jdbc.env.internal.JdbcEnvironmentInitiator 179 logConnectionInfo - HHH10001005: Database info:
	Database JDBC URL [jdbc:postgresql://localhost:5432/BkDatabase]
	Database driver: org.postgresql.Driver
	Database dialect: PostgreSQLDialect
	Database version: 18.0
	Default catalog/schema: BkDatabase/public
	Autocommit mode: true
	Isolation level: READ_COMMITTED
	JDBC fetch size: none
	Pool: HikariCPConnectionProvider
	Minimum pool size: 5
	Maximum pool size: 10
20 Apr 2026 18:48:06,724 TRACE org.hibernate.service.internal.AbstractServiceRegistryImpl 231 initializeService - HHH010500: Initializing service: org.hibernate.engine.jdbc.spi.JdbcServices
20 Apr 2026 18:48:06,724 TRACE org.hibernate.service.internal.AbstractServiceRegistryImpl 231 initializeService - HHH010500: Initializing service: org.hibernate.engine.jdbc.spi.SqlStatementLogger
20 Apr 2026 18:48:06,724 TRACE org.hibernate.service.internal.AbstractServiceRegistryImpl 231 initializeService - HHH010500: Initializing service: org.hibernate.sql.ast.spi.ParameterMarkerStrategy
20 Apr 2026 18:48:06,780 TRACE org.hibernate.boot.model.relational.Namespace 59 <init> - HHH160181: Created database namespace [logicalName=Name[catalog=null, schema=null], physicalName=Name[catalog=null, schema=null]]
20 Apr 2026 18:48:06,789 TRACE org.hibernate.boot.model.internal.EntityBinder 227 bindEntityClass - HHH160175: Binding entity with annotated class: domain.User
20 Apr 2026 18:48:06,795 TRACE org.hibernate.boot.internal.InFlightMetadataCollectorImpl 881 addImport - HHH160155: Import: User -> domain.User
20 Apr 2026 18:48:06,795 TRACE org.hibernate.boot.internal.InFlightMetadataCollectorImpl 881 addImport - HHH160155: Import: domain.User -> domain.User
20 Apr 2026 18:48:06,806 TRACE org.hibernate.boot.model.internal.AnnotatedColumn 270 bind - HHH160141: Binding column: DTYPE
20 Apr 2026 18:48:06,826 TRACE org.hibernate.boot.model.internal.AnnotatedColumn 270 bind - HHH160141: Binding column: id
20 Apr 2026 18:48:06,845 TRACE org.hibernate.boot.model.internal.AnnotatedColumn 270 bind - HHH160141: Binding column: email
20 Apr 2026 18:48:06,848 TRACE org.hibernate.boot.model.internal.AnnotatedColumn 270 bind - HHH160141: Binding column: password
20 Apr 2026 18:48:06,849 TRACE org.hibernate.boot.model.internal.AnnotatedColumn 270 bind - HHH160141: Binding column: username
20 Apr 2026 18:48:06,864 TRACE org.hibernate.service.internal.AbstractServiceRegistryImpl 231 initializeService - HHH010500: Initializing service: org.hibernate.boot.spi.SessionFactoryBuilderService
20 Apr 2026 18:48:06,871 TRACE org.hibernate.service.internal.AbstractServiceRegistryImpl 231 initializeService - HHH010500: Initializing service: org.hibernate.engine.jdbc.connections.spi.MultiTenantConnectionProvider
20 Apr 2026 18:48:06,874 TRACE org.hibernate.service.internal.AbstractServiceRegistryImpl 231 initializeService - HHH010500: Initializing service: org.hibernate.bytecode.spi.BytecodeProvider
20 Apr 2026 18:48:06,996 TRACE org.hibernate.internal.SessionFactoryRegistry 54 <init> - Initializing SessionFactoryRegistry @719515055
20 Apr 2026 18:48:07,006 TRACE org.hibernate.internal.SessionFactoryImpl 213 <init> - Building session factory
20 Apr 2026 18:48:07,006 TRACE org.hibernate.service.internal.AbstractServiceRegistryImpl 231 initializeService - HHH010500: Initializing service: org.hibernate.service.spi.SessionFactoryServiceRegistryFactory
20 Apr 2026 18:48:07,011 TRACE org.hibernate.boot.internal.ClassLoaderAccessImpl 58 classForName - HHH160236: No temp ClassLoader provided; using live ClassLoader to load potentially unsafe class: domain.User
20 Apr 2026 18:48:07,026 DEBUG org.hibernate.internal.SessionFactoryImpl 230 <init> - HHH90020001: Instantiating factory [d921559e-7fca-4e34-8e41-8fea7ac98098] with settings: {java.specification.version=17, javafx.runtime.version=17.0.14+4, sun.cpu.isalist=amd64, sun.jnu.encoding=Cp1252, hibernate.dialect=org.hibernate.dialect.PostgreSQLDialect, java.class.path=D:\school\homework\ISS\BookClubReader\App\BookClubJavaFXVersion\build\classes\java\main;D:\school\homework\ISS\BookClubReader\App\BookClubJavaFXVersion\build\resources\main;C:\Users\PC\.gradle\caches\modules-2\files-2.1\org.apache.logging.log4j\log4j-slf4j-impl\2.25.3\4a173925524d8f6c3f39ae8954ee348e8244afd7\log4j-slf4j-impl-2.25.3.jar;C:\Users\PC\.gradle\caches\modules-2\files-2.1\org.apache.logging.log4j\log4j-core\2.25.3\dd9c8ecba5c8dc5e1574804d0bfdc1ef155ad9ea\log4j-core-2.25.3.jar;C:\Users\PC\.gradle\caches\modules-2\files-2.1\org.apache.logging.log4j\log4j-api\2.25.3\fb385330d89c2d61058ef649403f214633569205\log4j-api-2.25.3.jar;C:\Users\PC\.gradle\caches\modules-2\files-2.1\org.postgresql\postgresql\42.7.4\264310fd7b2cd76738787dc0b9f7ea2e3b11adc1\postgresql-42.7.4.jar;C:\Users\PC\.gradle\caches\modules-2\files-2.1\org.hibernate.orm\hibernate-hikaricp\7.3.1.Final\176877e6e3a20252300fba7f3c902076138a6899\hibernate-hikaricp-7.3.1.Final.jar;C:\Users\PC\.gradle\caches\modules-2\files-2.1\org.hibernate.orm\hibernate-core\7.3.1.Final\1415a8e09e3cebc37051948699f1be126c0de09\hibernate-core-7.3.1.Final.jar;C:\Users\PC\.gradle\caches\modules-2\files-2.1\jakarta.persistence\jakarta.persistence-api\3.2.0\bb75a113f3fa191c2c7ee7b206d8e674251b3129\jakarta.persistence-api-3.2.0.jar;C:\Users\PC\.gradle\caches\modules-2\files-2.1\jakarta.annotation\jakarta.annotation-api\3.0.0\54f928fadec906a99d558536756d171917b9d936\jakarta.annotation-api-3.0.0.jar;C:\Users\PC\.gradle\caches\modules-2\files-2.1\org.glassfish.jaxb\jaxb-runtime\4.0.6\fb95ebb62564657b2fedfe165b859789ef3a8711\jaxb-runtime-4.0.6.jar;C:\Users\PC\.gradle\caches\modules-2\files-2.1\org.glassfish.jaxb\jaxb-core\4.0.6\8e61282303777fc98a00cc3affd0560d68748a75\jaxb-core-4.0.6.jar;C:\Users\PC\.gradle\caches\modules-2\files-2.1\jakarta.xml.bind\jakarta.xml.bind-api\4.0.5\161811f36cad3c65991502e80317f2f6703361df\jakarta.xml.bind-api-4.0.5.jar;C:\Users\PC\.gradle\caches\modules-2\files-2.1\org.openjfx\javafx-fxml\17.0.14\7708376489abc90ccd101099ab4a927fd6cbc4ba\javafx-fxml-17.0.14-win.jar;C:\Users\PC\.gradle\caches\modules-2\files-2.1\org.openjfx\javafx-controls\17.0.14\772e2fc6d553a5c9f364ef582959100c749c1668\javafx-controls-17.0.14-win.jar;C:\Users\PC\.gradle\caches\modules-2\files-2.1\com.zaxxer\HikariCP\7.0.2\c2b43c946b86a14a96342379e22b004c56c6166d\HikariCP-7.0.2.jar;C:\Users\PC\.gradle\caches\modules-2\files-2.1\org.slf4j\slf4j-api\2.0.17\d9e58ac9c7779ba3bf8142aff6c830617a7fe60f\slf4j-api-2.0.17.jar;C:\Users\PC\.gradle\caches\modules-2\files-2.1\org.checkerframework\checker-qual\3.42.0\638ec33f363a94d41a4f03c3e7d3dcfba64e402d\checker-qual-3.42.0.jar;C:\Users\PC\.gradle\caches\modules-2\files-2.1\org.eclipse.angus\angus-activation\2.0.3\7f80607ea5014fef0b1779e6c33d63a88a45a563\angus-activation-2.0.3.jar;C:\Users\PC\.gradle\caches\modules-2\files-2.1\jakarta.activation\jakarta.activation-api\2.1.4\9e5c2a0d75dde71a0bedc4dbdbe47b78a5dc50f8\jakarta.activation-api-2.1.4.jar;C:\Users\PC\.gradle\caches\modules-2\files-2.1\org.openjfx\javafx-graphics\17.0.14\4f908540bb844bbc62be5d998ea26782c79d9beb\javafx-graphics-17.0.14-win.jar;C:\Users\PC\.gradle\caches\modules-2\files-2.1\jakarta.transaction\jakarta.transaction-api\2.0.1\51a520e3fae406abb84e2e1148e6746ce3f80a1a\jakarta.transaction-api-2.0.1.jar;C:\Users\PC\.gradle\caches\modules-2\files-2.1\org.hibernate.models\hibernate-models\1.1.1\c890a4cc781fd8720e0e2613b4a24b33cdaa80a1\hibernate-models-1.1.1.jar;C:\Users\PC\.gradle\caches\modules-2\files-2.1\org.jboss.logging\jboss-logging\3.6.3.Final\1cc9f976725720bb4a66f80af3e3aa6b9890d969\jboss-logging-3.6.3.Final.jar;C:\Users\PC\.gradle\caches\modules-2\files-2.1\net.bytebuddy\byte-buddy\1.18.8\88ca06016d190f5954569f9d113cd22c96788b0d\byte-buddy-1.18.8.jar;C:\Users\PC\.gradle\caches\modules-2\files-2.1\jakarta.inject\jakarta.inject-api\2.0.1\4c28afe1991a941d7702fe1362c365f0a8641d1e\jakarta.inject-api-2.0.1.jar;C:\Users\PC\.gradle\caches\modules-2\files-2.1\org.antlr\antlr4-runtime\4.13.2\fc3db6d844df652a3d5db31c87fa12757f13691d\antlr4-runtime-4.13.2.jar;C:\Users\PC\.gradle\caches\modules-2\files-2.1\org.openjfx\javafx-base\17.0.14\2d85dd1c4ed8206dae3749f167e6f43d4bb925d5\javafx-base-17.0.14-win.jar;C:\Users\PC\.gradle\caches\modules-2\files-2.1\org.glassfish.jaxb\txw2\4.0.6\4f4cd53b5ff9a2c5aa1211f15ed2569c57dfb044\txw2-4.0.6.jar;C:\Users\PC\.gradle\caches\modules-2\files-2.1\com.sun.istack\istack-commons-runtime\4.1.2\18ec117c85f3ba0ac65409136afa8e42bc74e739\istack-commons-runtime-4.1.2.jar, java.vm.vendor=Oracle Corporation, sun.arch.data.model=64, user.variant=, java.vendor.url=https://java.oracle.com/, user.timezone=Europe/Bucharest, javax.persistence.jdbc.user=****, javax.persistence.jdbc.url=jdbc:postgresql://localhost:5432/BkDatabase, java.vm.specification.version=17, os.name=Windows 11, javafx.version=17.0.14, hibernate.hikari.connectionTimeout=30000, jakarta.persistence.jdbc.password=****, user.country=US, sun.java.launcher=SUN_STANDARD, local.setting.IS_JTA_TXN_COORD=false, sun.boot.library.path=D:\school\tools\jdk\bin, sun.java.command=Main, hibernate.connection.provider_class=org.hibernate.hikaricp.internal.HikariCPConnectionProvider, jdk.debug=release, jakarta.persistence.jdbc.driver=org.postgresql.Driver, sun.cpu.endian=little, user.home=C:\Users\PC, user.language=en, java.specification.vendor=Oracle Corporation, java.version.date=2024-07-16, java.home=D:\school\tools\jdk, file.separator=\, java.vm.compressedOopsMode=Zero based, jakarta.persistence.jdbc.user=****, line.separator=
, hibernate.persistenceUnitName=myPersistenceUnit, hibernate.hikari.maxLifetime=1800000, java.vm.specification.vendor=Oracle Corporation, java.specification.name=Java Platform API Specification, hibernate.hikari.connectionTestQuery=SELECT 1, hibernate.transaction.coordinator_class=class org.hibernate.resource.transaction.backend.jdbc.internal.JdbcResourceLocalTransactionCoordinatorBuilderImpl, javax.persistence.jdbc.driver=org.postgresql.Driver, hibernate.hikari.maximumPoolSize=10, hibernate.hbm2ddl.auto=update, user.script=, sun.management.compiler=HotSpot 64-Bit Tiered Compilers, java.runtime.version=17.0.12+8-LTS-286, user.name=PC, path.separator=;, hibernate.connection.username=****, os.version=10.0, java.runtime.name=Java(TM) SE Runtime Environment, hibernate.connection.url=jdbc:postgresql://localhost:5432/BkDatabase, file.encoding=UTF-8, hibernate.hikari.minimumIdle=5, hibernate.hikari.idleTimeout=600000, java.vm.name=Java HotSpot(TM) 64-Bit Server VM, hibernate.connection.driver_class=org.postgresql.Driver, java.vendor.url.bug=https://bugreport.java.com/bugreport/, java.io.tmpdir=C:\Users\PC\AppData\Local\Temp\, java.version=17.0.12, user.dir=D:\school\homework\ISS\BookClubReader\App\BookClubJavaFXVersion, os.arch=amd64, java.vm.specification.name=Java Virtual Machine Specification, hibernate.connection.password=****, sun.os.patch.level=, jakarta.persistence.jdbc.url=jdbc:postgresql://localhost:5432/BkDatabase, hibernate.boot.CfgXmlAccessService.key=org.hibernate.boot.registry.StandardServiceRegistryBuilder$1@58c5d990, native.encoding=Cp1252, java.library.path=D:\school\tools\jdk\bin;C:\WINDOWS\Sun\Java\bin;C:\WINDOWS\system32;C:\WINDOWS;C:\Python314\Scripts\;C:\Python314\;C:\Program Files\Common Files\Oracle\Java\javapath;C:\WINDOWS\system32;C:\WINDOWS;C:\WINDOWS\System32\Wbem;C:\WINDOWS\System32\WindowsPowerShell\v1.0\;C:\WINDOWS\System32\OpenSSH\;C:\Program Files\dotnet\;C:\Program Files (x86)\Microsoft SQL Server\160\Tools\Binn\;C:\Program Files\Microsoft SQL Server\160\Tools\Binn\;C:\Program Files\Microsoft SQL Server\Client SDK\ODBC\170\Tools\Binn\;C:\Program Files\Microsoft SQL Server\160\DTS\Binn\;D:\school\tools\git\Git\cmd;D:\school\tools\swi_prolog\swipl\bin;D:\school\tools\putty\;D:\tools\nodeJs\;C:\ProgramData\chocolatey\bin;D:\school\tools\clisp-2.49-win32-mingw-big\clisp-2.49\clisp.exe;C:\Program Files (x86)\Microsoft SQL Server\170\Tools\Binn\;C:\Program Files\Microsoft SQL Server\170\Tools\Binn\;C:\Program Files\Microsoft SQL Server\Client SDK\ODBC\180\Tools\Binn\;C:\Program Files\Microsoft SQL Server\170\DTS\Binn\;C:\Users\PC\AppData\Local\Programs\Python\Launcher\;C:\Users\PC\AppData\Local\Microsoft\WindowsApps;D:\tools\PyCharm 2025.1.3.1\bin;;D:\tools\CLion 2025.1.4\bin;;D:\school\tools\intellij\IntelliJ IDEA 2025.2.2\bin;C:\Users\PC\AppData\Roaming\npm;D:\school\tools\clisp-2.49-win32-mingw-big\clisp-2.49\clisp.exe;D:\tools\rider\JetBrains Rider 2025.3.0.4\bin;C:\Users\PC\.dotnet\tools;C:\Users\PC\.dotnet\tools;D:\school\tools\tdm-gcc\bin;C:\Users\PC\AppData\Local\Microsoft\WinGet\Packages\Google.Protobuf_Microsoft.Winget.Source_8wekyb3d8bbwe\bin;;., java.vendor=Oracle Corporation, java.vm.info=mixed mode, sharing, java.vm.version=17.0.12+8-LTS-286, sun.io.unicode.encoding=UnicodeLittle, hibernate.hikari.autoCommit=true, javax.persistence.jdbc.password=****, java.class.version=61.0}
20 Apr 2026 18:48:07,027 TRACE org.hibernate.service.internal.AbstractServiceRegistryImpl 231 initializeService - HHH010500: Initializing service: org.hibernate.cache.spi.CacheImplementor
20 Apr 2026 18:48:07,030 TRACE org.hibernate.service.internal.AbstractServiceRegistryImpl 231 initializeService - HHH010500: Initializing service: org.hibernate.sql.results.jdbc.spi.JdbcValuesMappingProducerProvider
20 Apr 2026 18:48:07,096 DEBUG org.hibernate.query.internal.QueryEngineImpl 155 createFunctionRegistry - Available HQL Functions:
	abs(NUMERIC arg)
	Double acos(NUMERIC arg)
	Double acosh(NUMERIC arg)
	Boolean any(BOOLEAN predicate)
	array( ... )
	array_agg(arg)
	array_append( ... )
	array_concat( ... )
	Boolean array_contains(ARRAY haystackArray, OBJECT needleElementOrArray)
	Boolean array_contains_nullable(ARRAY haystackArray, OBJECT needleElementOrArray)
	array_fill(OBJECT element, INTEGER elementCount)
	array_fill_list(OBJECT element, INTEGER elementCount)
	array_get(ARRAY array, INTEGER index)
	Boolean array_includes(ARRAY haystackArray, OBJECT needleArray)
	Boolean array_includes_nullable(ARRAY haystackArray, OBJECT needleArray)
	Boolean array_intersects(ARRAY array0, OBJECT array1)
	Boolean array_intersects_nullable(ARRAY array0, OBJECT array1)
	Integer array_length(ARRAY array)
	array_list( ... )
	Boolean array_overlaps(ARRAY array0, OBJECT array1)
	Boolean array_overlaps_nullable(ARRAY array0, OBJECT array1)
	Integer array_position(ARRAY array, OBJECT element[, INTEGER startPosition])
	int[] array_positions(ARRAY array, OBJECT element)
	List array_positions_list(ARRAY array, OBJECT element)
	array_prepend( ... )
	array_remove( ... )
	array_remove_index( ... )
	array_replace(ARRAY array, OBJECT old, OBJECT new)
	array_reverse(ARRAY array)
	array_set( ... )
	array_slice(ARRAY array, INTEGER start, INTEGER end)
	array_sort(ARRAY array[, boolean descending[, boolean nulls_first]])
	String array_to_string( ... )
	array_trim(ARRAY array, INTEGER elementsToRemove)
	Integer ascii(STRING arg)
	Double asin(NUMERIC arg)
	Double asinh(NUMERIC arg)
	Double atan(NUMERIC arg)
	Double atan2(NUMERIC arg0, NUMERIC arg1)
	Double atanh(NUMERIC arg)
	avg(arg)
	bit_and(arg)
	Integer bit_length(STRING_OR_CLOB arg)
	bit_or(arg)
	bitand(arg0, arg1)
	bitnot(arg)
	bitor(arg0, arg1)
	bitxor(arg0, arg1)
	Boolean bool_and(BOOLEAN predicate)
	Boolean bool_or(BOOLEAN predicate)
	cast(arg as Type)
	Double cbrt(NUMERIC arg)
	ceiling(NUMERIC arg)
	Character char(INTEGER arg)
	Integer character_length(STRING_OR_CLOB arg)
	Character chr(INTEGER arg)
	coalesce(arg0[, arg1[, ...]])
	String collate(STRING string as COLLATION collation)
	(STRING string0[, STRING string1[, ...]])
	Double corr(NUMERIC arg0, NUMERIC arg1)
	Double cos(NUMERIC arg)
	Double cosh(NUMERIC arg)
	Double cot(NUMERIC arg)
	Long count([distinct ]{arg|*})
	Double covar_pop(NUMERIC arg0, NUMERIC arg1)
	Double covar_samp(NUMERIC arg0, NUMERIC arg1)
	Double cume_dist([arg0[, ...]])
	Date current date
	Date current time
	Date current timestamp
	Date current_date
	Instant current_instant
	Date current_time
	Date current_timestamp
	date_trunc(STRING field, TEMPORAL datetime)
	dateadd(TEMPORAL_UNIT field, INTEGER magnitude, TEMPORAL datetime)
	Long|Double datediff(TEMPORAL_UNIT field, TEMPORAL start, TEMPORAL end)
	Double degrees(NUMERIC arg)
	Long dense_rank([arg0[, ...]])
	Boolean every(BOOLEAN predicate)
	Double exp(NUMERIC arg)
	extract(TEMPORAL_UNIT field from TEMPORAL arg)
	first_valueANY value
	floor(NUMERIC arg)
	String format(TEMPORAL datetime as STRING pattern)
	greatest(COMPARABLE arg0, COMPARABLE arg1[, arg2[, ...]])
	String hex(arg)
	ifnull(arg0, arg1)
	String initcap(arg)
	String insert(STRING string, INTEGER start, INTEGER length, STRING replacement)
	Instant instant
	String json_array([arg0[, ...]])
	String json_array_append(IMPLICIT_JSON arg0, STRING arg1, ANY arg2)
	String json_array_insert(IMPLICIT_JSON arg0, STRING arg1, ANY arg2)
	String json_arrayagg(arg0[, arg1])
	Boolean json_exists(IMPLICIT_JSON arg0, STRING arg1)
	String json_insert(IMPLICIT_JSON arg0, STRING arg1, ANY arg2)
	String json_mergepatch(IMPLICIT_JSON arg0, IMPLICIT_JSON arg1[, arg2[, ...]])
	String json_object( ... )
	String json_objectagg(arg0, arg1[, arg2, arg3])
	String json_query( ... )
	String json_remove(IMPLICIT_JSON arg0, STRING arg1)
	String json_replace(IMPLICIT_JSON arg0, STRING arg1, ANY arg2)
	String json_set(IMPLICIT_JSON arg0, STRING arg1, ANY arg2)
	json_value( ... )
	lagANY value[, INTEGER offset[, ANY default]]
	last_valueANY value
	leadANY value[, INTEGER offset[, ANY default]]
	least(COMPARABLE arg0, COMPARABLE arg1[, arg2[, ...]])
	String left(STRING string, INTEGER length)
	length
	String listagg(STRING arg0, STRING arg1)
	Double ln(NUMERIC arg)
	LocalDate local date
	LocalDateTime local datetime
	LocalTime local time
	LocalDate local_date
	LocalDateTime local_datetime
	LocalTime local_time
	Date localtime
	Date localtimestamp
	Integer locate(STRING pattern, STRING string[, INTEGER start])
	Double log(NUMERIC arg0[, NUMERIC arg1])
	Double log10(NUMERIC arg)
	String lower(STRING string)
	String lpad(STRING string, INTEGER length[, STRING padding])
	String ltrim(STRING string[, STRING characters])
	Date make_date(INTEGER arg0, INTEGER arg1, INTEGER arg2)
	Date make_time(INTEGER arg0, INTEGER arg1, INTEGER arg2)
	Date make_timestamp(INTEGER arg0, INTEGER arg1, INTEGER arg2, INTEGER arg3, INTEGER arg4, INTEGER arg5)
	Date make_timestamptz(INTEGER arg0, INTEGER arg1, INTEGER arg2, INTEGER arg3, INTEGER arg4, INTEGER arg5[, INTEGER arg6])
	max(COMPARABLE arg)
	byte[] md5(arg)
	Double median(NUMERIC arg)
	min(COMPARABLE arg)
	Integer mod(INTEGER arg0, INTEGER arg1)
	mode()
	nth_valueANY value, INTEGER nth
	nullif(arg0, arg1)
	Integer octet_length(STRING_OR_CLOB arg)
	OffsetDateTime offset datetime
	OffsetDateTime offset_datetime
	Integer ordinal(ENUM arg)
	String overlay(string placing replacement from start[ for length])
	String pad(STRING string with INTEGER length {leading|trailing}[ STRING character])
	Double percent_rank([arg0[, ...]])
	percentile_cont(NUMERIC arg)
	percentile_disc(NUMERIC arg)
	Double pi
	Integer position(STRING pattern in STRING string)
	Double power(NUMERIC arg0, NUMERIC arg1)
	Double radians(NUMERIC arg)
	Long rank([arg0[, ...]])
	(STRING string, STRING pattern[, STRING flags])
	Double regr_avgx(NUMERIC arg0, NUMERIC arg1)
	Double regr_avgy(NUMERIC arg0, NUMERIC arg1)
	Double regr_count(NUMERIC arg0, NUMERIC arg1)
	Double regr_intercept(NUMERIC arg0, NUMERIC arg1)
	Double regr_r2(NUMERIC arg0, NUMERIC arg1)
	Double regr_slope(NUMERIC arg0, NUMERIC arg1)
	Double regr_sxx(NUMERIC arg0, NUMERIC arg1)
	Double regr_sxy(NUMERIC arg0, NUMERIC arg1)
	Double regr_syy(NUMERIC arg0, NUMERIC arg1)
	String repeat(STRING string, INTEGER times)
	String replace(STRING string, STRING pattern, STRING replacement)
	String reverse(STRING arg)
	String right(STRING string, INTEGER length)
	round(NUMERIC number[, INTEGER places])
	Long row_number()
	String rpad(STRING string, INTEGER length[, STRING padding])
	String rtrim(STRING string[, STRING characters])
	byte[] sha(arg)
	Integer sign(NUMERIC arg)
	Double sin(NUMERIC arg)
	Double sinh(NUMERIC arg)
	String soundex(arg)
	sql
	Double sqrt(NUMERIC arg)
	Double stddev(NUMERIC arg)
	Double stddev_pop(NUMERIC arg)
	Double stddev_samp(NUMERIC arg)
	String str(arg)
	String string(ENUM arg)
	String substr(STRING string, INTEGER start[, INTEGER length])
	String substring(STRING string{ from|,} INTEGER start[{ for|,} INTEGER length])
	sum(arg)
	Double tan(NUMERIC arg)
	Double tanh(NUMERIC arg)
	timestampadd(TEMPORAL_UNIT field, INTEGER magnitude, TEMPORAL datetime)
	Long|Double timestampdiff(TEMPORAL_UNIT field, TEMPORAL start, TEMPORAL end)
	String to_char(ANY arg0[, STRING arg1, STRING arg2])
	Date to_date(STRING arg0[, STRING arg1, STRING arg2])
	Double to_number(STRING arg0[, STRING arg1, STRING arg2])
	Date to_timestamp(STRING arg0[, STRING arg1, STRING arg2])
	String translate(STRING arg0, STRING arg1, STRING arg2)
	String trim([[{leading|trailing|both} ][STRING arg0 ]from] STRING arg1)
	trunc( ... )
	truncate( ... )
	String upper(STRING string)
	Double var_pop(NUMERIC arg)
	Double var_samp(NUMERIC arg)
	Double variance(NUMERIC arg)
	String xmlagg( ... )
	String xmlcomment(STRING arg)
	String xmlconcat( ... )
	String xmlelement( ... )
	Boolean xmlexists( ... )
	String xmlforest( ... )
	String xmlpi( ... )
	String xmlquery( ... )

20 Apr 2026 18:48:07,101 TRACE org.hibernate.query.internal.QueryInterpretationCacheStandardImpl 48 <init> - Starting query interpretation cache (size 2048)
20 Apr 2026 18:48:07,101 TRACE org.hibernate.service.internal.AbstractServiceRegistryImpl 231 initializeService - HHH010500: Initializing service: org.hibernate.internal.util.cache.InternalCacheFactory
20 Apr 2026 18:48:07,105 TRACE org.hibernate.service.internal.AbstractServiceRegistryImpl 231 initializeService - HHH010500: Initializing service: org.hibernate.engine.query.spi.NativeQueryInterpreter
20 Apr 2026 18:48:07,163 TRACE org.hibernate.service.internal.AbstractServiceRegistryImpl 231 initializeService - HHH010500: Initializing service: org.hibernate.persister.spi.PersisterFactory
20 Apr 2026 18:48:07,164 TRACE org.hibernate.service.internal.AbstractServiceRegistryImpl 231 initializeService - HHH010500: Initializing service: org.hibernate.persister.spi.PersisterClassResolver
20 Apr 2026 18:48:07,188 TRACE org.hibernate.boot.internal.ClassLoaderAccessImpl 58 classForName - HHH160236: No temp ClassLoader provided; using live ClassLoader to load potentially unsafe class: domain.User
20 Apr 2026 18:48:07,191 TRACE org.hibernate.service.internal.AbstractServiceRegistryImpl 231 initializeService - HHH010500: Initializing service: org.hibernate.property.access.spi.PropertyAccessStrategyResolver
20 Apr 2026 18:48:07,292 DEBUG org.hibernate.bytecode.internal.bytebuddy.BytecodeProviderImpl 211 getReflectionOptimizer - HHH000513: Unable to create the ReflectionOptimizer for [domain.User]: private accessor [email]
20 Apr 2026 18:48:07,354 TRACE org.hibernate.service.internal.AbstractServiceRegistryImpl 231 initializeService - HHH010500: Initializing service: org.hibernate.engine.jdbc.mutation.spi.MutationExecutorService
20 Apr 2026 18:48:07,425 TRACE org.hibernate.sql.results.graph.DomainResultGraphPrinter 64 visitDomainResults - DomainResult graph:
 \-EntityResultImpl [domain.User]
 |  +-BasicFetch [domain.User.email]
 |  +-BasicFetch [domain.User.password]
 |  \-BasicFetch [domain.User.username]

20 Apr 2026 18:48:07,428 TRACE org.hibernate.sql.ast.SqlTreePrinter 40 logSqlAst - SQL AST Tree:
    SelectStatement {
      FromClause {
        StandardTableGroup (u1: domain.User) {
          primaryTableReference: users as u1_0
        }
      }
    }

20 Apr 2026 18:48:07,439 TRACE org.hibernate.persister.entity.AbstractEntityPersister 2756 logStaticSQL - HHH90005101: Static SQL for entity: domain.User
20 Apr 2026 18:48:07,439 TRACE org.hibernate.persister.entity.AbstractEntityPersister 2761 logStaticSQL - HHH90005103:  Version select: select id from users where id=?
20 Apr 2026 18:48:07,439 TRACE org.hibernate.persister.entity.AbstractEntityPersister 2769 logStaticSQL - HHH90005104:  Insert (0): insert into users (email,password,username) values (?,?,?)
20 Apr 2026 18:48:07,439 TRACE org.hibernate.persister.entity.AbstractEntityPersister 2780 logStaticSQL - HHH90005105:  Update (0): update users set email=?,password=?,username=? where id=?
20 Apr 2026 18:48:07,439 TRACE org.hibernate.persister.entity.AbstractEntityPersister 2791 logStaticSQL - HHH90005106:  Delete (0): delete from users where id=?
20 Apr 2026 18:48:07,452 TRACE org.hibernate.metamodel.internal.MetadataContext 288 wrapUp - HHH90005701: Wrapping up metadata context...
20 Apr 2026 18:48:07,452 TRACE org.hibernate.metamodel.internal.MetadataContext 298 wrapUp - HHH90005702: Starting entity [domain.User]
20 Apr 2026 18:48:07,452 TRACE org.hibernate.metamodel.internal.AttributeFactory 165 buildIdAttribute - Building identifier attribute [domain.User.id]
20 Apr 2026 18:48:07,452 TRACE org.hibernate.metamodel.internal.AttributeFactory 422 determineAttributeMetadata - Starting attribute metadata determination [id]
20 Apr 2026 18:48:07,453 TRACE org.hibernate.metamodel.internal.AttributeFactory 425 determineAttributeMetadata - 	Member: private long domain.User.id
20 Apr 2026 18:48:07,453 TRACE org.hibernate.metamodel.internal.AttributeFactory 429 determineAttributeMetadata - 	Type: long [NamedBasicTypeImpl]
20 Apr 2026 18:48:07,455 TRACE org.hibernate.metamodel.internal.AttributeFactory 111 buildAttribute - Building attribute [domain.User.email]
20 Apr 2026 18:48:07,455 TRACE org.hibernate.metamodel.internal.AttributeFactory 422 determineAttributeMetadata - Starting attribute metadata determination [email]
20 Apr 2026 18:48:07,455 TRACE org.hibernate.metamodel.internal.AttributeFactory 425 determineAttributeMetadata - 	Member: private java.lang.String domain.User.email
20 Apr 2026 18:48:07,455 TRACE org.hibernate.metamodel.internal.AttributeFactory 429 determineAttributeMetadata - 	Type: string [NamedBasicTypeImpl]
20 Apr 2026 18:48:07,456 TRACE org.hibernate.metamodel.internal.AttributeFactory 111 buildAttribute - Building attribute [domain.User.password]
20 Apr 2026 18:48:07,456 TRACE org.hibernate.metamodel.internal.AttributeFactory 422 determineAttributeMetadata - Starting attribute metadata determination [password]
20 Apr 2026 18:48:07,456 TRACE org.hibernate.metamodel.internal.AttributeFactory 425 determineAttributeMetadata - 	Member: private java.lang.String domain.User.password
20 Apr 2026 18:48:07,456 TRACE org.hibernate.metamodel.internal.AttributeFactory 429 determineAttributeMetadata - 	Type: string [NamedBasicTypeImpl]
20 Apr 2026 18:48:07,456 TRACE org.hibernate.metamodel.internal.AttributeFactory 111 buildAttribute - Building attribute [domain.User.username]
20 Apr 2026 18:48:07,456 TRACE org.hibernate.metamodel.internal.AttributeFactory 422 determineAttributeMetadata - Starting attribute metadata determination [username]
20 Apr 2026 18:48:07,456 TRACE org.hibernate.metamodel.internal.AttributeFactory 425 determineAttributeMetadata - 	Member: private java.lang.String domain.User.username
20 Apr 2026 18:48:07,456 TRACE org.hibernate.metamodel.internal.AttributeFactory 429 determineAttributeMetadata - 	Type: string [NamedBasicTypeImpl]
20 Apr 2026 18:48:07,456 TRACE org.hibernate.metamodel.internal.MetadataContext 329 wrapUp - HHH90005703: Completed entity [domain.User]
20 Apr 2026 18:48:07,460 TRACE org.hibernate.service.internal.AbstractServiceRegistryImpl 231 initializeService - HHH010500: Initializing service: org.hibernate.engine.transaction.jta.platform.spi.JtaPlatform
20 Apr 2026 18:48:07,460 TRACE org.hibernate.engine.transaction.jta.platform.internal.JtaPlatformInitiator 42 initiateService - No JtaPlatform was specified, checking resolver
20 Apr 2026 18:48:07,460 TRACE org.hibernate.service.internal.AbstractServiceRegistryImpl 231 initializeService - HHH010500: Initializing service: org.hibernate.engine.transaction.jta.platform.spi.JtaPlatformResolver
20 Apr 2026 18:48:07,461 TRACE org.hibernate.engine.transaction.jta.platform.internal.JtaPlatformResolverInitiator 32 initiateService - No JtaPlatformResolver was specified, using default [org.hibernate.engine.transaction.jta.platform.internal.StandardJtaPlatformResolver]
20 Apr 2026 18:48:07,461 TRACE org.hibernate.engine.transaction.jta.platform.internal.StandardJtaPlatformResolver 91 resolveJtaPlatform - Could not resolve JtaPlatform, using default [org.hibernate.engine.transaction.jta.platform.internal.NoJtaPlatform]
20 Apr 2026 18:48:07,461 INFO  org.hibernate.engine.transaction.jta.platform.internal.JtaPlatformInitiator 53 initiateService - HHH000489: No JTA platform available (set 'hibernate.transaction.jta.platform' to enable JTA platform integration)
20 Apr 2026 18:48:07,462 TRACE org.hibernate.service.internal.AbstractServiceRegistryImpl 231 initializeService - HHH010500: Initializing service: org.hibernate.event.spi.EntityCopyObserverFactory
20 Apr 2026 18:48:07,463 TRACE org.hibernate.event.internal.EntityCopyObserverFactoryInitiator 40 initiateService - HHH90080100: Configured EntityCopyObserver strategy: disallow
20 Apr 2026 18:48:07,463 TRACE org.hibernate.service.internal.AbstractServiceRegistryImpl 231 initializeService - HHH010500: Initializing service: org.hibernate.engine.jdbc.batch.spi.BatchBuilder
20 Apr 2026 18:48:07,464 TRACE org.hibernate.engine.jdbc.batch.internal.BatchBuilderImpl 42 <init> - Using standard JDBC batch builder
20 Apr 2026 18:48:07,466 DEBUG org.hibernate.service.internal.SessionFactoryServiceRegistryImpl 102 getService - HHH010454: EventListenerRegistry access via ServiceRegistry is deprecated - use 'sessionFactory.getEventEngine().getListenerRegistry()' instead
20 Apr 2026 18:48:07,466 TRACE org.hibernate.query.internal.NamedObjectRepositoryImpl 316 checkNamedQueries - Checking 0 named HQL queries
20 Apr 2026 18:48:07,467 TRACE org.hibernate.query.internal.NamedObjectRepositoryImpl 336 checkNamedQueries - Checking 0 named SQL queries
20 Apr 2026 18:48:07,467 TRACE org.hibernate.service.internal.AbstractServiceRegistryImpl 231 initializeService - HHH010500: Initializing service: org.hibernate.tool.schema.spi.SchemaManagementTool
20 Apr 2026 18:48:07,471 TRACE org.hibernate.service.internal.AbstractServiceRegistryImpl 231 initializeService - HHH010500: Initializing service: org.hibernate.engine.jdbc.connections.spi.MultiTenantConnectionProvider
20 Apr 2026 18:48:07,499 DEBUG org.hibernate.tool.schema.internal.StandardTableMigrator 101 sqlAlterStrings - No alter strings for table: users
20 Apr 2026 18:48:07,501 TRACE org.hibernate.tool.schema.UniqueConstraintSchemaUpdateStrategy 48 interpret - Interpreting UniqueConstraintSchemaUpdateStrategy from setting: null
20 Apr 2026 18:48:07,501 TRACE org.hibernate.service.internal.AbstractServiceRegistryImpl 231 initializeService - HHH010500: Initializing service: org.hibernate.engine.jndi.spi.JndiService
20 Apr 2026 18:48:07,501 DEBUG org.hibernate.internal.SessionFactoryRegistry 86 addSessionFactory - HHH020384: Registering SessionFactory [d921559e-7fca-4e34-8e41-8fea7ac98098] (myPersistenceUnit)
20 Apr 2026 18:48:07,501 TRACE org.hibernate.internal.SessionFactoryRegistry 93 addSessionFactory - HHH020385: Not binding SessionFactory to JNDI, no JNDI name configured
20 Apr 2026 18:48:07,501 TRACE org.hibernate.internal.SessionFactoryImpl 337 <init> - Instantiated factory: d921559e-7fca-4e34-8e41-8fea7ac98098
20 Apr 2026 18:57:45,503 DEBUG org.jboss.logging.LoggerProviders 162 logProvider - Logging Provider: org.jboss.logging.Log4j2LoggerProvider
20 Apr 2026 18:57:45,505 TRACE org.hibernate.jpa.HibernatePersistenceProvider 52 createEntityManagerFactory - HHH008522: Starting createEntityManagerFactory for persistenceUnitName myPersistenceUnit
20 Apr 2026 18:57:45,505 TRACE org.hibernate.jpa.HibernatePersistenceProvider 98 getEntityManagerFactoryBuilderOrNull - HHH008524: Attempting to obtain correct EntityManagerFactoryBuilder for persistenceUnitName : myPersistenceUnit
20 Apr 2026 18:57:45,508 TRACE org.hibernate.jpa.boot.spi.PersistenceXmlParser 165 parsePersistenceXml - HHH008535: Attempting to parse persistence.xml file : file:/D:/school/homework/ISS/BookClubReader/App/BookClubJavaFXVersion/build/resources/main/META-INF/persistence.xml
20 Apr 2026 18:57:45,509 TRACE org.hibernate.boot.archive.internal.ArchiveHelper 94 getJarURLFromURLEntry - HHH160213: JAR URL from URL Entry: file:/D:/school/homework/ISS/BookClubReader/App/BookClubJavaFXVersion/build/resources/main/META-INF/persistence.xml >> file:/D:/school/homework/ISS/BookClubReader/App/BookClubJavaFXVersion/build/resources/main/
20 Apr 2026 18:57:45,630 TRACE org.hibernate.jpa.boot.spi.PersistenceXmlParser 190 bindPersistenceUnit - HHH008536: Persistence unit name from persistence.xml: 'myPersistenceUnit'
20 Apr 2026 18:57:45,630 TRACE org.hibernate.jpa.HibernatePersistenceProvider 101 getEntityManagerFactoryBuilderOrNull - HHH008525: Located and parsed 1 persistence units; checking each
20 Apr 2026 18:57:45,632 TRACE org.hibernate.jpa.HibernatePersistenceProvider 109 getEntityManagerFactoryBuilderOrNull - HHH008526: Checking persistence-unit [name=myPersistenceUnit, explicit-provider=null] against incoming persistence unit name [myPersistenceUnit]
20 Apr 2026 18:57:45,632 DEBUG org.hibernate.jpa.boot.spi.ProviderChecker 83 extractRequestedProviderName - HHH008545: No PersistenceProvider explicitly requested, assuming Hibernate
20 Apr 2026 18:57:45,632 TRACE org.hibernate.jpa.boot.spi.ProviderChecker 51 hibernateProviderNamesContain - HHH008542: Checking requested PersistenceProvider name [org.hibernate.jpa.HibernatePersistenceProvider] against Hibernate provider names
20 Apr 2026 18:57:45,635 DEBUG org.hibernate.jpa.internal.util.LogHelper 99 logPersistenceUnitInformation - HHH008541: PersistenceUnitInfo [
	name: myPersistenceUnit
	persistence provider classname: null
	classloader: null
	excludeUnlistedClasses: false
	JTA datasource: null
	Non JTA datasource: null
	Transaction type: RESOURCE_LOCAL
	PU root URL: file:/D:/school/homework/ISS/BookClubReader/App/BookClubJavaFXVersion/build/resources/main/
	Shared Cache Mode: null
	Validation Mode: null
	Jar files URLs []
	Managed classes names [
		domain.User]
	Mapping files names []
	Properties [
		hibernate.hikari.connectionTimeout: 30000
		hibernate.hikari.autoCommit: true
		hibernate.hikari.minimumIdle: 5
		jakarta.persistence.jdbc.password: 1234321
		hibernate.dialect: org.hibernate.dialect.PostgreSQLDialect
		hibernate.hikari.connectionTestQuery: SELECT 1
		jakarta.persistence.jdbc.driver: org.postgresql.Driver
		jakarta.persistence.jdbc.user: postgres
		jakarta.persistence.jdbc.url: jdbc:postgresql://localhost:5432/BkDatabase
		hibernate.hbm2ddl.auto: update
		hibernate.hikari.idleTimeout: 600000
		hibernate.connection.provider_class: org.hibernate.hikaricp.internal.HikariCPConnectionProvider
		hibernate.hikari.maxLifetime: 1800000
		hibernate.hikari.maximumPoolSize: 10]
20 Apr 2026 18:57:45,643 TRACE org.hibernate.boot.registry.selector.internal.StrategySelectorImpl 219 contributeImplementation - HHH160227: Strategy selector for TransactionCoordinatorBuilder: 'jdbc' -> org.hibernate.resource.transaction.backend.jdbc.internal.JdbcResourceLocalTransactionCoordinatorBuilderImpl
20 Apr 2026 18:57:45,643 TRACE org.hibernate.boot.registry.selector.internal.StrategySelectorImpl 219 contributeImplementation - HHH160227: Strategy selector for TransactionCoordinatorBuilder: 'jta' -> org.hibernate.resource.transaction.backend.jta.internal.JtaTransactionCoordinatorBuilderImpl
20 Apr 2026 18:57:45,643 TRACE org.hibernate.boot.registry.selector.internal.StrategySelectorImpl 219 contributeImplementation - HHH160227: Strategy selector for TransactionCoordinatorBuilder: 'org.hibernate.transaction.JDBCTransactionFactory' -> org.hibernate.resource.transaction.backend.jdbc.internal.JdbcResourceLocalTransactionCoordinatorBuilderImpl
20 Apr 2026 18:57:45,643 TRACE org.hibernate.boot.registry.selector.internal.StrategySelectorImpl 219 contributeImplementation - HHH160227: Strategy selector for TransactionCoordinatorBuilder: 'org.hibernate.transaction.JTATransactionFactory' -> org.hibernate.resource.transaction.backend.jta.internal.JtaTransactionCoordinatorBuilderImpl
20 Apr 2026 18:57:45,643 TRACE org.hibernate.boot.registry.selector.internal.StrategySelectorImpl 219 contributeImplementation - HHH160227: Strategy selector for TransactionCoordinatorBuilder: 'org.hibernate.transaction.CMTTransactionFactory' -> org.hibernate.resource.transaction.backend.jta.internal.JtaTransactionCoordinatorBuilderImpl
20 Apr 2026 18:57:45,643 TRACE org.hibernate.boot.registry.selector.internal.StrategySelectorImpl 219 contributeImplementation - HHH160227: Strategy selector for SqmMultiTableInsertStrategy: 'cte' -> org.hibernate.query.sqm.mutation.internal.cte.CteInsertStrategy
20 Apr 2026 18:57:45,645 TRACE org.hibernate.boot.registry.selector.internal.StrategySelectorImpl 219 contributeImplementation - HHH160227: Strategy selector for SqmMultiTableInsertStrategy: 'global_temporary' -> org.hibernate.query.sqm.mutation.internal.temptable.GlobalTemporaryTableInsertStrategy
20 Apr 2026 18:57:45,646 TRACE org.hibernate.boot.registry.selector.internal.StrategySelectorImpl 219 contributeImplementation - HHH160227: Strategy selector for SqmMultiTableInsertStrategy: 'local_temporary' -> org.hibernate.query.sqm.mutation.internal.temptable.LocalTemporaryTableInsertStrategy
20 Apr 2026 18:57:45,646 TRACE org.hibernate.boot.registry.selector.internal.StrategySelectorImpl 219 contributeImplementation - HHH160227: Strategy selector for SqmMultiTableInsertStrategy: 'persistent' -> org.hibernate.query.sqm.mutation.internal.temptable.PersistentTableInsertStrategy
20 Apr 2026 18:57:45,646 TRACE org.hibernate.boot.registry.selector.internal.StrategySelectorImpl 219 contributeImplementation - HHH160227: Strategy selector for SqmMultiTableMutationStrategy: 'cte' -> org.hibernate.query.sqm.mutation.internal.cte.CteMutationStrategy
20 Apr 2026 18:57:45,647 TRACE org.hibernate.boot.registry.selector.internal.StrategySelectorImpl 219 contributeImplementation - HHH160227: Strategy selector for SqmMultiTableMutationStrategy: 'global_temporary' -> org.hibernate.query.sqm.mutation.internal.temptable.GlobalTemporaryTableMutationStrategy
20 Apr 2026 18:57:45,647 TRACE org.hibernate.boot.registry.selector.internal.StrategySelectorImpl 219 contributeImplementation - HHH160227: Strategy selector for SqmMultiTableMutationStrategy: 'local_temporary' -> org.hibernate.query.sqm.mutation.internal.temptable.LocalTemporaryTableMutationStrategy
20 Apr 2026 18:57:45,648 TRACE org.hibernate.boot.registry.selector.internal.StrategySelectorImpl 219 contributeImplementation - HHH160227: Strategy selector for SqmMultiTableMutationStrategy: 'persistent' -> org.hibernate.query.sqm.mutation.internal.temptable.PersistentTableMutationStrategy
20 Apr 2026 18:57:45,648 TRACE org.hibernate.boot.registry.selector.internal.StrategySelectorImpl 219 contributeImplementation - HHH160227: Strategy selector for ImplicitNamingStrategy: 'default' -> org.hibernate.boot.model.naming.ImplicitNamingStrategyJpaCompliantImpl
20 Apr 2026 18:57:45,648 TRACE org.hibernate.boot.registry.selector.internal.StrategySelectorImpl 219 contributeImplementation - HHH160227: Strategy selector for ImplicitNamingStrategy: 'jpa' -> org.hibernate.boot.model.naming.ImplicitNamingStrategyJpaCompliantImpl
20 Apr 2026 18:57:45,648 TRACE org.hibernate.boot.registry.selector.internal.StrategySelectorImpl 219 contributeImplementation - HHH160227: Strategy selector for ImplicitNamingStrategy: 'legacy-jpa' -> org.hibernate.boot.model.naming.ImplicitNamingStrategyLegacyJpaImpl
20 Apr 2026 18:57:45,649 TRACE org.hibernate.boot.registry.selector.internal.StrategySelectorImpl 219 contributeImplementation - HHH160227: Strategy selector for ImplicitNamingStrategy: 'legacy-hbm' -> org.hibernate.boot.model.naming.ImplicitNamingStrategyLegacyHbmImpl
20 Apr 2026 18:57:45,649 TRACE org.hibernate.boot.registry.selector.internal.StrategySelectorImpl 219 contributeImplementation - HHH160227: Strategy selector for ImplicitNamingStrategy: 'component-path' -> org.hibernate.boot.model.naming.ImplicitNamingStrategyComponentPathImpl
20 Apr 2026 18:57:45,650 TRACE org.hibernate.boot.registry.selector.internal.StrategySelectorImpl 219 contributeImplementation - HHH160227: Strategy selector for ImplicitDatabaseObjectNamingStrategy: 'standard' -> org.hibernate.id.enhanced.StandardNamingStrategy
20 Apr 2026 18:57:45,650 TRACE org.hibernate.boot.registry.selector.internal.StrategySelectorImpl 219 contributeImplementation - HHH160227: Strategy selector for ImplicitDatabaseObjectNamingStrategy: 'single' -> org.hibernate.id.enhanced.SingleNamingStrategy
20 Apr 2026 18:57:45,650 TRACE org.hibernate.boot.registry.selector.internal.StrategySelectorImpl 219 contributeImplementation - HHH160227: Strategy selector for ImplicitDatabaseObjectNamingStrategy: 'legacy' -> org.hibernate.id.enhanced.LegacyNamingStrategy
20 Apr 2026 18:57:45,650 TRACE org.hibernate.boot.registry.selector.internal.StrategySelectorImpl 219 contributeImplementation - HHH160227: Strategy selector for ColumnOrderingStrategy: 'default' -> org.hibernate.boot.model.relational.ColumnOrderingStrategyStandard
20 Apr 2026 18:57:45,651 TRACE org.hibernate.boot.registry.selector.internal.StrategySelectorImpl 219 contributeImplementation - HHH160227: Strategy selector for ColumnOrderingStrategy: 'legacy' -> org.hibernate.boot.model.relational.ColumnOrderingStrategyLegacy
20 Apr 2026 18:57:45,651 TRACE org.hibernate.boot.registry.selector.internal.StrategySelectorImpl 219 contributeImplementation - HHH160227: Strategy selector for CacheKeysFactory: 'default' -> org.hibernate.cache.internal.DefaultCacheKeysFactory
20 Apr 2026 18:57:45,651 TRACE org.hibernate.boot.registry.selector.internal.StrategySelectorImpl 219 contributeImplementation - HHH160227: Strategy selector for CacheKeysFactory: 'simple' -> org.hibernate.cache.internal.SimpleCacheKeysFactory
20 Apr 2026 18:57:45,653 TRACE org.hibernate.boot.registry.selector.internal.StrategySelectorImpl 219 contributeImplementation - HHH160227: Strategy selector for FormatMapper: 'jsonb' -> org.hibernate.type.format.jakartajson.JsonBJsonFormatMapper
20 Apr 2026 18:57:45,653 TRACE org.hibernate.boot.registry.selector.internal.StrategySelectorImpl 219 contributeImplementation - HHH160227: Strategy selector for FormatMapper: 'jackson' -> org.hibernate.type.format.jackson.JacksonJsonFormatMapper
20 Apr 2026 18:57:45,654 TRACE org.hibernate.boot.registry.selector.internal.StrategySelectorImpl 219 contributeImplementation - HHH160227: Strategy selector for FormatMapper: 'jackson3' -> org.hibernate.type.format.jackson.Jackson3JsonFormatMapper
20 Apr 2026 18:57:45,654 TRACE org.hibernate.boot.registry.selector.internal.StrategySelectorImpl 219 contributeImplementation - HHH160227: Strategy selector for FormatMapper: 'jackson-xml' -> org.hibernate.type.format.jackson.JacksonXmlFormatMapper
20 Apr 2026 18:57:45,655 TRACE org.hibernate.boot.registry.selector.internal.StrategySelectorImpl 219 contributeImplementation - HHH160227: Strategy selector for FormatMapper: 'jackson3-xml' -> org.hibernate.type.format.jackson.Jackson3XmlFormatMapper
20 Apr 2026 18:57:45,655 TRACE org.hibernate.boot.registry.selector.internal.StrategySelectorImpl 219 contributeImplementation - HHH160227: Strategy selector for FormatMapper: 'jaxb' -> org.hibernate.type.format.jaxb.JaxbXmlFormatMapper
20 Apr 2026 18:57:45,659 TRACE org.hibernate.boot.registry.selector.internal.StrategySelectorImpl 219 contributeImplementation - HHH160227: Strategy selector for ConnectionProvider: 'hikari' -> org.hibernate.hikaricp.internal.HikariCPConnectionProvider
20 Apr 2026 18:57:45,660 TRACE org.hibernate.boot.registry.selector.internal.StrategySelectorImpl 219 contributeImplementation - HHH160227: Strategy selector for ConnectionProvider: 'hikaricp' -> org.hibernate.hikaricp.internal.HikariCPConnectionProvider
20 Apr 2026 18:57:45,660 TRACE org.hibernate.boot.registry.selector.internal.StrategySelectorImpl 219 contributeImplementation - HHH160227: Strategy selector for ConnectionProvider: 'HikariCPConnectionProvider' -> org.hibernate.hikaricp.internal.HikariCPConnectionProvider
20 Apr 2026 18:57:45,660 TRACE org.hibernate.boot.registry.selector.internal.StrategySelectorImpl 219 contributeImplementation - HHH160227: Strategy selector for ConnectionProvider: 'org.hibernate.connection.HikariCPConnectionProvider' -> org.hibernate.hikaricp.internal.HikariCPConnectionProvider
20 Apr 2026 18:57:45,662 DEBUG org.hibernate.integrator.internal.IntegratorServiceImpl 41 addIntegrator - HHH010455: Adding integrator: org.hibernate.boot.beanvalidation.BeanValidationIntegrator
20 Apr 2026 18:57:45,665 DEBUG org.hibernate.integrator.internal.IntegratorServiceImpl 41 addIntegrator - HHH010455: Adding integrator: org.hibernate.cache.internal.CollectionCacheInvalidator
20 Apr 2026 18:57:45,683 INFO  org.hibernate.Version 41 logVersion - HHH000001: Hibernate ORM core version 7.3.1.Final
20 Apr 2026 18:57:45,684 DEBUG org.hibernate.cfg.Environment 155 <clinit> - HHH000206: 'hibernate.properties' not found
20 Apr 2026 18:57:45,694 TRACE org.hibernate.service.internal.AbstractServiceRegistryImpl 231 initializeService - HHH010500: Initializing service: org.hibernate.engine.config.spi.ConfigurationService
20 Apr 2026 18:57:45,697 TRACE org.hibernate.service.internal.AbstractServiceRegistryImpl 231 initializeService - HHH010500: Initializing service: org.hibernate.engine.jdbc.connections.spi.MultiTenantConnectionProvider
20 Apr 2026 18:57:45,698 TRACE org.hibernate.service.internal.AbstractServiceRegistryImpl 231 initializeService - HHH010500: Initializing service: org.hibernate.cache.spi.RegionFactory
20 Apr 2026 18:57:45,699 DEBUG org.hibernate.cache.internal.RegionFactoryInitiator 116 resolveRegionFactory - HHH90001031: Cannot default RegionFactory since no RegionFactory strategies were registered
20 Apr 2026 18:57:45,700 DEBUG org.hibernate.cache.internal.RegionFactoryInitiator 46 initiateService - HHH90001029: Second-level cache disabled
20 Apr 2026 18:57:45,818 TRACE org.hibernate.service.internal.AbstractServiceRegistryImpl 231 initializeService - HHH010500: Initializing service: org.hibernate.resource.beans.spi.ManagedBeanRegistry
20 Apr 2026 18:57:45,859 TRACE org.hibernate.models.internal.AnnotationDescriptorRegistryStandard 30 register - Registering AnnotationDescriptor - AnnotationDescriptor(jakarta.persistence.Access)
20 Apr 2026 18:57:45,859 TRACE org.hibernate.models.internal.AnnotationDescriptorRegistryStandard 30 register - Registering AnnotationDescriptor - AnnotationDescriptor(jakarta.persistence.AssociationOverrides)
20 Apr 2026 18:57:45,860 TRACE org.hibernate.models.internal.AnnotationDescriptorRegistryStandard 30 register - Registering AnnotationDescriptor - AnnotationDescriptor(jakarta.persistence.AssociationOverride)
20 Apr 2026 18:57:45,860 TRACE org.hibernate.models.internal.AnnotationDescriptorRegistryStandard 34 register - Registering repeatable AnnotationDescriptor - AnnotationDescriptor(jakarta.persistence.AssociationOverrides)
20 Apr 2026 18:57:45,860 TRACE org.hibernate.models.internal.AnnotationDescriptorRegistryStandard 30 register - Registering AnnotationDescriptor - AnnotationDescriptor(jakarta.persistence.AttributeOverrides)
20 Apr 2026 18:57:45,861 TRACE org.hibernate.models.internal.AnnotationDescriptorRegistryStandard 30 register - Registering AnnotationDescriptor - AnnotationDescriptor(jakarta.persistence.AttributeOverride)
20 Apr 2026 18:57:45,861 TRACE org.hibernate.models.internal.AnnotationDescriptorRegistryStandard 34 register - Registering repeatable AnnotationDescriptor - AnnotationDescriptor(jakarta.persistence.AttributeOverrides)
20 Apr 2026 18:57:45,861 TRACE org.hibernate.models.internal.AnnotationDescriptorRegistryStandard 30 register - Registering AnnotationDescriptor - AnnotationDescriptor(jakarta.persistence.Basic)
20 Apr 2026 18:57:45,861 TRACE org.hibernate.models.internal.AnnotationDescriptorRegistryStandard 30 register - Registering AnnotationDescriptor - AnnotationDescriptor(jakarta.persistence.Cacheable)
20 Apr 2026 18:57:45,861 TRACE org.hibernate.models.internal.AnnotationDescriptorRegistryStandard 30 register - Registering AnnotationDescriptor - AnnotationDescriptor(jakarta.persistence.CheckConstraint)
20 Apr 2026 18:57:45,861 TRACE org.hibernate.models.internal.AnnotationDescriptorRegistryStandard 30 register - Registering AnnotationDescriptor - AnnotationDescriptor(jakarta.persistence.CollectionTable)
20 Apr 2026 18:57:45,861 TRACE org.hibernate.models.internal.AnnotationDescriptorRegistryStandard 30 register - Registering AnnotationDescriptor - AnnotationDescriptor(jakarta.persistence.Column)
20 Apr 2026 18:57:45,861 TRACE org.hibernate.models.internal.AnnotationDescriptorRegistryStandard 30 register - Registering AnnotationDescriptor - AnnotationDescriptor(jakarta.persistence.ColumnResult)
20 Apr 2026 18:57:45,862 TRACE org.hibernate.models.internal.AnnotationDescriptorRegistryStandard 30 register - Registering AnnotationDescriptor - AnnotationDescriptor(jakarta.persistence.ConstructorResult)
20 Apr 2026 18:57:45,862 TRACE org.hibernate.models.internal.AnnotationDescriptorRegistryStandard 30 register - Registering AnnotationDescriptor - AnnotationDescriptor(jakarta.persistence.Converts)
20 Apr 2026 18:57:45,862 TRACE org.hibernate.models.internal.AnnotationDescriptorRegistryStandard 30 register - Registering AnnotationDescriptor - AnnotationDescriptor(jakarta.persistence.Convert)
20 Apr 2026 18:57:45,862 TRACE org.hibernate.models.internal.AnnotationDescriptorRegistryStandard 34 register - Registering repeatable AnnotationDescriptor - AnnotationDescriptor(jakarta.persistence.Converts)
20 Apr 2026 18:57:45,862 TRACE org.hibernate.models.internal.AnnotationDescriptorRegistryStandard 30 register - Registering AnnotationDescriptor - AnnotationDescriptor(jakarta.persistence.Converter)
20 Apr 2026 18:57:45,862 TRACE org.hibernate.models.internal.AnnotationDescriptorRegistryStandard 30 register - Registering AnnotationDescriptor - AnnotationDescriptor(jakarta.persistence.DiscriminatorColumn)
20 Apr 2026 18:57:45,862 TRACE org.hibernate.models.internal.AnnotationDescriptorRegistryStandard 30 register - Registering AnnotationDescriptor - AnnotationDescriptor(jakarta.persistence.DiscriminatorValue)
20 Apr 2026 18:57:45,862 TRACE org.hibernate.models.internal.AnnotationDescriptorRegistryStandard 30 register - Registering AnnotationDescriptor - AnnotationDescriptor(jakarta.persistence.ElementCollection)
20 Apr 2026 18:57:45,862 TRACE org.hibernate.models.internal.AnnotationDescriptorRegistryStandard 30 register - Registering AnnotationDescriptor - AnnotationDescriptor(jakarta.persistence.Embeddable)
20 Apr 2026 18:57:45,862 TRACE org.hibernate.models.internal.AnnotationDescriptorRegistryStandard 30 register - Registering AnnotationDescriptor - AnnotationDescriptor(jakarta.persistence.Embedded)
20 Apr 2026 18:57:45,862 TRACE org.hibernate.models.internal.AnnotationDescriptorRegistryStandard 30 register - Registering AnnotationDescriptor - AnnotationDescriptor(jakarta.persistence.EmbeddedId)
20 Apr 2026 18:57:45,862 TRACE org.hibernate.models.internal.AnnotationDescriptorRegistryStandard 30 register - Registering AnnotationDescriptor - AnnotationDescriptor(jakarta.persistence.Entity)
20 Apr 2026 18:57:45,863 TRACE org.hibernate.models.internal.AnnotationDescriptorRegistryStandard 30 register - Registering AnnotationDescriptor - AnnotationDescriptor(jakarta.persistence.EntityListeners)
20 Apr 2026 18:57:45,863 TRACE org.hibernate.models.internal.AnnotationDescriptorRegistryStandard 30 register - Registering AnnotationDescriptor - AnnotationDescriptor(jakarta.persistence.EntityResult)
20 Apr 2026 18:57:45,863 TRACE org.hibernate.models.internal.AnnotationDescriptorRegistryStandard 30 register - Registering AnnotationDescriptor - AnnotationDescriptor(jakarta.persistence.Enumerated)
20 Apr 2026 18:57:45,863 TRACE org.hibernate.models.internal.AnnotationDescriptorRegistryStandard 30 register - Registering AnnotationDescriptor - AnnotationDescriptor(jakarta.persistence.EnumeratedValue)
20 Apr 2026 18:57:45,863 TRACE org.hibernate.models.internal.AnnotationDescriptorRegistryStandard 30 register - Registering AnnotationDescriptor - AnnotationDescriptor(jakarta.persistence.ExcludeDefaultListeners)
20 Apr 2026 18:57:45,863 TRACE org.hibernate.models.internal.AnnotationDescriptorRegistryStandard 30 register - Registering AnnotationDescriptor - AnnotationDescriptor(jakarta.persistence.ExcludeSuperclassListeners)
20 Apr 2026 18:57:45,863 TRACE org.hibernate.models.internal.AnnotationDescriptorRegistryStandard 30 register - Registering AnnotationDescriptor - AnnotationDescriptor(jakarta.persistence.FieldResult)
20 Apr 2026 18:57:45,863 TRACE org.hibernate.models.internal.AnnotationDescriptorRegistryStandard 30 register - Registering AnnotationDescriptor - AnnotationDescriptor(jakarta.persistence.ForeignKey)
20 Apr 2026 18:57:45,863 TRACE org.hibernate.models.internal.AnnotationDescriptorRegistryStandard 30 register - Registering AnnotationDescriptor - AnnotationDescriptor(jakarta.persistence.GeneratedValue)
20 Apr 2026 18:57:45,863 TRACE org.hibernate.models.internal.AnnotationDescriptorRegistryStandard 30 register - Registering AnnotationDescriptor - AnnotationDescriptor(jakarta.persistence.Id)
20 Apr 2026 18:57:45,863 TRACE org.hibernate.models.internal.AnnotationDescriptorRegistryStandard 30 register - Registering AnnotationDescriptor - AnnotationDescriptor(jakarta.persistence.IdClass)
20 Apr 2026 18:57:45,864 TRACE org.hibernate.models.internal.AnnotationDescriptorRegistryStandard 30 register - Registering AnnotationDescriptor - AnnotationDescriptor(jakarta.persistence.Index)
20 Apr 2026 18:57:45,864 TRACE org.hibernate.models.internal.AnnotationDescriptorRegistryStandard 30 register - Registering AnnotationDescriptor - AnnotationDescriptor(jakarta.persistence.Inheritance)
20 Apr 2026 18:57:45,864 TRACE org.hibernate.models.internal.AnnotationDescriptorRegistryStandard 30 register - Registering AnnotationDescriptor - AnnotationDescriptor(jakarta.persistence.JoinColumns)
20 Apr 2026 18:57:45,864 TRACE org.hibernate.models.internal.AnnotationDescriptorRegistryStandard 30 register - Registering AnnotationDescriptor - AnnotationDescriptor(jakarta.persistence.JoinColumn)
20 Apr 2026 18:57:45,864 TRACE org.hibernate.models.internal.AnnotationDescriptorRegistryStandard 34 register - Registering repeatable AnnotationDescriptor - AnnotationDescriptor(jakarta.persistence.JoinColumns)
20 Apr 2026 18:57:45,864 TRACE org.hibernate.models.internal.AnnotationDescriptorRegistryStandard 30 register - Registering AnnotationDescriptor - AnnotationDescriptor(jakarta.persistence.JoinTable)
20 Apr 2026 18:57:45,864 TRACE org.hibernate.models.internal.AnnotationDescriptorRegistryStandard 30 register - Registering AnnotationDescriptor - AnnotationDescriptor(jakarta.persistence.Lob)
20 Apr 2026 18:57:45,864 TRACE org.hibernate.models.internal.AnnotationDescriptorRegistryStandard 30 register - Registering AnnotationDescriptor - AnnotationDescriptor(jakarta.persistence.ManyToMany)
20 Apr 2026 18:57:45,864 TRACE org.hibernate.models.internal.AnnotationDescriptorRegistryStandard 30 register - Registering AnnotationDescriptor - AnnotationDescriptor(jakarta.persistence.ManyToOne)
20 Apr 2026 18:57:45,864 TRACE org.hibernate.models.internal.AnnotationDescriptorRegistryStandard 30 register - Registering AnnotationDescriptor - AnnotationDescriptor(jakarta.persistence.MapKey)
20 Apr 2026 18:57:45,864 TRACE org.hibernate.models.internal.AnnotationDescriptorRegistryStandard 30 register - Registering AnnotationDescriptor - AnnotationDescriptor(jakarta.persistence.MapKeyClass)
20 Apr 2026 18:57:45,864 TRACE org.hibernate.models.internal.AnnotationDescriptorRegistryStandard 30 register - Registering AnnotationDescriptor - AnnotationDescriptor(jakarta.persistence.MapKeyColumn)
20 Apr 2026 18:57:45,864 TRACE org.hibernate.models.internal.AnnotationDescriptorRegistryStandard 30 register - Registering AnnotationDescriptor - AnnotationDescriptor(jakarta.persistence.MapKeyEnumerated)
20 Apr 2026 18:57:45,865 TRACE org.hibernate.models.internal.AnnotationDescriptorRegistryStandard 30 register - Registering AnnotationDescriptor - AnnotationDescriptor(jakarta.persistence.MapKeyJoinColumns)
20 Apr 2026 18:57:45,865 TRACE org.hibernate.models.internal.AnnotationDescriptorRegistryStandard 30 register - Registering AnnotationDescriptor - AnnotationDescriptor(jakarta.persistence.MapKeyJoinColumn)
20 Apr 2026 18:57:45,865 TRACE org.hibernate.models.internal.AnnotationDescriptorRegistryStandard 34 register - Registering repeatable AnnotationDescriptor - AnnotationDescriptor(jakarta.persistence.MapKeyJoinColumns)
20 Apr 2026 18:57:45,865 TRACE org.hibernate.models.internal.AnnotationDescriptorRegistryStandard 30 register - Registering AnnotationDescriptor - AnnotationDescriptor(jakarta.persistence.MapKeyTemporal)
20 Apr 2026 18:57:45,865 TRACE org.hibernate.models.internal.AnnotationDescriptorRegistryStandard 30 register - Registering AnnotationDescriptor - AnnotationDescriptor(jakarta.persistence.MappedSuperclass)
20 Apr 2026 18:57:45,865 TRACE org.hibernate.models.internal.AnnotationDescriptorRegistryStandard 30 register - Registering AnnotationDescriptor - AnnotationDescriptor(jakarta.persistence.MapsId)
20 Apr 2026 18:57:45,865 TRACE org.hibernate.models.internal.AnnotationDescriptorRegistryStandard 30 register - Registering AnnotationDescriptor - AnnotationDescriptor(jakarta.persistence.NamedAttributeNode)
20 Apr 2026 18:57:45,865 TRACE org.hibernate.models.internal.AnnotationDescriptorRegistryStandard 30 register - Registering AnnotationDescriptor - AnnotationDescriptor(jakarta.persistence.NamedEntityGraphs)
20 Apr 2026 18:57:45,866 TRACE org.hibernate.models.internal.AnnotationDescriptorRegistryStandard 30 register - Registering AnnotationDescriptor - AnnotationDescriptor(jakarta.persistence.NamedEntityGraph)
20 Apr 2026 18:57:45,866 TRACE org.hibernate.models.internal.AnnotationDescriptorRegistryStandard 34 register - Registering repeatable AnnotationDescriptor - AnnotationDescriptor(jakarta.persistence.NamedEntityGraphs)
20 Apr 2026 18:57:45,866 TRACE org.hibernate.models.internal.AnnotationDescriptorRegistryStandard 30 register - Registering AnnotationDescriptor - AnnotationDescriptor(jakarta.persistence.NamedNativeQueries)
20 Apr 2026 18:57:45,866 TRACE org.hibernate.models.internal.AnnotationDescriptorRegistryStandard 30 register - Registering AnnotationDescriptor - AnnotationDescriptor(jakarta.persistence.NamedNativeQuery)
20 Apr 2026 18:57:45,866 TRACE org.hibernate.models.internal.AnnotationDescriptorRegistryStandard 34 register - Registering repeatable AnnotationDescriptor - AnnotationDescriptor(jakarta.persistence.NamedNativeQueries)
20 Apr 2026 18:57:45,866 TRACE org.hibernate.models.internal.AnnotationDescriptorRegistryStandard 30 register - Registering AnnotationDescriptor - AnnotationDescriptor(jakarta.persistence.NamedQueries)
20 Apr 2026 18:57:45,866 TRACE org.hibernate.models.internal.AnnotationDescriptorRegistryStandard 30 register - Registering AnnotationDescriptor - AnnotationDescriptor(jakarta.persistence.NamedQuery)
20 Apr 2026 18:57:45,866 TRACE org.hibernate.models.internal.AnnotationDescriptorRegistryStandard 34 register - Registering repeatable AnnotationDescriptor - AnnotationDescriptor(jakarta.persistence.NamedQueries)
20 Apr 2026 18:57:45,867 TRACE org.hibernate.models.internal.AnnotationDescriptorRegistryStandard 30 register - Registering AnnotationDescriptor - AnnotationDescriptor(jakarta.persistence.NamedStoredProcedureQueries)
20 Apr 2026 18:57:45,867 TRACE org.hibernate.models.internal.AnnotationDescriptorRegistryStandard 30 register - Registering AnnotationDescriptor - AnnotationDescriptor(jakarta.persistence.NamedStoredProcedureQuery)
20 Apr 2026 18:57:45,867 TRACE org.hibernate.models.internal.AnnotationDescriptorRegistryStandard 34 register - Registering repeatable AnnotationDescriptor - AnnotationDescriptor(jakarta.persistence.NamedStoredProcedureQueries)
20 Apr 2026 18:57:45,867 TRACE org.hibernate.models.internal.AnnotationDescriptorRegistryStandard 30 register - Registering AnnotationDescriptor - AnnotationDescriptor(jakarta.persistence.NamedSubgraph)
20 Apr 2026 18:57:45,867 TRACE org.hibernate.models.internal.AnnotationDescriptorRegistryStandard 30 register - Registering AnnotationDescriptor - AnnotationDescriptor(jakarta.persistence.OneToMany)
20 Apr 2026 18:57:45,867 TRACE org.hibernate.models.internal.AnnotationDescriptorRegistryStandard 30 register - Registering AnnotationDescriptor - AnnotationDescriptor(jakarta.persistence.OneToOne)
20 Apr 2026 18:57:45,867 TRACE org.hibernate.models.internal.AnnotationDescriptorRegistryStandard 30 register - Registering AnnotationDescriptor - AnnotationDescriptor(jakarta.persistence.OrderBy)
20 Apr 2026 18:57:45,867 TRACE org.hibernate.models.internal.AnnotationDescriptorRegistryStandard 30 register - Registering AnnotationDescriptor - AnnotationDescriptor(jakarta.persistence.OrderColumn)
20 Apr 2026 18:57:45,868 TRACE org.hibernate.models.internal.AnnotationDescriptorRegistryStandard 30 register - Registering AnnotationDescriptor - AnnotationDescriptor(jakarta.persistence.PostLoad)
20 Apr 2026 18:57:45,868 TRACE org.hibernate.models.internal.AnnotationDescriptorRegistryStandard 30 register - Registering AnnotationDescriptor - AnnotationDescriptor(jakarta.persistence.PostPersist)
20 Apr 2026 18:57:45,868 TRACE org.hibernate.models.internal.AnnotationDescriptorRegistryStandard 30 register - Registering AnnotationDescriptor - AnnotationDescriptor(jakarta.persistence.PostRemove)
20 Apr 2026 18:57:45,868 TRACE org.hibernate.models.internal.AnnotationDescriptorRegistryStandard 30 register - Registering AnnotationDescriptor - AnnotationDescriptor(jakarta.persistence.PostUpdate)
20 Apr 2026 18:57:45,868 TRACE org.hibernate.models.internal.AnnotationDescriptorRegistryStandard 30 register - Registering AnnotationDescriptor - AnnotationDescriptor(jakarta.persistence.PrePersist)
20 Apr 2026 18:57:45,868 TRACE org.hibernate.models.internal.AnnotationDescriptorRegistryStandard 30 register - Registering AnnotationDescriptor - AnnotationDescriptor(jakarta.persistence.PreRemove)
20 Apr 2026 18:57:45,868 TRACE org.hibernate.models.internal.AnnotationDescriptorRegistryStandard 30 register - Registering AnnotationDescriptor - AnnotationDescriptor(jakarta.persistence.PreUpdate)
20 Apr 2026 18:57:45,868 TRACE org.hibernate.models.internal.AnnotationDescriptorRegistryStandard 30 register - Registering AnnotationDescriptor - AnnotationDescriptor(jakarta.persistence.PrimaryKeyJoinColumns)
20 Apr 2026 18:57:45,869 TRACE org.hibernate.models.internal.AnnotationDescriptorRegistryStandard 30 register - Registering AnnotationDescriptor - AnnotationDescriptor(jakarta.persistence.PrimaryKeyJoinColumn)
20 Apr 2026 18:57:45,869 TRACE org.hibernate.models.internal.AnnotationDescriptorRegistryStandard 34 register - Registering repeatable AnnotationDescriptor - AnnotationDescriptor(jakarta.persistence.PrimaryKeyJoinColumns)
20 Apr 2026 18:57:45,869 TRACE org.hibernate.models.internal.AnnotationDescriptorRegistryStandard 30 register - Registering AnnotationDescriptor - AnnotationDescriptor(jakarta.persistence.QueryHint)
20 Apr 2026 18:57:45,869 TRACE org.hibernate.models.internal.AnnotationDescriptorRegistryStandard 30 register - Registering AnnotationDescriptor - AnnotationDescriptor(jakarta.persistence.SecondaryTables)
20 Apr 2026 18:57:45,869 TRACE org.hibernate.models.internal.AnnotationDescriptorRegistryStandard 30 register - Registering AnnotationDescriptor - AnnotationDescriptor(jakarta.persistence.SecondaryTable)
20 Apr 2026 18:57:45,869 TRACE org.hibernate.models.internal.AnnotationDescriptorRegistryStandard 34 register - Registering repeatable AnnotationDescriptor - AnnotationDescriptor(jakarta.persistence.SecondaryTables)
20 Apr 2026 18:57:45,869 TRACE org.hibernate.models.internal.AnnotationDescriptorRegistryStandard 30 register - Registering AnnotationDescriptor - AnnotationDescriptor(jakarta.persistence.SequenceGenerators)
20 Apr 2026 18:57:45,869 TRACE org.hibernate.models.internal.AnnotationDescriptorRegistryStandard 30 register - Registering AnnotationDescriptor - AnnotationDescriptor(jakarta.persistence.SequenceGenerator)
20 Apr 2026 18:57:45,869 TRACE org.hibernate.models.internal.AnnotationDescriptorRegistryStandard 34 register - Registering repeatable AnnotationDescriptor - AnnotationDescriptor(jakarta.persistence.SequenceGenerators)
20 Apr 2026 18:57:45,871 TRACE org.hibernate.models.internal.AnnotationDescriptorRegistryStandard 30 register - Registering AnnotationDescriptor - AnnotationDescriptor(jakarta.persistence.SqlResultSetMappings)
20 Apr 2026 18:57:45,871 TRACE org.hibernate.models.internal.AnnotationDescriptorRegistryStandard 30 register - Registering AnnotationDescriptor - AnnotationDescriptor(jakarta.persistence.SqlResultSetMapping)
20 Apr 2026 18:57:45,871 TRACE org.hibernate.models.internal.AnnotationDescriptorRegistryStandard 34 register - Registering repeatable AnnotationDescriptor - AnnotationDescriptor(jakarta.persistence.SqlResultSetMappings)
20 Apr 2026 18:57:45,871 TRACE org.hibernate.models.internal.AnnotationDescriptorRegistryStandard 30 register - Registering AnnotationDescriptor - AnnotationDescriptor(jakarta.persistence.StoredProcedureParameter)
20 Apr 2026 18:57:45,871 TRACE org.hibernate.models.internal.AnnotationDescriptorRegistryStandard 30 register - Registering AnnotationDescriptor - AnnotationDescriptor(jakarta.persistence.Table)
20 Apr 2026 18:57:45,871 TRACE org.hibernate.models.internal.AnnotationDescriptorRegistryStandard 30 register - Registering AnnotationDescriptor - AnnotationDescriptor(jakarta.persistence.TableGenerators)
20 Apr 2026 18:57:45,871 TRACE org.hibernate.models.internal.AnnotationDescriptorRegistryStandard 30 register - Registering AnnotationDescriptor - AnnotationDescriptor(jakarta.persistence.TableGenerator)
20 Apr 2026 18:57:45,871 TRACE org.hibernate.models.internal.AnnotationDescriptorRegistryStandard 34 register - Registering repeatable AnnotationDescriptor - AnnotationDescriptor(jakarta.persistence.TableGenerators)
20 Apr 2026 18:57:45,871 TRACE org.hibernate.models.internal.AnnotationDescriptorRegistryStandard 30 register - Registering AnnotationDescriptor - AnnotationDescriptor(jakarta.persistence.Temporal)
20 Apr 2026 18:57:45,871 TRACE org.hibernate.models.internal.AnnotationDescriptorRegistryStandard 30 register - Registering AnnotationDescriptor - AnnotationDescriptor(jakarta.persistence.Transient)
20 Apr 2026 18:57:45,871 TRACE org.hibernate.models.internal.AnnotationDescriptorRegistryStandard 30 register - Registering AnnotationDescriptor - AnnotationDescriptor(jakarta.persistence.UniqueConstraint)
20 Apr 2026 18:57:45,871 TRACE org.hibernate.models.internal.AnnotationDescriptorRegistryStandard 30 register - Registering AnnotationDescriptor - AnnotationDescriptor(jakarta.persistence.Version)
20 Apr 2026 18:57:45,908 TRACE org.hibernate.models.internal.AnnotationDescriptorRegistryStandard 30 register - Registering AnnotationDescriptor - AnnotationDescriptor(org.hibernate.annotations.Any)
20 Apr 2026 18:57:45,909 TRACE org.hibernate.models.internal.AnnotationDescriptorRegistryStandard 30 register - Registering AnnotationDescriptor - AnnotationDescriptor(org.hibernate.annotations.AnyDiscriminator)
20 Apr 2026 18:57:45,909 TRACE org.hibernate.models.internal.AnnotationDescriptorRegistryStandard 30 register - Registering AnnotationDescriptor - AnnotationDescriptor(org.hibernate.annotations.AnyDiscriminatorImplicitValues)
20 Apr 2026 18:57:45,909 TRACE org.hibernate.models.internal.AnnotationDescriptorRegistryStandard 30 register - Registering AnnotationDescriptor - AnnotationDescriptor(org.hibernate.annotations.AnyDiscriminatorValues)
20 Apr 2026 18:57:45,909 TRACE org.hibernate.models.internal.AnnotationDescriptorRegistryStandard 30 register - Registering AnnotationDescriptor - AnnotationDescriptor(org.hibernate.annotations.AnyDiscriminatorValue)
20 Apr 2026 18:57:45,909 TRACE org.hibernate.models.internal.AnnotationDescriptorRegistryStandard 34 register - Registering repeatable AnnotationDescriptor - AnnotationDescriptor(org.hibernate.annotations.AnyDiscriminatorValues)
20 Apr 2026 18:57:45,909 TRACE org.hibernate.models.internal.AnnotationDescriptorRegistryStandard 30 register - Registering AnnotationDescriptor - AnnotationDescriptor(org.hibernate.annotations.AnyKeyJavaClass)
20 Apr 2026 18:57:45,909 TRACE org.hibernate.models.internal.AnnotationDescriptorRegistryStandard 30 register - Registering AnnotationDescriptor - AnnotationDescriptor(org.hibernate.annotations.AnyKeyJavaType)
20 Apr 2026 18:57:45,909 TRACE org.hibernate.models.internal.AnnotationDescriptorRegistryStandard 30 register - Registering AnnotationDescriptor - AnnotationDescriptor(org.hibernate.annotations.AnyKeyJdbcType)
20 Apr 2026 18:57:45,909 TRACE org.hibernate.models.internal.AnnotationDescriptorRegistryStandard 30 register - Registering AnnotationDescriptor - AnnotationDescriptor(org.hibernate.annotations.AnyKeyJdbcTypeCode)
20 Apr 2026 18:57:45,909 TRACE org.hibernate.models.internal.AnnotationDescriptorRegistryStandard 30 register - Registering AnnotationDescriptor - AnnotationDescriptor(org.hibernate.boot.internal.AnyKeyType)
20 Apr 2026 18:57:45,910 TRACE org.hibernate.models.internal.AnnotationDescriptorRegistryStandard 30 register - Registering AnnotationDescriptor - AnnotationDescriptor(org.hibernate.annotations.Array)
20 Apr 2026 18:57:45,910 TRACE org.hibernate.models.internal.AnnotationDescriptorRegistryStandard 30 register - Registering AnnotationDescriptor - AnnotationDescriptor(org.hibernate.annotations.AttributeAccessor)
20 Apr 2026 18:57:45,910 TRACE org.hibernate.models.internal.AnnotationDescriptorRegistryStandard 30 register - Registering AnnotationDescriptor - AnnotationDescriptor(org.hibernate.annotations.AttributeBinderType)
20 Apr 2026 18:57:45,911 TRACE org.hibernate.models.internal.AnnotationDescriptorRegistryStandard 30 register - Registering AnnotationDescriptor - AnnotationDescriptor(org.hibernate.annotations.Bag)
20 Apr 2026 18:57:45,911 TRACE org.hibernate.models.internal.AnnotationDescriptorRegistryStandard 30 register - Registering AnnotationDescriptor - AnnotationDescriptor(org.hibernate.annotations.BatchSize)
20 Apr 2026 18:57:45,911 TRACE org.hibernate.models.internal.AnnotationDescriptorRegistryStandard 30 register - Registering AnnotationDescriptor - AnnotationDescriptor(org.hibernate.annotations.Cache)
20 Apr 2026 18:57:45,911 TRACE org.hibernate.models.internal.AnnotationDescriptorRegistryStandard 30 register - Registering AnnotationDescriptor - AnnotationDescriptor(org.hibernate.annotations.Cascade)
20 Apr 2026 18:57:45,911 TRACE org.hibernate.models.internal.AnnotationDescriptorRegistryStandard 30 register - Registering AnnotationDescriptor - AnnotationDescriptor(org.hibernate.annotations.Checks)
20 Apr 2026 18:57:45,911 TRACE org.hibernate.models.internal.AnnotationDescriptorRegistryStandard 30 register - Registering AnnotationDescriptor - AnnotationDescriptor(org.hibernate.annotations.Check)
20 Apr 2026 18:57:45,911 TRACE org.hibernate.models.internal.AnnotationDescriptorRegistryStandard 34 register - Registering repeatable AnnotationDescriptor - AnnotationDescriptor(org.hibernate.annotations.Checks)
20 Apr 2026 18:57:45,911 TRACE org.hibernate.models.internal.AnnotationDescriptorRegistryStandard 30 register - Registering AnnotationDescriptor - AnnotationDescriptor(org.hibernate.annotations.Collate)
20 Apr 2026 18:57:45,911 TRACE org.hibernate.models.internal.AnnotationDescriptorRegistryStandard 30 register - Registering AnnotationDescriptor - AnnotationDescriptor(org.hibernate.annotations.CollectionId)
20 Apr 2026 18:57:45,911 TRACE org.hibernate.models.internal.AnnotationDescriptorRegistryStandard 30 register - Registering AnnotationDescriptor - AnnotationDescriptor(org.hibernate.annotations.CollectionIdJavaClass)
20 Apr 2026 18:57:45,912 TRACE org.hibernate.models.internal.AnnotationDescriptorRegistryStandard 30 register - Registering AnnotationDescriptor - AnnotationDescriptor(org.hibernate.annotations.CollectionIdJavaType)
20 Apr 2026 18:57:45,912 TRACE org.hibernate.models.internal.AnnotationDescriptorRegistryStandard 30 register - Registering AnnotationDescriptor - AnnotationDescriptor(org.hibernate.annotations.CollectionIdJdbcType)
20 Apr 2026 18:57:45,912 TRACE org.hibernate.models.internal.AnnotationDescriptorRegistryStandard 30 register - Registering AnnotationDescriptor - AnnotationDescriptor(org.hibernate.annotations.CollectionIdJdbcTypeCode)
20 Apr 2026 18:57:45,912 TRACE org.hibernate.models.internal.AnnotationDescriptorRegistryStandard 30 register - Registering AnnotationDescriptor - AnnotationDescriptor(org.hibernate.annotations.CollectionIdMutability)
20 Apr 2026 18:57:45,912 TRACE org.hibernate.models.internal.AnnotationDescriptorRegistryStandard 30 register - Registering AnnotationDescriptor - AnnotationDescriptor(org.hibernate.annotations.CollectionIdType)
20 Apr 2026 18:57:45,912 TRACE org.hibernate.models.internal.AnnotationDescriptorRegistryStandard 30 register - Registering AnnotationDescriptor - AnnotationDescriptor(org.hibernate.annotations.CollectionType)
20 Apr 2026 18:57:45,912 TRACE org.hibernate.models.internal.AnnotationDescriptorRegistryStandard 30 register - Registering AnnotationDescriptor - AnnotationDescriptor(org.hibernate.boot.internal.CollectionClassification)
20 Apr 2026 18:57:45,913 TRACE org.hibernate.models.internal.AnnotationDescriptorRegistryStandard 30 register - Registering AnnotationDescriptor - AnnotationDescriptor(org.hibernate.annotations.CollectionTypeRegistrations)
20 Apr 2026 18:57:45,913 TRACE org.hibernate.models.internal.AnnotationDescriptorRegistryStandard 30 register - Registering AnnotationDescriptor - AnnotationDescriptor(org.hibernate.annotations.CollectionTypeRegistration)
20 Apr 2026 18:57:45,913 TRACE org.hibernate.models.internal.AnnotationDescriptorRegistryStandard 34 register - Registering repeatable AnnotationDescriptor - AnnotationDescriptor(org.hibernate.annotations.CollectionTypeRegistrations)
20 Apr 2026 18:57:45,913 TRACE org.hibernate.models.internal.AnnotationDescriptorRegistryStandard 30 register - Registering AnnotationDescriptor - AnnotationDescriptor(org.hibernate.annotations.ColumnDefault)
20 Apr 2026 18:57:45,913 TRACE org.hibernate.models.internal.AnnotationDescriptorRegistryStandard 30 register - Registering AnnotationDescriptor - AnnotationDescriptor(org.hibernate.annotations.ColumnTransformers)
20 Apr 2026 18:57:45,913 TRACE org.hibernate.models.internal.AnnotationDescriptorRegistryStandard 30 register - Registering AnnotationDescriptor - AnnotationDescriptor(org.hibernate.annotations.ColumnTransformer)
20 Apr 2026 18:57:45,913 TRACE org.hibernate.models.internal.AnnotationDescriptorRegistryStandard 34 register - Registering repeatable AnnotationDescriptor - AnnotationDescriptor(org.hibernate.annotations.ColumnTransformers)
20 Apr 2026 18:57:45,913 TRACE org.hibernate.models.internal.AnnotationDescriptorRegistryStandard 30 register - Registering AnnotationDescriptor - AnnotationDescriptor(org.hibernate.annotations.Comments)
20 Apr 2026 18:57:45,913 TRACE org.hibernate.models.internal.AnnotationDescriptorRegistryStandard 30 register - Registering AnnotationDescriptor - AnnotationDescriptor(org.hibernate.annotations.Comment)
20 Apr 2026 18:57:45,913 TRACE org.hibernate.models.internal.AnnotationDescriptorRegistryStandard 34 register - Registering repeatable AnnotationDescriptor - AnnotationDescriptor(org.hibernate.annotations.Comments)
20 Apr 2026 18:57:45,913 TRACE org.hibernate.models.internal.AnnotationDescriptorRegistryStandard 30 register - Registering AnnotationDescriptor - AnnotationDescriptor(org.hibernate.annotations.CompositeType)
20 Apr 2026 18:57:45,913 TRACE org.hibernate.models.internal.AnnotationDescriptorRegistryStandard 30 register - Registering AnnotationDescriptor - AnnotationDescriptor(org.hibernate.annotations.CompositeTypeRegistrations)
20 Apr 2026 18:57:45,913 TRACE org.hibernate.models.internal.AnnotationDescriptorRegistryStandard 30 register - Registering AnnotationDescriptor - AnnotationDescriptor(org.hibernate.annotations.CompositeTypeRegistration)
20 Apr 2026 18:57:45,913 TRACE org.hibernate.models.internal.AnnotationDescriptorRegistryStandard 34 register - Registering repeatable AnnotationDescriptor - AnnotationDescriptor(org.hibernate.annotations.CompositeTypeRegistrations)
20 Apr 2026 18:57:45,914 TRACE org.hibernate.models.internal.AnnotationDescriptorRegistryStandard 30 register - Registering AnnotationDescriptor - AnnotationDescriptor(org.hibernate.annotations.ConcreteProxy)
20 Apr 2026 18:57:45,914 TRACE org.hibernate.models.internal.AnnotationDescriptorRegistryStandard 30 register - Registering AnnotationDescriptor - AnnotationDescriptor(org.hibernate.annotations.ConverterRegistrations)
20 Apr 2026 18:57:45,914 TRACE org.hibernate.models.internal.AnnotationDescriptorRegistryStandard 30 register - Registering AnnotationDescriptor - AnnotationDescriptor(org.hibernate.annotations.ConverterRegistration)
20 Apr 2026 18:57:45,914 TRACE org.hibernate.models.internal.AnnotationDescriptorRegistryStandard 34 register - Registering repeatable AnnotationDescriptor - AnnotationDescriptor(org.hibernate.annotations.ConverterRegistrations)
20 Apr 2026 18:57:45,914 TRACE org.hibernate.models.internal.AnnotationDescriptorRegistryStandard 30 register - Registering AnnotationDescriptor - AnnotationDescriptor(org.hibernate.annotations.CreationTimestamp)
20 Apr 2026 18:57:45,914 TRACE org.hibernate.models.internal.AnnotationDescriptorRegistryStandard 30 register - Registering AnnotationDescriptor - AnnotationDescriptor(org.hibernate.annotations.CurrentTimestamp)
20 Apr 2026 18:57:45,914 TRACE org.hibernate.models.internal.AnnotationDescriptorRegistryStandard 30 register - Registering AnnotationDescriptor - AnnotationDescriptor(org.hibernate.annotations.DiscriminatorFormula)
20 Apr 2026 18:57:45,915 TRACE org.hibernate.models.internal.AnnotationDescriptorRegistryStandard 30 register - Registering AnnotationDescriptor - AnnotationDescriptor(org.hibernate.annotations.DiscriminatorOptions)
20 Apr 2026 18:57:45,915 TRACE org.hibernate.models.internal.AnnotationDescriptorRegistryStandard 30 register - Registering AnnotationDescriptor - AnnotationDescriptor(org.hibernate.annotations.DynamicInsert)
20 Apr 2026 18:57:45,915 TRACE org.hibernate.models.internal.AnnotationDescriptorRegistryStandard 30 register - Registering AnnotationDescriptor - AnnotationDescriptor(org.hibernate.annotations.DynamicUpdate)
20 Apr 2026 18:57:45,915 TRACE org.hibernate.models.internal.AnnotationDescriptorRegistryStandard 30 register - Registering AnnotationDescriptor - AnnotationDescriptor(org.hibernate.annotations.EmbeddableInstantiator)
20 Apr 2026 18:57:45,915 TRACE org.hibernate.models.internal.AnnotationDescriptorRegistryStandard 30 register - Registering AnnotationDescriptor - AnnotationDescriptor(org.hibernate.annotations.EmbeddableInstantiatorRegistrations)
20 Apr 2026 18:57:45,915 TRACE org.hibernate.models.internal.AnnotationDescriptorRegistryStandard 30 register - Registering AnnotationDescriptor - AnnotationDescriptor(org.hibernate.annotations.EmbeddableInstantiatorRegistration)
20 Apr 2026 18:57:45,915 TRACE org.hibernate.models.internal.AnnotationDescriptorRegistryStandard 34 register - Registering repeatable AnnotationDescriptor - AnnotationDescriptor(org.hibernate.annotations.EmbeddableInstantiatorRegistrations)
20 Apr 2026 18:57:45,915 TRACE org.hibernate.models.internal.AnnotationDescriptorRegistryStandard 30 register - Registering AnnotationDescriptor - AnnotationDescriptor(org.hibernate.annotations.EmbeddedColumnNaming)
20 Apr 2026 18:57:45,915 TRACE org.hibernate.models.internal.AnnotationDescriptorRegistryStandard 30 register - Registering AnnotationDescriptor - AnnotationDescriptor(org.hibernate.annotations.EmbeddedTable)
20 Apr 2026 18:57:45,915 TRACE org.hibernate.models.internal.AnnotationDescriptorRegistryStandard 30 register - Registering AnnotationDescriptor - AnnotationDescriptor(org.hibernate.annotations.Fetch)
20 Apr 2026 18:57:45,915 TRACE org.hibernate.models.internal.AnnotationDescriptorRegistryStandard 30 register - Registering AnnotationDescriptor - AnnotationDescriptor(org.hibernate.annotations.FetchProfiles)
20 Apr 2026 18:57:45,916 TRACE org.hibernate.models.internal.AnnotationDescriptorRegistryStandard 30 register - Registering AnnotationDescriptor - AnnotationDescriptor(org.hibernate.annotations.FetchProfile)
20 Apr 2026 18:57:45,916 TRACE org.hibernate.models.internal.AnnotationDescriptorRegistryStandard 34 register - Registering repeatable AnnotationDescriptor - AnnotationDescriptor(org.hibernate.annotations.FetchProfiles)
20 Apr 2026 18:57:45,916 TRACE org.hibernate.models.internal.AnnotationDescriptorRegistryStandard 30 register - Registering AnnotationDescriptor - AnnotationDescriptor(org.hibernate.annotations.Filters)
20 Apr 2026 18:57:45,916 TRACE org.hibernate.models.internal.AnnotationDescriptorRegistryStandard 30 register - Registering AnnotationDescriptor - AnnotationDescriptor(org.hibernate.annotations.Filter)
20 Apr 2026 18:57:45,916 TRACE org.hibernate.models.internal.AnnotationDescriptorRegistryStandard 34 register - Registering repeatable AnnotationDescriptor - AnnotationDescriptor(org.hibernate.annotations.Filters)
20 Apr 2026 18:57:45,916 TRACE org.hibernate.models.internal.AnnotationDescriptorRegistryStandard 30 register - Registering AnnotationDescriptor - AnnotationDescriptor(org.hibernate.annotations.FilterDefs)
20 Apr 2026 18:57:45,916 TRACE org.hibernate.models.internal.AnnotationDescriptorRegistryStandard 30 register - Registering AnnotationDescriptor - AnnotationDescriptor(org.hibernate.annotations.FilterDef)
20 Apr 2026 18:57:45,916 TRACE org.hibernate.models.internal.AnnotationDescriptorRegistryStandard 34 register - Registering repeatable AnnotationDescriptor - AnnotationDescriptor(org.hibernate.annotations.FilterDefs)
20 Apr 2026 18:57:45,916 TRACE org.hibernate.models.internal.AnnotationDescriptorRegistryStandard 30 register - Registering AnnotationDescriptor - AnnotationDescriptor(org.hibernate.annotations.FilterJoinTables)
20 Apr 2026 18:57:45,916 TRACE org.hibernate.models.internal.AnnotationDescriptorRegistryStandard 30 register - Registering AnnotationDescriptor - AnnotationDescriptor(org.hibernate.annotations.FilterJoinTable)
20 Apr 2026 18:57:45,916 TRACE org.hibernate.models.internal.AnnotationDescriptorRegistryStandard 34 register - Registering repeatable AnnotationDescriptor - AnnotationDescriptor(org.hibernate.annotations.FilterJoinTables)
20 Apr 2026 18:57:45,916 TRACE org.hibernate.models.internal.AnnotationDescriptorRegistryStandard 30 register - Registering AnnotationDescriptor - AnnotationDescriptor(org.hibernate.annotations.Formula)
20 Apr 2026 18:57:45,916 TRACE org.hibernate.models.internal.AnnotationDescriptorRegistryStandard 30 register - Registering AnnotationDescriptor - AnnotationDescriptor(org.hibernate.annotations.FractionalSeconds)
20 Apr 2026 18:57:45,916 TRACE org.hibernate.models.internal.AnnotationDescriptorRegistryStandard 30 register - Registering AnnotationDescriptor - AnnotationDescriptor(org.hibernate.annotations.Generated)
20 Apr 2026 18:57:45,917 TRACE org.hibernate.models.internal.AnnotationDescriptorRegistryStandard 30 register - Registering AnnotationDescriptor - AnnotationDescriptor(org.hibernate.annotations.GeneratedColumn)
20 Apr 2026 18:57:45,917 TRACE org.hibernate.models.internal.AnnotationDescriptorRegistryStandard 30 register - Registering AnnotationDescriptor - AnnotationDescriptor(org.hibernate.annotations.GenericGenerators)
20 Apr 2026 18:57:45,917 TRACE org.hibernate.models.internal.AnnotationDescriptorRegistryStandard 30 register - Registering AnnotationDescriptor - AnnotationDescriptor(org.hibernate.annotations.GenericGenerator)
20 Apr 2026 18:57:45,917 TRACE org.hibernate.models.internal.AnnotationDescriptorRegistryStandard 34 register - Registering repeatable AnnotationDescriptor - AnnotationDescriptor(org.hibernate.annotations.GenericGenerators)
20 Apr 2026 18:57:45,917 TRACE org.hibernate.models.internal.AnnotationDescriptorRegistryStandard 30 register - Registering AnnotationDescriptor - AnnotationDescriptor(org.hibernate.annotations.HQLSelect)
20 Apr 2026 18:57:45,917 TRACE org.hibernate.models.internal.AnnotationDescriptorRegistryStandard 30 register - Registering AnnotationDescriptor - AnnotationDescriptor(org.hibernate.annotations.IdGeneratorType)
20 Apr 2026 18:57:45,917 TRACE org.hibernate.models.internal.AnnotationDescriptorRegistryStandard 30 register - Registering AnnotationDescriptor - AnnotationDescriptor(org.hibernate.annotations.Immutable)
20 Apr 2026 18:57:45,917 TRACE org.hibernate.models.internal.AnnotationDescriptorRegistryStandard 30 register - Registering AnnotationDescriptor - AnnotationDescriptor(org.hibernate.annotations.Imported)
20 Apr 2026 18:57:45,917 TRACE org.hibernate.models.internal.AnnotationDescriptorRegistryStandard 30 register - Registering AnnotationDescriptor - AnnotationDescriptor(org.hibernate.annotations.Instantiator)
20 Apr 2026 18:57:45,917 TRACE org.hibernate.models.internal.AnnotationDescriptorRegistryStandard 30 register - Registering AnnotationDescriptor - AnnotationDescriptor(org.hibernate.annotations.JavaType)
20 Apr 2026 18:57:45,917 TRACE org.hibernate.models.internal.AnnotationDescriptorRegistryStandard 30 register - Registering AnnotationDescriptor - AnnotationDescriptor(org.hibernate.annotations.JavaTypeRegistrations)
20 Apr 2026 18:57:45,918 TRACE org.hibernate.models.internal.AnnotationDescriptorRegistryStandard 30 register - Registering AnnotationDescriptor - AnnotationDescriptor(org.hibernate.annotations.JavaTypeRegistration)
20 Apr 2026 18:57:45,918 TRACE org.hibernate.models.internal.AnnotationDescriptorRegistryStandard 34 register - Registering repeatable AnnotationDescriptor - AnnotationDescriptor(org.hibernate.annotations.JavaTypeRegistrations)
20 Apr 2026 18:57:45,918 TRACE org.hibernate.models.internal.AnnotationDescriptorRegistryStandard 30 register - Registering AnnotationDescriptor - AnnotationDescriptor(org.hibernate.annotations.JdbcType)
20 Apr 2026 18:57:45,918 TRACE org.hibernate.models.internal.AnnotationDescriptorRegistryStandard 30 register - Registering AnnotationDescriptor - AnnotationDescriptor(org.hibernate.annotations.JdbcTypeCode)
20 Apr 2026 18:57:45,918 TRACE org.hibernate.models.internal.AnnotationDescriptorRegistryStandard 30 register - Registering AnnotationDescriptor - AnnotationDescriptor(org.hibernate.annotations.JdbcTypeRegistrations)
20 Apr 2026 18:57:45,918 TRACE org.hibernate.models.internal.AnnotationDescriptorRegistryStandard 30 register - Registering AnnotationDescriptor - AnnotationDescriptor(org.hibernate.annotations.JdbcTypeRegistration)
20 Apr 2026 18:57:45,918 TRACE org.hibernate.models.internal.AnnotationDescriptorRegistryStandard 34 register - Registering repeatable AnnotationDescriptor - AnnotationDescriptor(org.hibernate.annotations.JdbcTypeRegistrations)
20 Apr 2026 18:57:45,918 TRACE org.hibernate.models.internal.AnnotationDescriptorRegistryStandard 30 register - Registering AnnotationDescriptor - AnnotationDescriptor(org.hibernate.annotations.JoinColumnsOrFormulas)
20 Apr 2026 18:57:45,918 TRACE org.hibernate.models.internal.AnnotationDescriptorRegistryStandard 30 register - Registering AnnotationDescriptor - AnnotationDescriptor(org.hibernate.annotations.JoinColumnOrFormula)
20 Apr 2026 18:57:45,918 TRACE org.hibernate.models.internal.AnnotationDescriptorRegistryStandard 34 register - Registering repeatable AnnotationDescriptor - AnnotationDescriptor(org.hibernate.annotations.JoinColumnsOrFormulas)
20 Apr 2026 18:57:45,919 TRACE org.hibernate.models.internal.AnnotationDescriptorRegistryStandard 30 register - Registering AnnotationDescriptor - AnnotationDescriptor(org.hibernate.annotations.JoinFormula)
20 Apr 2026 18:57:45,919 TRACE org.hibernate.models.internal.AnnotationDescriptorRegistryStandard 30 register - Registering AnnotationDescriptor - AnnotationDescriptor(org.hibernate.annotations.LazyGroup)
20 Apr 2026 18:57:45,919 TRACE org.hibernate.models.internal.AnnotationDescriptorRegistryStandard 30 register - Registering AnnotationDescriptor - AnnotationDescriptor(org.hibernate.annotations.ListIndexBase)
20 Apr 2026 18:57:45,919 TRACE org.hibernate.models.internal.AnnotationDescriptorRegistryStandard 30 register - Registering AnnotationDescriptor - AnnotationDescriptor(org.hibernate.annotations.ListIndexJavaType)
20 Apr 2026 18:57:45,919 TRACE org.hibernate.models.internal.AnnotationDescriptorRegistryStandard 30 register - Registering AnnotationDescriptor - AnnotationDescriptor(org.hibernate.annotations.ListIndexJdbcType)
20 Apr 2026 18:57:45,919 TRACE org.hibernate.models.internal.AnnotationDescriptorRegistryStandard 30 register - Registering AnnotationDescriptor - AnnotationDescriptor(org.hibernate.annotations.ListIndexJdbcTypeCode)
20 Apr 2026 18:57:45,919 TRACE org.hibernate.models.internal.AnnotationDescriptorRegistryStandard 30 register - Registering AnnotationDescriptor - AnnotationDescriptor(org.hibernate.annotations.ManyToAny)
20 Apr 2026 18:57:45,920 TRACE org.hibernate.models.internal.AnnotationDescriptorRegistryStandard 30 register - Registering AnnotationDescriptor - AnnotationDescriptor(org.hibernate.annotations.MapKeyCompositeType)
20 Apr 2026 18:57:45,920 TRACE org.hibernate.models.internal.AnnotationDescriptorRegistryStandard 30 register - Registering AnnotationDescriptor - AnnotationDescriptor(org.hibernate.annotations.MapKeyJavaType)
20 Apr 2026 18:57:45,920 TRACE org.hibernate.models.internal.AnnotationDescriptorRegistryStandard 30 register - Registering AnnotationDescriptor - AnnotationDescriptor(org.hibernate.annotations.MapKeyJdbcType)
20 Apr 2026 18:57:45,920 TRACE org.hibernate.models.internal.AnnotationDescriptorRegistryStandard 30 register - Registering AnnotationDescriptor - AnnotationDescriptor(org.hibernate.annotations.MapKeyJdbcTypeCode)
20 Apr 2026 18:57:45,920 TRACE org.hibernate.models.internal.AnnotationDescriptorRegistryStandard 30 register - Registering AnnotationDescriptor - AnnotationDescriptor(org.hibernate.annotations.MapKeyMutability)
20 Apr 2026 18:57:45,920 TRACE org.hibernate.models.internal.AnnotationDescriptorRegistryStandard 30 register - Registering AnnotationDescriptor - AnnotationDescriptor(org.hibernate.annotations.MapKeyType)
20 Apr 2026 18:57:45,920 TRACE org.hibernate.models.internal.AnnotationDescriptorRegistryStandard 30 register - Registering AnnotationDescriptor - AnnotationDescriptor(org.hibernate.annotations.Mutability)
20 Apr 2026 18:57:45,920 TRACE org.hibernate.models.internal.AnnotationDescriptorRegistryStandard 30 register - Registering AnnotationDescriptor - AnnotationDescriptor(org.hibernate.annotations.NamedEntityGraphs)
20 Apr 2026 18:57:45,920 TRACE org.hibernate.models.internal.AnnotationDescriptorRegistryStandard 30 register - Registering AnnotationDescriptor - AnnotationDescriptor(org.hibernate.annotations.NamedEntityGraph)
20 Apr 2026 18:57:45,920 TRACE org.hibernate.models.internal.AnnotationDescriptorRegistryStandard 34 register - Registering repeatable AnnotationDescriptor - AnnotationDescriptor(org.hibernate.annotations.NamedEntityGraphs)
20 Apr 2026 18:57:45,920 TRACE org.hibernate.models.internal.AnnotationDescriptorRegistryStandard 30 register - Registering AnnotationDescriptor - AnnotationDescriptor(org.hibernate.annotations.NamedNativeQueries)
20 Apr 2026 18:57:45,920 TRACE org.hibernate.models.internal.AnnotationDescriptorRegistryStandard 30 register - Registering AnnotationDescriptor - AnnotationDescriptor(org.hibernate.annotations.NamedNativeQuery)
20 Apr 2026 18:57:45,920 TRACE org.hibernate.models.internal.AnnotationDescriptorRegistryStandard 34 register - Registering repeatable AnnotationDescriptor - AnnotationDescriptor(org.hibernate.annotations.NamedNativeQueries)
20 Apr 2026 18:57:45,920 TRACE org.hibernate.models.internal.AnnotationDescriptorRegistryStandard 30 register - Registering AnnotationDescriptor - AnnotationDescriptor(org.hibernate.annotations.NamedQueries)
20 Apr 2026 18:57:45,920 TRACE org.hibernate.models.internal.AnnotationDescriptorRegistryStandard 30 register - Registering AnnotationDescriptor - AnnotationDescriptor(org.hibernate.annotations.NamedQuery)
20 Apr 2026 18:57:45,921 TRACE org.hibernate.models.internal.AnnotationDescriptorRegistryStandard 34 register - Registering repeatable AnnotationDescriptor - AnnotationDescriptor(org.hibernate.annotations.NamedQueries)
20 Apr 2026 18:57:45,921 TRACE org.hibernate.models.internal.AnnotationDescriptorRegistryStandard 30 register - Registering AnnotationDescriptor - AnnotationDescriptor(org.hibernate.annotations.Nationalized)
20 Apr 2026 18:57:45,921 TRACE org.hibernate.models.internal.AnnotationDescriptorRegistryStandard 30 register - Registering AnnotationDescriptor - AnnotationDescriptor(org.hibernate.annotations.NativeGenerator)
20 Apr 2026 18:57:45,921 TRACE org.hibernate.models.internal.AnnotationDescriptorRegistryStandard 30 register - Registering AnnotationDescriptor - AnnotationDescriptor(org.hibernate.annotations.NaturalId)
20 Apr 2026 18:57:45,921 TRACE org.hibernate.models.internal.AnnotationDescriptorRegistryStandard 30 register - Registering AnnotationDescriptor - AnnotationDescriptor(org.hibernate.annotations.NaturalIdCache)
20 Apr 2026 18:57:45,921 TRACE org.hibernate.models.internal.AnnotationDescriptorRegistryStandard 30 register - Registering AnnotationDescriptor - AnnotationDescriptor(org.hibernate.annotations.NaturalIdClass)
20 Apr 2026 18:57:45,921 TRACE org.hibernate.models.internal.AnnotationDescriptorRegistryStandard 30 register - Registering AnnotationDescriptor - AnnotationDescriptor(org.hibernate.annotations.NotFound)
20 Apr 2026 18:57:45,921 TRACE org.hibernate.models.internal.AnnotationDescriptorRegistryStandard 30 register - Registering AnnotationDescriptor - AnnotationDescriptor(org.hibernate.annotations.OnDelete)
20 Apr 2026 18:57:45,921 TRACE org.hibernate.models.internal.AnnotationDescriptorRegistryStandard 30 register - Registering AnnotationDescriptor - AnnotationDescriptor(org.hibernate.annotations.OptimisticLock)
20 Apr 2026 18:57:45,921 TRACE org.hibernate.models.internal.AnnotationDescriptorRegistryStandard 30 register - Registering AnnotationDescriptor - AnnotationDescriptor(org.hibernate.annotations.OptimisticLocking)
20 Apr 2026 18:57:45,921 TRACE org.hibernate.models.internal.AnnotationDescriptorRegistryStandard 30 register - Registering AnnotationDescriptor - AnnotationDescriptor(org.hibernate.annotations.ParamDef)
20 Apr 2026 18:57:45,921 TRACE org.hibernate.models.internal.AnnotationDescriptorRegistryStandard 30 register - Registering AnnotationDescriptor - AnnotationDescriptor(org.hibernate.annotations.Parameter)
20 Apr 2026 18:57:45,921 TRACE org.hibernate.models.internal.AnnotationDescriptorRegistryStandard 30 register - Registering AnnotationDescriptor - AnnotationDescriptor(org.hibernate.annotations.Parent)
20 Apr 2026 18:57:45,921 TRACE org.hibernate.models.internal.AnnotationDescriptorRegistryStandard 30 register - Registering AnnotationDescriptor - AnnotationDescriptor(org.hibernate.annotations.PartitionKey)
20 Apr 2026 18:57:45,921 TRACE org.hibernate.models.internal.AnnotationDescriptorRegistryStandard 30 register - Registering AnnotationDescriptor - AnnotationDescriptor(org.hibernate.annotations.PropertyRef)
20 Apr 2026 18:57:45,921 TRACE org.hibernate.models.internal.AnnotationDescriptorRegistryStandard 30 register - Registering AnnotationDescriptor - AnnotationDescriptor(org.hibernate.annotations.QueryCacheLayout)
20 Apr 2026 18:57:45,921 TRACE org.hibernate.models.internal.AnnotationDescriptorRegistryStandard 30 register - Registering AnnotationDescriptor - AnnotationDescriptor(org.hibernate.annotations.RowId)
20 Apr 2026 18:57:45,921 TRACE org.hibernate.models.internal.AnnotationDescriptorRegistryStandard 30 register - Registering AnnotationDescriptor - AnnotationDescriptor(org.hibernate.annotations.SecondaryRows)
20 Apr 2026 18:57:45,921 TRACE org.hibernate.models.internal.AnnotationDescriptorRegistryStandard 30 register - Registering AnnotationDescriptor - AnnotationDescriptor(org.hibernate.annotations.SecondaryRow)
20 Apr 2026 18:57:45,921 TRACE org.hibernate.models.internal.AnnotationDescriptorRegistryStandard 34 register - Registering repeatable AnnotationDescriptor - AnnotationDescriptor(org.hibernate.annotations.SecondaryRows)
20 Apr 2026 18:57:45,921 TRACE org.hibernate.models.internal.AnnotationDescriptorRegistryStandard 30 register - Registering AnnotationDescriptor - AnnotationDescriptor(org.hibernate.annotations.SoftDelete)
20 Apr 2026 18:57:45,921 TRACE org.hibernate.models.internal.AnnotationDescriptorRegistryStandard 30 register - Registering AnnotationDescriptor - AnnotationDescriptor(org.hibernate.annotations.SortComparator)
20 Apr 2026 18:57:45,921 TRACE org.hibernate.models.internal.AnnotationDescriptorRegistryStandard 30 register - Registering AnnotationDescriptor - AnnotationDescriptor(org.hibernate.annotations.SortNatural)
20 Apr 2026 18:57:45,921 TRACE org.hibernate.models.internal.AnnotationDescriptorRegistryStandard 30 register - Registering AnnotationDescriptor - AnnotationDescriptor(org.hibernate.annotations.Source)
20 Apr 2026 18:57:45,921 TRACE org.hibernate.models.internal.AnnotationDescriptorRegistryStandard 30 register - Registering AnnotationDescriptor - AnnotationDescriptor(org.hibernate.annotations.SQLDeletes)
20 Apr 2026 18:57:45,922 TRACE org.hibernate.models.internal.AnnotationDescriptorRegistryStandard 30 register - Registering AnnotationDescriptor - AnnotationDescriptor(org.hibernate.annotations.SQLDelete)
20 Apr 2026 18:57:45,922 TRACE org.hibernate.models.internal.AnnotationDescriptorRegistryStandard 34 register - Registering repeatable AnnotationDescriptor - AnnotationDescriptor(org.hibernate.annotations.SQLDeletes)
20 Apr 2026 18:57:45,922 TRACE org.hibernate.models.internal.AnnotationDescriptorRegistryStandard 30 register - Registering AnnotationDescriptor - AnnotationDescriptor(org.hibernate.annotations.SQLDeleteAll)
20 Apr 2026 18:57:45,922 TRACE org.hibernate.models.internal.AnnotationDescriptorRegistryStandard 30 register - Registering AnnotationDescriptor - AnnotationDescriptor(org.hibernate.annotations.SqlFragmentAlias)
20 Apr 2026 18:57:45,922 TRACE org.hibernate.models.internal.AnnotationDescriptorRegistryStandard 30 register - Registering AnnotationDescriptor - AnnotationDescriptor(org.hibernate.annotations.SQLInserts)
20 Apr 2026 18:57:45,922 TRACE org.hibernate.models.internal.AnnotationDescriptorRegistryStandard 30 register - Registering AnnotationDescriptor - AnnotationDescriptor(org.hibernate.annotations.SQLInsert)
20 Apr 2026 18:57:45,922 TRACE org.hibernate.models.internal.AnnotationDescriptorRegistryStandard 34 register - Registering repeatable AnnotationDescriptor - AnnotationDescriptor(org.hibernate.annotations.SQLInserts)
20 Apr 2026 18:57:45,922 TRACE org.hibernate.models.internal.AnnotationDescriptorRegistryStandard 30 register - Registering AnnotationDescriptor - AnnotationDescriptor(org.hibernate.annotations.SQLOrder)
20 Apr 2026 18:57:45,922 TRACE org.hibernate.models.internal.AnnotationDescriptorRegistryStandard 30 register - Registering AnnotationDescriptor - AnnotationDescriptor(org.hibernate.annotations.SQLRestriction)
20 Apr 2026 18:57:45,922 TRACE org.hibernate.models.internal.AnnotationDescriptorRegistryStandard 30 register - Registering AnnotationDescriptor - AnnotationDescriptor(org.hibernate.annotations.SQLSelect)
20 Apr 2026 18:57:45,923 TRACE org.hibernate.models.internal.AnnotationDescriptorRegistryStandard 30 register - Registering AnnotationDescriptor - AnnotationDescriptor(org.hibernate.annotations.SQLJoinTableRestriction)
20 Apr 2026 18:57:45,923 TRACE org.hibernate.models.internal.AnnotationDescriptorRegistryStandard 30 register - Registering AnnotationDescriptor - AnnotationDescriptor(org.hibernate.annotations.SQLUpdates)
20 Apr 2026 18:57:45,923 TRACE org.hibernate.models.internal.AnnotationDescriptorRegistryStandard 30 register - Registering AnnotationDescriptor - AnnotationDescriptor(org.hibernate.annotations.SQLUpdate)
20 Apr 2026 18:57:45,923 TRACE org.hibernate.models.internal.AnnotationDescriptorRegistryStandard 34 register - Registering repeatable AnnotationDescriptor - AnnotationDescriptor(org.hibernate.annotations.SQLUpdates)
20 Apr 2026 18:57:45,923 TRACE org.hibernate.models.internal.AnnotationDescriptorRegistryStandard 30 register - Registering AnnotationDescriptor - AnnotationDescriptor(org.hibernate.annotations.Struct)
20 Apr 2026 18:57:45,923 TRACE org.hibernate.models.internal.AnnotationDescriptorRegistryStandard 30 register - Registering AnnotationDescriptor - AnnotationDescriptor(org.hibernate.annotations.Subselect)
20 Apr 2026 18:57:45,923 TRACE org.hibernate.models.internal.AnnotationDescriptorRegistryStandard 30 register - Registering AnnotationDescriptor - AnnotationDescriptor(org.hibernate.annotations.Synchronize)
20 Apr 2026 18:57:45,923 TRACE org.hibernate.models.internal.AnnotationDescriptorRegistryStandard 30 register - Registering AnnotationDescriptor - AnnotationDescriptor(org.hibernate.annotations.TargetEmbeddable)
20 Apr 2026 18:57:45,923 TRACE org.hibernate.models.internal.AnnotationDescriptorRegistryStandard 30 register - Registering AnnotationDescriptor - AnnotationDescriptor(org.hibernate.annotations.TenantId)
20 Apr 2026 18:57:45,923 TRACE org.hibernate.models.internal.AnnotationDescriptorRegistryStandard 30 register - Registering AnnotationDescriptor - AnnotationDescriptor(org.hibernate.annotations.TimeZoneColumn)
20 Apr 2026 18:57:45,923 TRACE org.hibernate.models.internal.AnnotationDescriptorRegistryStandard 30 register - Registering AnnotationDescriptor - AnnotationDescriptor(org.hibernate.annotations.TimeZoneStorage)
20 Apr 2026 18:57:45,923 TRACE org.hibernate.models.internal.AnnotationDescriptorRegistryStandard 30 register - Registering AnnotationDescriptor - AnnotationDescriptor(org.hibernate.annotations.Type)
20 Apr 2026 18:57:45,923 TRACE org.hibernate.models.internal.AnnotationDescriptorRegistryStandard 30 register - Registering AnnotationDescriptor - AnnotationDescriptor(org.hibernate.annotations.TypeBinderType)
20 Apr 2026 18:57:45,924 TRACE org.hibernate.models.internal.AnnotationDescriptorRegistryStandard 30 register - Registering AnnotationDescriptor - AnnotationDescriptor(org.hibernate.annotations.TypeRegistrations)
20 Apr 2026 18:57:45,924 TRACE org.hibernate.models.internal.AnnotationDescriptorRegistryStandard 30 register - Registering AnnotationDescriptor - AnnotationDescriptor(org.hibernate.annotations.TypeRegistration)
20 Apr 2026 18:57:45,924 TRACE org.hibernate.models.internal.AnnotationDescriptorRegistryStandard 34 register - Registering repeatable AnnotationDescriptor - AnnotationDescriptor(org.hibernate.annotations.TypeRegistrations)
20 Apr 2026 18:57:45,924 TRACE org.hibernate.models.internal.AnnotationDescriptorRegistryStandard 30 register - Registering AnnotationDescriptor - AnnotationDescriptor(org.hibernate.annotations.UpdateTimestamp)
20 Apr 2026 18:57:45,924 TRACE org.hibernate.models.internal.AnnotationDescriptorRegistryStandard 30 register - Registering AnnotationDescriptor - AnnotationDescriptor(org.hibernate.annotations.UuidGenerator)
20 Apr 2026 18:57:45,924 TRACE org.hibernate.models.internal.AnnotationDescriptorRegistryStandard 30 register - Registering AnnotationDescriptor - AnnotationDescriptor(org.hibernate.annotations.ValueGenerationType)
20 Apr 2026 18:57:45,924 TRACE org.hibernate.models.internal.AnnotationDescriptorRegistryStandard 30 register - Registering AnnotationDescriptor - AnnotationDescriptor(org.hibernate.annotations.View)
20 Apr 2026 18:57:45,931 TRACE org.hibernate.models.internal.AnnotationDescriptorRegistryStandard 30 register - Registering AnnotationDescriptor - AnnotationDescriptor(org.hibernate.annotations.DialectOverride$Checks)
20 Apr 2026 18:57:45,931 TRACE org.hibernate.models.internal.AnnotationDescriptorRegistryStandard 30 register - Registering AnnotationDescriptor - AnnotationDescriptor(org.hibernate.annotations.DialectOverride$Check)
20 Apr 2026 18:57:45,931 TRACE org.hibernate.models.internal.AnnotationDescriptorRegistryStandard 34 register - Registering repeatable AnnotationDescriptor - AnnotationDescriptor(org.hibernate.annotations.DialectOverride$Checks)
20 Apr 2026 18:57:45,932 TRACE org.hibernate.models.internal.AnnotationDescriptorRegistryStandard 30 register - Registering AnnotationDescriptor - AnnotationDescriptor(org.hibernate.annotations.DialectOverride$ColumnDefaults)
20 Apr 2026 18:57:45,932 TRACE org.hibernate.models.internal.AnnotationDescriptorRegistryStandard 30 register - Registering AnnotationDescriptor - AnnotationDescriptor(org.hibernate.annotations.DialectOverride$ColumnDefault)
20 Apr 2026 18:57:45,932 TRACE org.hibernate.models.internal.AnnotationDescriptorRegistryStandard 34 register - Registering repeatable AnnotationDescriptor - AnnotationDescriptor(org.hibernate.annotations.DialectOverride$ColumnDefaults)
20 Apr 2026 18:57:45,932 TRACE org.hibernate.models.internal.AnnotationDescriptorRegistryStandard 30 register - Registering AnnotationDescriptor - AnnotationDescriptor(org.hibernate.annotations.DialectOverride$GeneratedColumns)
20 Apr 2026 18:57:45,932 TRACE org.hibernate.models.internal.AnnotationDescriptorRegistryStandard 30 register - Registering AnnotationDescriptor - AnnotationDescriptor(org.hibernate.annotations.DialectOverride$GeneratedColumn)
20 Apr 2026 18:57:45,932 TRACE org.hibernate.models.internal.AnnotationDescriptorRegistryStandard 34 register - Registering repeatable AnnotationDescriptor - AnnotationDescriptor(org.hibernate.annotations.DialectOverride$GeneratedColumns)
20 Apr 2026 18:57:45,932 TRACE org.hibernate.models.internal.AnnotationDescriptorRegistryStandard 30 register - Registering AnnotationDescriptor - AnnotationDescriptor(org.hibernate.annotations.DialectOverride$DiscriminatorFormulas)
20 Apr 2026 18:57:45,932 TRACE org.hibernate.models.internal.AnnotationDescriptorRegistryStandard 30 register - Registering AnnotationDescriptor - AnnotationDescriptor(org.hibernate.annotations.DialectOverride$DiscriminatorFormula)
20 Apr 2026 18:57:45,932 TRACE org.hibernate.models.internal.AnnotationDescriptorRegistryStandard 34 register - Registering repeatable AnnotationDescriptor - AnnotationDescriptor(org.hibernate.annotations.DialectOverride$DiscriminatorFormulas)
20 Apr 2026 18:57:45,932 TRACE org.hibernate.models.internal.AnnotationDescriptorRegistryStandard 30 register - Registering AnnotationDescriptor - AnnotationDescriptor(org.hibernate.annotations.FetchProfileOverrides)
20 Apr 2026 18:57:45,932 TRACE org.hibernate.models.internal.AnnotationDescriptorRegistryStandard 30 register - Registering AnnotationDescriptor - AnnotationDescriptor(org.hibernate.annotations.FetchProfileOverride)
20 Apr 2026 18:57:45,932 TRACE org.hibernate.models.internal.AnnotationDescriptorRegistryStandard 34 register - Registering repeatable AnnotationDescriptor - AnnotationDescriptor(org.hibernate.annotations.FetchProfileOverrides)
20 Apr 2026 18:57:45,932 TRACE org.hibernate.models.internal.AnnotationDescriptorRegistryStandard 30 register - Registering AnnotationDescriptor - AnnotationDescriptor(org.hibernate.annotations.DialectOverride$FilterOverrides)
20 Apr 2026 18:57:45,932 TRACE org.hibernate.models.internal.AnnotationDescriptorRegistryStandard 30 register - Registering AnnotationDescriptor - AnnotationDescriptor(org.hibernate.annotations.DialectOverride$Filters)
20 Apr 2026 18:57:45,932 TRACE org.hibernate.models.internal.AnnotationDescriptorRegistryStandard 34 register - Registering repeatable AnnotationDescriptor - AnnotationDescriptor(org.hibernate.annotations.DialectOverride$FilterOverrides)
20 Apr 2026 18:57:45,932 TRACE org.hibernate.models.internal.AnnotationDescriptorRegistryStandard 30 register - Registering AnnotationDescriptor - AnnotationDescriptor(org.hibernate.annotations.DialectOverride$FilterDefOverrides)
20 Apr 2026 18:57:45,932 TRACE org.hibernate.models.internal.AnnotationDescriptorRegistryStandard 30 register - Registering AnnotationDescriptor - AnnotationDescriptor(org.hibernate.annotations.DialectOverride$FilterDefs)
20 Apr 2026 18:57:45,932 TRACE org.hibernate.models.internal.AnnotationDescriptorRegistryStandard 34 register - Registering repeatable AnnotationDescriptor - AnnotationDescriptor(org.hibernate.annotations.DialectOverride$FilterDefOverrides)
20 Apr 2026 18:57:45,932 TRACE org.hibernate.models.internal.AnnotationDescriptorRegistryStandard 30 register - Registering AnnotationDescriptor - AnnotationDescriptor(org.hibernate.annotations.DialectOverride$Formulas)
20 Apr 2026 18:57:45,932 TRACE org.hibernate.models.internal.AnnotationDescriptorRegistryStandard 30 register - Registering AnnotationDescriptor - AnnotationDescriptor(org.hibernate.annotations.DialectOverride$Formula)
20 Apr 2026 18:57:45,932 TRACE org.hibernate.models.internal.AnnotationDescriptorRegistryStandard 34 register - Registering repeatable AnnotationDescriptor - AnnotationDescriptor(org.hibernate.annotations.DialectOverride$Formulas)
20 Apr 2026 18:57:45,933 TRACE org.hibernate.models.internal.AnnotationDescriptorRegistryStandard 30 register - Registering AnnotationDescriptor - AnnotationDescriptor(org.hibernate.annotations.DialectOverride$JoinFormulas)
20 Apr 2026 18:57:45,933 TRACE org.hibernate.models.internal.AnnotationDescriptorRegistryStandard 30 register - Registering AnnotationDescriptor - AnnotationDescriptor(org.hibernate.annotations.DialectOverride$JoinFormula)
20 Apr 2026 18:57:45,933 TRACE org.hibernate.models.internal.AnnotationDescriptorRegistryStandard 34 register - Registering repeatable AnnotationDescriptor - AnnotationDescriptor(org.hibernate.annotations.DialectOverride$JoinFormulas)
20 Apr 2026 18:57:45,933 TRACE org.hibernate.models.internal.AnnotationDescriptorRegistryStandard 30 register - Registering AnnotationDescriptor - AnnotationDescriptor(org.hibernate.annotations.DialectOverride$SQLInserts)
20 Apr 2026 18:57:45,933 TRACE org.hibernate.models.internal.AnnotationDescriptorRegistryStandard 30 register - Registering AnnotationDescriptor - AnnotationDescriptor(org.hibernate.annotations.DialectOverride$SQLInsert)
20 Apr 2026 18:57:45,933 TRACE org.hibernate.models.internal.AnnotationDescriptorRegistryStandard 34 register - Registering repeatable AnnotationDescriptor - AnnotationDescriptor(org.hibernate.annotations.DialectOverride$SQLInserts)
20 Apr 2026 18:57:45,933 TRACE org.hibernate.models.internal.AnnotationDescriptorRegistryStandard 30 register - Registering AnnotationDescriptor - AnnotationDescriptor(org.hibernate.annotations.DialectOverride$SQLUpdates)
20 Apr 2026 18:57:45,933 TRACE org.hibernate.models.internal.AnnotationDescriptorRegistryStandard 30 register - Registering AnnotationDescriptor - AnnotationDescriptor(org.hibernate.annotations.DialectOverride$SQLUpdate)
20 Apr 2026 18:57:45,933 TRACE org.hibernate.models.internal.AnnotationDescriptorRegistryStandard 34 register - Registering repeatable AnnotationDescriptor - AnnotationDescriptor(org.hibernate.annotations.DialectOverride$SQLUpdates)
20 Apr 2026 18:57:45,933 TRACE org.hibernate.models.internal.AnnotationDescriptorRegistryStandard 30 register - Registering AnnotationDescriptor - AnnotationDescriptor(org.hibernate.annotations.DialectOverride$SQLDeletes)
20 Apr 2026 18:57:45,933 TRACE org.hibernate.models.internal.AnnotationDescriptorRegistryStandard 30 register - Registering AnnotationDescriptor - AnnotationDescriptor(org.hibernate.annotations.DialectOverride$SQLDelete)
20 Apr 2026 18:57:45,933 TRACE org.hibernate.models.internal.AnnotationDescriptorRegistryStandard 34 register - Registering repeatable AnnotationDescriptor - AnnotationDescriptor(org.hibernate.annotations.DialectOverride$SQLDeletes)
20 Apr 2026 18:57:45,933 TRACE org.hibernate.models.internal.AnnotationDescriptorRegistryStandard 30 register - Registering AnnotationDescriptor - AnnotationDescriptor(org.hibernate.annotations.DialectOverride$SQLDeleteAlls)
20 Apr 2026 18:57:45,933 TRACE org.hibernate.models.internal.AnnotationDescriptorRegistryStandard 30 register - Registering AnnotationDescriptor - AnnotationDescriptor(org.hibernate.annotations.DialectOverride$SQLDeleteAll)
20 Apr 2026 18:57:45,933 TRACE org.hibernate.models.internal.AnnotationDescriptorRegistryStandard 34 register - Registering repeatable AnnotationDescriptor - AnnotationDescriptor(org.hibernate.annotations.DialectOverride$SQLDeleteAlls)
20 Apr 2026 18:57:45,933 TRACE org.hibernate.models.internal.AnnotationDescriptorRegistryStandard 30 register - Registering AnnotationDescriptor - AnnotationDescriptor(org.hibernate.annotations.DialectOverride$SQLOrders)
20 Apr 2026 18:57:45,933 TRACE org.hibernate.models.internal.AnnotationDescriptorRegistryStandard 30 register - Registering AnnotationDescriptor - AnnotationDescriptor(org.hibernate.annotations.DialectOverride$SQLOrder)
20 Apr 2026 18:57:45,933 TRACE org.hibernate.models.internal.AnnotationDescriptorRegistryStandard 34 register - Registering repeatable AnnotationDescriptor - AnnotationDescriptor(org.hibernate.annotations.DialectOverride$SQLOrders)
20 Apr 2026 18:57:45,933 TRACE org.hibernate.models.internal.AnnotationDescriptorRegistryStandard 30 register - Registering AnnotationDescriptor - AnnotationDescriptor(org.hibernate.annotations.DialectOverride$SQLRestrictions)
20 Apr 2026 18:57:45,934 TRACE org.hibernate.models.internal.AnnotationDescriptorRegistryStandard 30 register - Registering AnnotationDescriptor - AnnotationDescriptor(org.hibernate.annotations.DialectOverride$SQLRestriction)
20 Apr 2026 18:57:45,934 TRACE org.hibernate.models.internal.AnnotationDescriptorRegistryStandard 34 register - Registering repeatable AnnotationDescriptor - AnnotationDescriptor(org.hibernate.annotations.DialectOverride$SQLRestrictions)
20 Apr 2026 18:57:45,934 TRACE org.hibernate.models.internal.AnnotationDescriptorRegistryStandard 30 register - Registering AnnotationDescriptor - AnnotationDescriptor(org.hibernate.annotations.DialectOverride$SQLSelects)
20 Apr 2026 18:57:45,934 TRACE org.hibernate.models.internal.AnnotationDescriptorRegistryStandard 30 register - Registering AnnotationDescriptor - AnnotationDescriptor(org.hibernate.annotations.DialectOverride$SQLSelect)
20 Apr 2026 18:57:45,934 TRACE org.hibernate.models.internal.AnnotationDescriptorRegistryStandard 34 register - Registering repeatable AnnotationDescriptor - AnnotationDescriptor(org.hibernate.annotations.DialectOverride$SQLSelects)
20 Apr 2026 18:57:45,934 TRACE org.hibernate.models.internal.AnnotationDescriptorRegistryStandard 30 register - Registering AnnotationDescriptor - AnnotationDescriptor(org.hibernate.annotations.DialectOverride$Version)
20 Apr 2026 18:57:45,935 TRACE org.hibernate.models.internal.AnnotationDescriptorRegistryStandard 30 register - Registering AnnotationDescriptor - AnnotationDescriptor(org.hibernate.boot.internal.Abstract)
20 Apr 2026 18:57:45,935 TRACE org.hibernate.models.internal.AnnotationDescriptorRegistryStandard 30 register - Registering AnnotationDescriptor - AnnotationDescriptor(org.hibernate.boot.internal.AnyKeyType)
20 Apr 2026 18:57:45,935 TRACE org.hibernate.models.internal.AnnotationDescriptorRegistryStandard 30 register - Registering AnnotationDescriptor - AnnotationDescriptor(org.hibernate.boot.internal.CollectionClassification)
20 Apr 2026 18:57:45,935 TRACE org.hibernate.models.internal.AnnotationDescriptorRegistryStandard 30 register - Registering AnnotationDescriptor - AnnotationDescriptor(org.hibernate.boot.internal.Extends)
20 Apr 2026 18:57:45,935 TRACE org.hibernate.models.internal.AnnotationDescriptorRegistryStandard 30 register - Registering AnnotationDescriptor - AnnotationDescriptor(org.hibernate.boot.internal.Target)
20 Apr 2026 18:57:45,937 TRACE org.hibernate.service.internal.AbstractServiceRegistryImpl 231 initializeService - HHH010500: Initializing service: org.hibernate.boot.cfgxml.spi.CfgXmlAccessService
20 Apr 2026 18:57:45,938 TRACE org.hibernate.boot.internal.BootstrapContextImpl 318 injectScanEnvironment - HHH160224: Injecting ScanEnvironment [org.hibernate.jpa.boot.internal.StandardJpaScanEnvironmentImpl@24b4e666] into BootstrapContext; was [null]
20 Apr 2026 18:57:45,938 TRACE org.hibernate.boot.internal.BootstrapContextImpl 311 injectScanOptions - HHH160223: Injecting ScanOptions [org.hibernate.boot.archive.scan.internal.StandardScanOptions@48c0912a] into BootstrapContext; was [org.hibernate.boot.archive.scan.internal.StandardScanOptions@37e88d9]
20 Apr 2026 18:57:45,945 DEBUG org.hibernate.boot.model.process.internal.ScanningCoordinator 201 getStandardScanner - HHH060002: No ScannerFactory available (to enable scanning add 'hibernate-scan-jandex' dependency or supply a custom ScannerFactory)
20 Apr 2026 18:57:45,953 TRACE org.hibernate.service.internal.AbstractServiceRegistryImpl 231 initializeService - HHH010500: Initializing service: org.hibernate.engine.jdbc.env.spi.JdbcEnvironment
20 Apr 2026 18:57:45,954 TRACE org.hibernate.service.internal.AbstractServiceRegistryImpl 231 initializeService - HHH010500: Initializing service: org.hibernate.engine.jdbc.dialect.spi.DialectFactory
20 Apr 2026 18:57:45,954 TRACE org.hibernate.service.internal.AbstractServiceRegistryImpl 231 initializeService - HHH010500: Initializing service: org.hibernate.engine.jdbc.dialect.spi.DialectResolver
20 Apr 2026 18:57:45,955 TRACE org.hibernate.service.internal.AbstractServiceRegistryImpl 231 initializeService - HHH010500: Initializing service: org.hibernate.engine.jdbc.connections.spi.MultiTenantConnectionProvider
20 Apr 2026 18:57:45,955 TRACE org.hibernate.service.internal.AbstractServiceRegistryImpl 231 initializeService - HHH010500: Initializing service: org.hibernate.engine.jdbc.connections.spi.ConnectionProvider
20 Apr 2026 18:57:45,955 TRACE org.hibernate.service.internal.AbstractServiceRegistryImpl 231 initializeService - HHH010500: Initializing service: org.hibernate.engine.jdbc.connections.spi.MultiTenantConnectionProvider
20 Apr 2026 18:57:45,956 INFO  org.hibernate.engine.jdbc.connections.internal.ConnectionProviderInitiator 124 instantiateNamedConnectionProvider - HHH102002: Instantiating explicit connection provider: org.hibernate.hikaricp.internal.HikariCPConnectionProvider
20 Apr 2026 18:57:45,958 DEBUG org.hibernate.hikaricp.internal.HikariCPConnectionProvider 72 configure - HHH10001012: Configuring connection pool [HikariCP]
20 Apr 2026 18:57:46,150 TRACE org.hibernate.service.internal.AbstractServiceRegistryImpl 231 initializeService - HHH010500: Initializing service: org.hibernate.resource.transaction.spi.TransactionCoordinatorBuilder
20 Apr 2026 18:57:46,155 TRACE org.hibernate.engine.jdbc.internal.JdbcCoordinatorImpl 82 <init> - HHH100002: Created JdbcCoordinator @1212323216
20 Apr 2026 18:57:46,162 DEBUG org.hibernate.engine.jdbc.env.internal.JdbcEnvironmentInitiator 457 logDatabaseAndDriver - HHH100017: Database:
	name: PostgreSQL
	version: 18.0
	major: 18
	minor: 0
20 Apr 2026 18:57:46,163 DEBUG org.hibernate.engine.jdbc.env.internal.JdbcEnvironmentInitiator 463 logDatabaseAndDriver - HHH100018: Driver:
	name: PostgreSQL JDBC Driver
	version: 42.7.4
	major: 42
	minor: 7
	JDBC version: 4.2
20 Apr 2026 18:57:46,180 WARN  org.hibernate.engine.jdbc.dialect.internal.DialectFactoryImpl 152 constructDialect - HHH90000025: PostgreSQLDialect does not need to be specified explicitly using 'hibernate.dialect' (remove the property setting and it will be selected by default)
20 Apr 2026 18:57:46,182 DEBUG org.hibernate.engine.jdbc.dialect.internal.DialectFactoryImpl 93 logSelectedDialect - HHH035001: Using dialect: org.hibernate.dialect.PostgreSQLDialect, version: 18.0
20 Apr 2026 18:57:46,184 TRACE org.hibernate.engine.jdbc.env.spi.IdentifierHelperBuilder 106 applyIdentifierCasing - JDBC driver metadata reported database stores quoted identifiers in neither upper, lower nor mixed case
20 Apr 2026 18:57:46,193 DEBUG org.hibernate.engine.jdbc.env.internal.LobCreationHelper 57 getSupportedContextualLobTypes - HHH10010004: Disabling contextual LOB creation as Dialect reported it is not supported
20 Apr 2026 18:57:46,193 DEBUG org.hibernate.engine.jdbc.env.internal.JdbcEnvironmentImpl 379 logJdbcFetchSize - HHH100122: Using default JDBC fetch size: 0
20 Apr 2026 18:57:46,197 TRACE org.hibernate.engine.jdbc.internal.JdbcCoordinatorImpl 149 close - HHH100003: Closing JdbcCoordinator @1212323216
20 Apr 2026 18:57:46,197 TRACE org.hibernate.resource.jdbc.internal.ResourceRegistryStandardImpl 298 releaseResources - HHH10002501: Releasing registered JDBC resources
20 Apr 2026 18:57:46,198 TRACE org.hibernate.resource.jdbc.internal.LogicalConnectionManagedImpl 262 close - HHH10003017: Closing logical connection @1577225273
20 Apr 2026 18:57:46,198 TRACE org.hibernate.resource.jdbc.internal.LogicalConnectionManagedImpl 269 close - HHH10003018: Closed logical connection @1577225273
20 Apr 2026 18:57:46,198 TRACE org.hibernate.service.internal.AbstractServiceRegistryImpl 231 initializeService - HHH010500: Initializing service: org.hibernate.engine.jdbc.connections.spi.MultiTenantConnectionProvider
20 Apr 2026 18:57:46,198 INFO  org.hibernate.engine.jdbc.env.internal.JdbcEnvironmentInitiator 179 logConnectionInfo - HHH10001005: Database info:
	Database JDBC URL [jdbc:postgresql://localhost:5432/BkDatabase]
	Database driver: org.postgresql.Driver
	Database dialect: PostgreSQLDialect
	Database version: 18.0
	Default catalog/schema: BkDatabase/public
	Autocommit mode: true
	Isolation level: READ_COMMITTED
	JDBC fetch size: none
	Pool: HikariCPConnectionProvider
	Minimum pool size: 5
	Maximum pool size: 10
20 Apr 2026 18:57:46,198 TRACE org.hibernate.service.internal.AbstractServiceRegistryImpl 231 initializeService - HHH010500: Initializing service: org.hibernate.engine.jdbc.spi.JdbcServices
20 Apr 2026 18:57:46,198 TRACE org.hibernate.service.internal.AbstractServiceRegistryImpl 231 initializeService - HHH010500: Initializing service: org.hibernate.engine.jdbc.spi.SqlStatementLogger
20 Apr 2026 18:57:46,200 TRACE org.hibernate.service.internal.AbstractServiceRegistryImpl 231 initializeService - HHH010500: Initializing service: org.hibernate.sql.ast.spi.ParameterMarkerStrategy
20 Apr 2026 18:57:46,282 TRACE org.hibernate.boot.model.relational.Namespace 59 <init> - HHH160181: Created database namespace [logicalName=Name[catalog=null, schema=null], physicalName=Name[catalog=null, schema=null]]
20 Apr 2026 18:57:46,293 TRACE org.hibernate.boot.model.internal.EntityBinder 227 bindEntityClass - HHH160175: Binding entity with annotated class: domain.User
20 Apr 2026 18:57:46,301 TRACE org.hibernate.boot.internal.InFlightMetadataCollectorImpl 881 addImport - HHH160155: Import: User -> domain.User
20 Apr 2026 18:57:46,301 TRACE org.hibernate.boot.internal.InFlightMetadataCollectorImpl 881 addImport - HHH160155: Import: domain.User -> domain.User
20 Apr 2026 18:57:46,312 TRACE org.hibernate.boot.model.internal.AnnotatedColumn 270 bind - HHH160141: Binding column: DTYPE
20 Apr 2026 18:57:46,333 TRACE org.hibernate.boot.model.internal.AnnotatedColumn 270 bind - HHH160141: Binding column: id
20 Apr 2026 18:57:46,357 TRACE org.hibernate.boot.model.internal.AnnotatedColumn 270 bind - HHH160141: Binding column: email
20 Apr 2026 18:57:46,359 TRACE org.hibernate.boot.model.internal.AnnotatedColumn 270 bind - HHH160141: Binding column: password
20 Apr 2026 18:57:46,359 TRACE org.hibernate.boot.model.internal.AnnotatedColumn 270 bind - HHH160141: Binding column: username
20 Apr 2026 18:57:46,379 TRACE org.hibernate.service.internal.AbstractServiceRegistryImpl 231 initializeService - HHH010500: Initializing service: org.hibernate.boot.spi.SessionFactoryBuilderService
20 Apr 2026 18:57:46,387 TRACE org.hibernate.service.internal.AbstractServiceRegistryImpl 231 initializeService - HHH010500: Initializing service: org.hibernate.engine.jdbc.connections.spi.MultiTenantConnectionProvider
20 Apr 2026 18:57:46,391 TRACE org.hibernate.service.internal.AbstractServiceRegistryImpl 231 initializeService - HHH010500: Initializing service: org.hibernate.bytecode.spi.BytecodeProvider
20 Apr 2026 18:57:46,560 TRACE org.hibernate.internal.SessionFactoryRegistry 54 <init> - Initializing SessionFactoryRegistry @1811424275
20 Apr 2026 18:57:46,571 TRACE org.hibernate.internal.SessionFactoryImpl 213 <init> - Building session factory
20 Apr 2026 18:57:46,571 TRACE org.hibernate.service.internal.AbstractServiceRegistryImpl 231 initializeService - HHH010500: Initializing service: org.hibernate.service.spi.SessionFactoryServiceRegistryFactory
20 Apr 2026 18:57:46,578 TRACE org.hibernate.boot.internal.ClassLoaderAccessImpl 58 classForName - HHH160236: No temp ClassLoader provided; using live ClassLoader to load potentially unsafe class: domain.User
20 Apr 2026 18:57:46,604 DEBUG org.hibernate.internal.SessionFactoryImpl 230 <init> - HHH90020001: Instantiating factory [7d82d558-20b1-4d7a-a6af-3f7b4a45de6f] with settings: {java.specification.version=17, javafx.runtime.version=17.0.14+4, sun.cpu.isalist=amd64, sun.jnu.encoding=Cp1252, hibernate.dialect=org.hibernate.dialect.PostgreSQLDialect, java.class.path=D:\school\homework\ISS\BookClubReader\App\BookClubJavaFXVersion\build\classes\java\main;D:\school\homework\ISS\BookClubReader\App\BookClubJavaFXVersion\build\resources\main;C:\Users\PC\.gradle\caches\modules-2\files-2.1\org.apache.logging.log4j\log4j-slf4j-impl\2.25.3\4a173925524d8f6c3f39ae8954ee348e8244afd7\log4j-slf4j-impl-2.25.3.jar;C:\Users\PC\.gradle\caches\modules-2\files-2.1\org.apache.logging.log4j\log4j-core\2.25.3\dd9c8ecba5c8dc5e1574804d0bfdc1ef155ad9ea\log4j-core-2.25.3.jar;C:\Users\PC\.gradle\caches\modules-2\files-2.1\org.apache.logging.log4j\log4j-api\2.25.3\fb385330d89c2d61058ef649403f214633569205\log4j-api-2.25.3.jar;C:\Users\PC\.gradle\caches\modules-2\files-2.1\org.postgresql\postgresql\42.7.4\264310fd7b2cd76738787dc0b9f7ea2e3b11adc1\postgresql-42.7.4.jar;C:\Users\PC\.gradle\caches\modules-2\files-2.1\org.hibernate.orm\hibernate-hikaricp\7.3.1.Final\176877e6e3a20252300fba7f3c902076138a6899\hibernate-hikaricp-7.3.1.Final.jar;C:\Users\PC\.gradle\caches\modules-2\files-2.1\org.hibernate.orm\hibernate-core\7.3.1.Final\1415a8e09e3cebc37051948699f1be126c0de09\hibernate-core-7.3.1.Final.jar;C:\Users\PC\.gradle\caches\modules-2\files-2.1\jakarta.persistence\jakarta.persistence-api\3.2.0\bb75a113f3fa191c2c7ee7b206d8e674251b3129\jakarta.persistence-api-3.2.0.jar;C:\Users\PC\.gradle\caches\modules-2\files-2.1\jakarta.annotation\jakarta.annotation-api\3.0.0\54f928fadec906a99d558536756d171917b9d936\jakarta.annotation-api-3.0.0.jar;C:\Users\PC\.gradle\caches\modules-2\files-2.1\org.glassfish.jaxb\jaxb-runtime\4.0.6\fb95ebb62564657b2fedfe165b859789ef3a8711\jaxb-runtime-4.0.6.jar;C:\Users\PC\.gradle\caches\modules-2\files-2.1\org.glassfish.jaxb\jaxb-core\4.0.6\8e61282303777fc98a00cc3affd0560d68748a75\jaxb-core-4.0.6.jar;C:\Users\PC\.gradle\caches\modules-2\files-2.1\jakarta.xml.bind\jakarta.xml.bind-api\4.0.5\161811f36cad3c65991502e80317f2f6703361df\jakarta.xml.bind-api-4.0.5.jar;C:\Users\PC\.gradle\caches\modules-2\files-2.1\org.openjfx\javafx-fxml\17.0.14\7708376489abc90ccd101099ab4a927fd6cbc4ba\javafx-fxml-17.0.14-win.jar;C:\Users\PC\.gradle\caches\modules-2\files-2.1\org.openjfx\javafx-controls\17.0.14\772e2fc6d553a5c9f364ef582959100c749c1668\javafx-controls-17.0.14-win.jar;C:\Users\PC\.gradle\caches\modules-2\files-2.1\com.zaxxer\HikariCP\7.0.2\c2b43c946b86a14a96342379e22b004c56c6166d\HikariCP-7.0.2.jar;C:\Users\PC\.gradle\caches\modules-2\files-2.1\org.slf4j\slf4j-api\2.0.17\d9e58ac9c7779ba3bf8142aff6c830617a7fe60f\slf4j-api-2.0.17.jar;C:\Users\PC\.gradle\caches\modules-2\files-2.1\org.checkerframework\checker-qual\3.42.0\638ec33f363a94d41a4f03c3e7d3dcfba64e402d\checker-qual-3.42.0.jar;C:\Users\PC\.gradle\caches\modules-2\files-2.1\org.eclipse.angus\angus-activation\2.0.3\7f80607ea5014fef0b1779e6c33d63a88a45a563\angus-activation-2.0.3.jar;C:\Users\PC\.gradle\caches\modules-2\files-2.1\jakarta.activation\jakarta.activation-api\2.1.4\9e5c2a0d75dde71a0bedc4dbdbe47b78a5dc50f8\jakarta.activation-api-2.1.4.jar;C:\Users\PC\.gradle\caches\modules-2\files-2.1\org.openjfx\javafx-graphics\17.0.14\4f908540bb844bbc62be5d998ea26782c79d9beb\javafx-graphics-17.0.14-win.jar;C:\Users\PC\.gradle\caches\modules-2\files-2.1\jakarta.transaction\jakarta.transaction-api\2.0.1\51a520e3fae406abb84e2e1148e6746ce3f80a1a\jakarta.transaction-api-2.0.1.jar;C:\Users\PC\.gradle\caches\modules-2\files-2.1\org.hibernate.models\hibernate-models\1.1.1\c890a4cc781fd8720e0e2613b4a24b33cdaa80a1\hibernate-models-1.1.1.jar;C:\Users\PC\.gradle\caches\modules-2\files-2.1\org.jboss.logging\jboss-logging\3.6.3.Final\1cc9f976725720bb4a66f80af3e3aa6b9890d969\jboss-logging-3.6.3.Final.jar;C:\Users\PC\.gradle\caches\modules-2\files-2.1\net.bytebuddy\byte-buddy\1.18.8\88ca06016d190f5954569f9d113cd22c96788b0d\byte-buddy-1.18.8.jar;C:\Users\PC\.gradle\caches\modules-2\files-2.1\jakarta.inject\jakarta.inject-api\2.0.1\4c28afe1991a941d7702fe1362c365f0a8641d1e\jakarta.inject-api-2.0.1.jar;C:\Users\PC\.gradle\caches\modules-2\files-2.1\org.antlr\antlr4-runtime\4.13.2\fc3db6d844df652a3d5db31c87fa12757f13691d\antlr4-runtime-4.13.2.jar;C:\Users\PC\.gradle\caches\modules-2\files-2.1\org.openjfx\javafx-base\17.0.14\2d85dd1c4ed8206dae3749f167e6f43d4bb925d5\javafx-base-17.0.14-win.jar;C:\Users\PC\.gradle\caches\modules-2\files-2.1\org.glassfish.jaxb\txw2\4.0.6\4f4cd53b5ff9a2c5aa1211f15ed2569c57dfb044\txw2-4.0.6.jar;C:\Users\PC\.gradle\caches\modules-2\files-2.1\com.sun.istack\istack-commons-runtime\4.1.2\18ec117c85f3ba0ac65409136afa8e42bc74e739\istack-commons-runtime-4.1.2.jar, java.vm.vendor=Oracle Corporation, sun.arch.data.model=64, user.variant=, java.vendor.url=https://java.oracle.com/, user.timezone=Europe/Bucharest, javax.persistence.jdbc.user=****, javax.persistence.jdbc.url=jdbc:postgresql://localhost:5432/BkDatabase, java.vm.specification.version=17, os.name=Windows 11, javafx.version=17.0.14, hibernate.hikari.connectionTimeout=30000, jakarta.persistence.jdbc.password=****, user.country=US, sun.java.launcher=SUN_STANDARD, local.setting.IS_JTA_TXN_COORD=false, sun.boot.library.path=D:\school\tools\jdk\bin, sun.java.command=Main, hibernate.connection.provider_class=org.hibernate.hikaricp.internal.HikariCPConnectionProvider, jdk.debug=release, jakarta.persistence.jdbc.driver=org.postgresql.Driver, sun.cpu.endian=little, user.home=C:\Users\PC, user.language=en, java.specification.vendor=Oracle Corporation, java.version.date=2024-07-16, java.home=D:\school\tools\jdk, file.separator=\, java.vm.compressedOopsMode=Zero based, jakarta.persistence.jdbc.user=****, line.separator=
, hibernate.persistenceUnitName=myPersistenceUnit, hibernate.hikari.maxLifetime=1800000, java.vm.specification.vendor=Oracle Corporation, java.specification.name=Java Platform API Specification, hibernate.hikari.connectionTestQuery=SELECT 1, hibernate.transaction.coordinator_class=class org.hibernate.resource.transaction.backend.jdbc.internal.JdbcResourceLocalTransactionCoordinatorBuilderImpl, javax.persistence.jdbc.driver=org.postgresql.Driver, hibernate.hikari.maximumPoolSize=10, hibernate.hbm2ddl.auto=update, user.script=, sun.management.compiler=HotSpot 64-Bit Tiered Compilers, java.runtime.version=17.0.12+8-LTS-286, user.name=PC, path.separator=;, hibernate.connection.username=****, os.version=10.0, java.runtime.name=Java(TM) SE Runtime Environment, hibernate.connection.url=jdbc:postgresql://localhost:5432/BkDatabase, file.encoding=UTF-8, hibernate.hikari.minimumIdle=5, hibernate.hikari.idleTimeout=600000, java.vm.name=Java HotSpot(TM) 64-Bit Server VM, hibernate.connection.driver_class=org.postgresql.Driver, java.vendor.url.bug=https://bugreport.java.com/bugreport/, java.io.tmpdir=C:\Users\PC\AppData\Local\Temp\, java.version=17.0.12, user.dir=D:\school\homework\ISS\BookClubReader\App\BookClubJavaFXVersion, os.arch=amd64, java.vm.specification.name=Java Virtual Machine Specification, hibernate.connection.password=****, sun.os.patch.level=, jakarta.persistence.jdbc.url=jdbc:postgresql://localhost:5432/BkDatabase, hibernate.boot.CfgXmlAccessService.key=org.hibernate.boot.registry.StandardServiceRegistryBuilder$1@12cb2b83, native.encoding=Cp1252, java.library.path=D:\school\tools\jdk\bin;C:\WINDOWS\Sun\Java\bin;C:\WINDOWS\system32;C:\WINDOWS;C:\Python314\Scripts\;C:\Python314\;C:\Program Files\Common Files\Oracle\Java\javapath;C:\WINDOWS\system32;C:\WINDOWS;C:\WINDOWS\System32\Wbem;C:\WINDOWS\System32\WindowsPowerShell\v1.0\;C:\WINDOWS\System32\OpenSSH\;C:\Program Files\dotnet\;C:\Program Files (x86)\Microsoft SQL Server\160\Tools\Binn\;C:\Program Files\Microsoft SQL Server\160\Tools\Binn\;C:\Program Files\Microsoft SQL Server\Client SDK\ODBC\170\Tools\Binn\;C:\Program Files\Microsoft SQL Server\160\DTS\Binn\;D:\school\tools\git\Git\cmd;D:\school\tools\swi_prolog\swipl\bin;D:\school\tools\putty\;D:\tools\nodeJs\;C:\ProgramData\chocolatey\bin;D:\school\tools\clisp-2.49-win32-mingw-big\clisp-2.49\clisp.exe;C:\Program Files (x86)\Microsoft SQL Server\170\Tools\Binn\;C:\Program Files\Microsoft SQL Server\170\Tools\Binn\;C:\Program Files\Microsoft SQL Server\Client SDK\ODBC\180\Tools\Binn\;C:\Program Files\Microsoft SQL Server\170\DTS\Binn\;C:\Users\PC\AppData\Local\Programs\Python\Launcher\;C:\Users\PC\AppData\Local\Microsoft\WindowsApps;D:\tools\PyCharm 2025.1.3.1\bin;;D:\tools\CLion 2025.1.4\bin;;D:\school\tools\intellij\IntelliJ IDEA 2025.2.2\bin;C:\Users\PC\AppData\Roaming\npm;D:\school\tools\clisp-2.49-win32-mingw-big\clisp-2.49\clisp.exe;D:\tools\rider\JetBrains Rider 2025.3.0.4\bin;C:\Users\PC\.dotnet\tools;C:\Users\PC\.dotnet\tools;D:\school\tools\tdm-gcc\bin;C:\Users\PC\AppData\Local\Microsoft\WinGet\Packages\Google.Protobuf_Microsoft.Winget.Source_8wekyb3d8bbwe\bin;;., java.vendor=Oracle Corporation, java.vm.info=mixed mode, sharing, java.vm.version=17.0.12+8-LTS-286, sun.io.unicode.encoding=UnicodeLittle, hibernate.hikari.autoCommit=true, javax.persistence.jdbc.password=****, java.class.version=61.0}
20 Apr 2026 18:57:46,604 TRACE org.hibernate.service.internal.AbstractServiceRegistryImpl 231 initializeService - HHH010500: Initializing service: org.hibernate.cache.spi.CacheImplementor
20 Apr 2026 18:57:46,606 TRACE org.hibernate.service.internal.AbstractServiceRegistryImpl 231 initializeService - HHH010500: Initializing service: org.hibernate.sql.results.jdbc.spi.JdbcValuesMappingProducerProvider
20 Apr 2026 18:57:46,691 DEBUG org.hibernate.query.internal.QueryEngineImpl 155 createFunctionRegistry - Available HQL Functions:
	abs(NUMERIC arg)
	Double acos(NUMERIC arg)
	Double acosh(NUMERIC arg)
	Boolean any(BOOLEAN predicate)
	array( ... )
	array_agg(arg)
	array_append( ... )
	array_concat( ... )
	Boolean array_contains(ARRAY haystackArray, OBJECT needleElementOrArray)
	Boolean array_contains_nullable(ARRAY haystackArray, OBJECT needleElementOrArray)
	array_fill(OBJECT element, INTEGER elementCount)
	array_fill_list(OBJECT element, INTEGER elementCount)
	array_get(ARRAY array, INTEGER index)
	Boolean array_includes(ARRAY haystackArray, OBJECT needleArray)
	Boolean array_includes_nullable(ARRAY haystackArray, OBJECT needleArray)
	Boolean array_intersects(ARRAY array0, OBJECT array1)
	Boolean array_intersects_nullable(ARRAY array0, OBJECT array1)
	Integer array_length(ARRAY array)
	array_list( ... )
	Boolean array_overlaps(ARRAY array0, OBJECT array1)
	Boolean array_overlaps_nullable(ARRAY array0, OBJECT array1)
	Integer array_position(ARRAY array, OBJECT element[, INTEGER startPosition])
	int[] array_positions(ARRAY array, OBJECT element)
	List array_positions_list(ARRAY array, OBJECT element)
	array_prepend( ... )
	array_remove( ... )
	array_remove_index( ... )
	array_replace(ARRAY array, OBJECT old, OBJECT new)
	array_reverse(ARRAY array)
	array_set( ... )
	array_slice(ARRAY array, INTEGER start, INTEGER end)
	array_sort(ARRAY array[, boolean descending[, boolean nulls_first]])
	String array_to_string( ... )
	array_trim(ARRAY array, INTEGER elementsToRemove)
	Integer ascii(STRING arg)
	Double asin(NUMERIC arg)
	Double asinh(NUMERIC arg)
	Double atan(NUMERIC arg)
	Double atan2(NUMERIC arg0, NUMERIC arg1)
	Double atanh(NUMERIC arg)
	avg(arg)
	bit_and(arg)
	Integer bit_length(STRING_OR_CLOB arg)
	bit_or(arg)
	bitand(arg0, arg1)
	bitnot(arg)
	bitor(arg0, arg1)
	bitxor(arg0, arg1)
	Boolean bool_and(BOOLEAN predicate)
	Boolean bool_or(BOOLEAN predicate)
	cast(arg as Type)
	Double cbrt(NUMERIC arg)
	ceiling(NUMERIC arg)
	Character char(INTEGER arg)
	Integer character_length(STRING_OR_CLOB arg)
	Character chr(INTEGER arg)
	coalesce(arg0[, arg1[, ...]])
	String collate(STRING string as COLLATION collation)
	(STRING string0[, STRING string1[, ...]])
	Double corr(NUMERIC arg0, NUMERIC arg1)
	Double cos(NUMERIC arg)
	Double cosh(NUMERIC arg)
	Double cot(NUMERIC arg)
	Long count([distinct ]{arg|*})
	Double covar_pop(NUMERIC arg0, NUMERIC arg1)
	Double covar_samp(NUMERIC arg0, NUMERIC arg1)
	Double cume_dist([arg0[, ...]])
	Date current date
	Date current time
	Date current timestamp
	Date current_date
	Instant current_instant
	Date current_time
	Date current_timestamp
	date_trunc(STRING field, TEMPORAL datetime)
	dateadd(TEMPORAL_UNIT field, INTEGER magnitude, TEMPORAL datetime)
	Long|Double datediff(TEMPORAL_UNIT field, TEMPORAL start, TEMPORAL end)
	Double degrees(NUMERIC arg)
	Long dense_rank([arg0[, ...]])
	Boolean every(BOOLEAN predicate)
	Double exp(NUMERIC arg)
	extract(TEMPORAL_UNIT field from TEMPORAL arg)
	first_valueANY value
	floor(NUMERIC arg)
	String format(TEMPORAL datetime as STRING pattern)
	greatest(COMPARABLE arg0, COMPARABLE arg1[, arg2[, ...]])
	String hex(arg)
	ifnull(arg0, arg1)
	String initcap(arg)
	String insert(STRING string, INTEGER start, INTEGER length, STRING replacement)
	Instant instant
	String json_array([arg0[, ...]])
	String json_array_append(IMPLICIT_JSON arg0, STRING arg1, ANY arg2)
	String json_array_insert(IMPLICIT_JSON arg0, STRING arg1, ANY arg2)
	String json_arrayagg(arg0[, arg1])
	Boolean json_exists(IMPLICIT_JSON arg0, STRING arg1)
	String json_insert(IMPLICIT_JSON arg0, STRING arg1, ANY arg2)
	String json_mergepatch(IMPLICIT_JSON arg0, IMPLICIT_JSON arg1[, arg2[, ...]])
	String json_object( ... )
	String json_objectagg(arg0, arg1[, arg2, arg3])
	String json_query( ... )
	String json_remove(IMPLICIT_JSON arg0, STRING arg1)
	String json_replace(IMPLICIT_JSON arg0, STRING arg1, ANY arg2)
	String json_set(IMPLICIT_JSON arg0, STRING arg1, ANY arg2)
	json_value( ... )
	lagANY value[, INTEGER offset[, ANY default]]
	last_valueANY value
	leadANY value[, INTEGER offset[, ANY default]]
	least(COMPARABLE arg0, COMPARABLE arg1[, arg2[, ...]])
	String left(STRING string, INTEGER length)
	length
	String listagg(STRING arg0, STRING arg1)
	Double ln(NUMERIC arg)
	LocalDate local date
	LocalDateTime local datetime
	LocalTime local time
	LocalDate local_date
	LocalDateTime local_datetime
	LocalTime local_time
	Date localtime
	Date localtimestamp
	Integer locate(STRING pattern, STRING string[, INTEGER start])
	Double log(NUMERIC arg0[, NUMERIC arg1])
	Double log10(NUMERIC arg)
	String lower(STRING string)
	String lpad(STRING string, INTEGER length[, STRING padding])
	String ltrim(STRING string[, STRING characters])
	Date make_date(INTEGER arg0, INTEGER arg1, INTEGER arg2)
	Date make_time(INTEGER arg0, INTEGER arg1, INTEGER arg2)
	Date make_timestamp(INTEGER arg0, INTEGER arg1, INTEGER arg2, INTEGER arg3, INTEGER arg4, INTEGER arg5)
	Date make_timestamptz(INTEGER arg0, INTEGER arg1, INTEGER arg2, INTEGER arg3, INTEGER arg4, INTEGER arg5[, INTEGER arg6])
	max(COMPARABLE arg)
	byte[] md5(arg)
	Double median(NUMERIC arg)
	min(COMPARABLE arg)
	Integer mod(INTEGER arg0, INTEGER arg1)
	mode()
	nth_valueANY value, INTEGER nth
	nullif(arg0, arg1)
	Integer octet_length(STRING_OR_CLOB arg)
	OffsetDateTime offset datetime
	OffsetDateTime offset_datetime
	Integer ordinal(ENUM arg)
	String overlay(string placing replacement from start[ for length])
	String pad(STRING string with INTEGER length {leading|trailing}[ STRING character])
	Double percent_rank([arg0[, ...]])
	percentile_cont(NUMERIC arg)
	percentile_disc(NUMERIC arg)
	Double pi
	Integer position(STRING pattern in STRING string)
	Double power(NUMERIC arg0, NUMERIC arg1)
	Double radians(NUMERIC arg)
	Long rank([arg0[, ...]])
	(STRING string, STRING pattern[, STRING flags])
	Double regr_avgx(NUMERIC arg0, NUMERIC arg1)
	Double regr_avgy(NUMERIC arg0, NUMERIC arg1)
	Double regr_count(NUMERIC arg0, NUMERIC arg1)
	Double regr_intercept(NUMERIC arg0, NUMERIC arg1)
	Double regr_r2(NUMERIC arg0, NUMERIC arg1)
	Double regr_slope(NUMERIC arg0, NUMERIC arg1)
	Double regr_sxx(NUMERIC arg0, NUMERIC arg1)
	Double regr_sxy(NUMERIC arg0, NUMERIC arg1)
	Double regr_syy(NUMERIC arg0, NUMERIC arg1)
	String repeat(STRING string, INTEGER times)
	String replace(STRING string, STRING pattern, STRING replacement)
	String reverse(STRING arg)
	String right(STRING string, INTEGER length)
	round(NUMERIC number[, INTEGER places])
	Long row_number()
	String rpad(STRING string, INTEGER length[, STRING padding])
	String rtrim(STRING string[, STRING characters])
	byte[] sha(arg)
	Integer sign(NUMERIC arg)
	Double sin(NUMERIC arg)
	Double sinh(NUMERIC arg)
	String soundex(arg)
	sql
	Double sqrt(NUMERIC arg)
	Double stddev(NUMERIC arg)
	Double stddev_pop(NUMERIC arg)
	Double stddev_samp(NUMERIC arg)
	String str(arg)
	String string(ENUM arg)
	String substr(STRING string, INTEGER start[, INTEGER length])
	String substring(STRING string{ from|,} INTEGER start[{ for|,} INTEGER length])
	sum(arg)
	Double tan(NUMERIC arg)
	Double tanh(NUMERIC arg)
	timestampadd(TEMPORAL_UNIT field, INTEGER magnitude, TEMPORAL datetime)
	Long|Double timestampdiff(TEMPORAL_UNIT field, TEMPORAL start, TEMPORAL end)
	String to_char(ANY arg0[, STRING arg1, STRING arg2])
	Date to_date(STRING arg0[, STRING arg1, STRING arg2])
	Double to_number(STRING arg0[, STRING arg1, STRING arg2])
	Date to_timestamp(STRING arg0[, STRING arg1, STRING arg2])
	String translate(STRING arg0, STRING arg1, STRING arg2)
	String trim([[{leading|trailing|both} ][STRING arg0 ]from] STRING arg1)
	trunc( ... )
	truncate( ... )
	String upper(STRING string)
	Double var_pop(NUMERIC arg)
	Double var_samp(NUMERIC arg)
	Double variance(NUMERIC arg)
	String xmlagg( ... )
	String xmlcomment(STRING arg)
	String xmlconcat( ... )
	String xmlelement( ... )
	Boolean xmlexists( ... )
	String xmlforest( ... )
	String xmlpi( ... )
	String xmlquery( ... )

20 Apr 2026 18:57:46,697 TRACE org.hibernate.query.internal.QueryInterpretationCacheStandardImpl 48 <init> - Starting query interpretation cache (size 2048)
20 Apr 2026 18:57:46,697 TRACE org.hibernate.service.internal.AbstractServiceRegistryImpl 231 initializeService - HHH010500: Initializing service: org.hibernate.internal.util.cache.InternalCacheFactory
20 Apr 2026 18:57:46,700 TRACE org.hibernate.service.internal.AbstractServiceRegistryImpl 231 initializeService - HHH010500: Initializing service: org.hibernate.engine.query.spi.NativeQueryInterpreter
20 Apr 2026 18:57:46,774 TRACE org.hibernate.service.internal.AbstractServiceRegistryImpl 231 initializeService - HHH010500: Initializing service: org.hibernate.persister.spi.PersisterFactory
20 Apr 2026 18:57:46,774 TRACE org.hibernate.service.internal.AbstractServiceRegistryImpl 231 initializeService - HHH010500: Initializing service: org.hibernate.persister.spi.PersisterClassResolver
20 Apr 2026 18:57:46,809 TRACE org.hibernate.boot.internal.ClassLoaderAccessImpl 58 classForName - HHH160236: No temp ClassLoader provided; using live ClassLoader to load potentially unsafe class: domain.User
20 Apr 2026 18:57:46,811 TRACE org.hibernate.service.internal.AbstractServiceRegistryImpl 231 initializeService - HHH010500: Initializing service: org.hibernate.property.access.spi.PropertyAccessStrategyResolver
20 Apr 2026 18:57:46,935 DEBUG org.hibernate.bytecode.internal.bytebuddy.BytecodeProviderImpl 211 getReflectionOptimizer - HHH000513: Unable to create the ReflectionOptimizer for [domain.User]: private accessor [email]
20 Apr 2026 18:57:46,995 TRACE org.hibernate.service.internal.AbstractServiceRegistryImpl 231 initializeService - HHH010500: Initializing service: org.hibernate.engine.jdbc.mutation.spi.MutationExecutorService
20 Apr 2026 18:57:47,057 TRACE org.hibernate.sql.results.graph.DomainResultGraphPrinter 64 visitDomainResults - DomainResult graph:
 \-EntityResultImpl [domain.User]
 |  +-BasicFetch [domain.User.email]
 |  +-BasicFetch [domain.User.password]
 |  \-BasicFetch [domain.User.username]

20 Apr 2026 18:57:47,059 TRACE org.hibernate.sql.ast.SqlTreePrinter 40 logSqlAst - SQL AST Tree:
    SelectStatement {
      FromClause {
        StandardTableGroup (u1: domain.User) {
          primaryTableReference: users as u1_0
        }
      }
    }

20 Apr 2026 18:57:47,069 TRACE org.hibernate.persister.entity.AbstractEntityPersister 2756 logStaticSQL - HHH90005101: Static SQL for entity: domain.User
20 Apr 2026 18:57:47,069 TRACE org.hibernate.persister.entity.AbstractEntityPersister 2761 logStaticSQL - HHH90005103:  Version select: select id from users where id=?
20 Apr 2026 18:57:47,069 TRACE org.hibernate.persister.entity.AbstractEntityPersister 2769 logStaticSQL - HHH90005104:  Insert (0): insert into users (email,password,username) values (?,?,?)
20 Apr 2026 18:57:47,069 TRACE org.hibernate.persister.entity.AbstractEntityPersister 2780 logStaticSQL - HHH90005105:  Update (0): update users set email=?,password=?,username=? where id=?
20 Apr 2026 18:57:47,069 TRACE org.hibernate.persister.entity.AbstractEntityPersister 2791 logStaticSQL - HHH90005106:  Delete (0): delete from users where id=?
20 Apr 2026 18:57:47,083 TRACE org.hibernate.metamodel.internal.MetadataContext 288 wrapUp - HHH90005701: Wrapping up metadata context...
20 Apr 2026 18:57:47,083 TRACE org.hibernate.metamodel.internal.MetadataContext 298 wrapUp - HHH90005702: Starting entity [domain.User]
20 Apr 2026 18:57:47,083 TRACE org.hibernate.metamodel.internal.AttributeFactory 165 buildIdAttribute - Building identifier attribute [domain.User.id]
20 Apr 2026 18:57:47,083 TRACE org.hibernate.metamodel.internal.AttributeFactory 422 determineAttributeMetadata - Starting attribute metadata determination [id]
20 Apr 2026 18:57:47,087 TRACE org.hibernate.metamodel.internal.AttributeFactory 425 determineAttributeMetadata - 	Member: private long domain.User.id
20 Apr 2026 18:57:47,087 TRACE org.hibernate.metamodel.internal.AttributeFactory 429 determineAttributeMetadata - 	Type: long [NamedBasicTypeImpl]
20 Apr 2026 18:57:47,090 TRACE org.hibernate.metamodel.internal.AttributeFactory 111 buildAttribute - Building attribute [domain.User.email]
20 Apr 2026 18:57:47,090 TRACE org.hibernate.metamodel.internal.AttributeFactory 422 determineAttributeMetadata - Starting attribute metadata determination [email]
20 Apr 2026 18:57:47,090 TRACE org.hibernate.metamodel.internal.AttributeFactory 425 determineAttributeMetadata - 	Member: private java.lang.String domain.User.email
20 Apr 2026 18:57:47,090 TRACE org.hibernate.metamodel.internal.AttributeFactory 429 determineAttributeMetadata - 	Type: string [NamedBasicTypeImpl]
20 Apr 2026 18:57:47,090 TRACE org.hibernate.metamodel.internal.AttributeFactory 111 buildAttribute - Building attribute [domain.User.password]
20 Apr 2026 18:57:47,090 TRACE org.hibernate.metamodel.internal.AttributeFactory 422 determineAttributeMetadata - Starting attribute metadata determination [password]
20 Apr 2026 18:57:47,090 TRACE org.hibernate.metamodel.internal.AttributeFactory 425 determineAttributeMetadata - 	Member: private java.lang.String domain.User.password
20 Apr 2026 18:57:47,090 TRACE org.hibernate.metamodel.internal.AttributeFactory 429 determineAttributeMetadata - 	Type: string [NamedBasicTypeImpl]
20 Apr 2026 18:57:47,090 TRACE org.hibernate.metamodel.internal.AttributeFactory 111 buildAttribute - Building attribute [domain.User.username]
20 Apr 2026 18:57:47,090 TRACE org.hibernate.metamodel.internal.AttributeFactory 422 determineAttributeMetadata - Starting attribute metadata determination [username]
20 Apr 2026 18:57:47,090 TRACE org.hibernate.metamodel.internal.AttributeFactory 425 determineAttributeMetadata - 	Member: private java.lang.String domain.User.username
20 Apr 2026 18:57:47,090 TRACE org.hibernate.metamodel.internal.AttributeFactory 429 determineAttributeMetadata - 	Type: string [NamedBasicTypeImpl]
20 Apr 2026 18:57:47,091 TRACE org.hibernate.metamodel.internal.MetadataContext 329 wrapUp - HHH90005703: Completed entity [domain.User]
20 Apr 2026 18:57:47,096 TRACE org.hibernate.service.internal.AbstractServiceRegistryImpl 231 initializeService - HHH010500: Initializing service: org.hibernate.engine.transaction.jta.platform.spi.JtaPlatform
20 Apr 2026 18:57:47,096 TRACE org.hibernate.engine.transaction.jta.platform.internal.JtaPlatformInitiator 42 initiateService - No JtaPlatform was specified, checking resolver
20 Apr 2026 18:57:47,096 TRACE org.hibernate.service.internal.AbstractServiceRegistryImpl 231 initializeService - HHH010500: Initializing service: org.hibernate.engine.transaction.jta.platform.spi.JtaPlatformResolver
20 Apr 2026 18:57:47,097 TRACE org.hibernate.engine.transaction.jta.platform.internal.JtaPlatformResolverInitiator 32 initiateService - No JtaPlatformResolver was specified, using default [org.hibernate.engine.transaction.jta.platform.internal.StandardJtaPlatformResolver]
20 Apr 2026 18:57:47,098 TRACE org.hibernate.engine.transaction.jta.platform.internal.StandardJtaPlatformResolver 91 resolveJtaPlatform - Could not resolve JtaPlatform, using default [org.hibernate.engine.transaction.jta.platform.internal.NoJtaPlatform]
20 Apr 2026 18:57:47,098 INFO  org.hibernate.engine.transaction.jta.platform.internal.JtaPlatformInitiator 53 initiateService - HHH000489: No JTA platform available (set 'hibernate.transaction.jta.platform' to enable JTA platform integration)
20 Apr 2026 18:57:47,098 TRACE org.hibernate.service.internal.AbstractServiceRegistryImpl 231 initializeService - HHH010500: Initializing service: org.hibernate.event.spi.EntityCopyObserverFactory
20 Apr 2026 18:57:47,098 TRACE org.hibernate.event.internal.EntityCopyObserverFactoryInitiator 40 initiateService - HHH90080100: Configured EntityCopyObserver strategy: disallow
20 Apr 2026 18:57:47,098 TRACE org.hibernate.service.internal.AbstractServiceRegistryImpl 231 initializeService - HHH010500: Initializing service: org.hibernate.engine.jdbc.batch.spi.BatchBuilder
20 Apr 2026 18:57:47,100 TRACE org.hibernate.engine.jdbc.batch.internal.BatchBuilderImpl 42 <init> - Using standard JDBC batch builder
20 Apr 2026 18:57:47,101 DEBUG org.hibernate.service.internal.SessionFactoryServiceRegistryImpl 102 getService - HHH010454: EventListenerRegistry access via ServiceRegistry is deprecated - use 'sessionFactory.getEventEngine().getListenerRegistry()' instead
20 Apr 2026 18:57:47,103 TRACE org.hibernate.query.internal.NamedObjectRepositoryImpl 316 checkNamedQueries - Checking 0 named HQL queries
20 Apr 2026 18:57:47,103 TRACE org.hibernate.query.internal.NamedObjectRepositoryImpl 336 checkNamedQueries - Checking 0 named SQL queries
20 Apr 2026 18:57:47,103 TRACE org.hibernate.service.internal.AbstractServiceRegistryImpl 231 initializeService - HHH010500: Initializing service: org.hibernate.tool.schema.spi.SchemaManagementTool
20 Apr 2026 18:57:47,108 TRACE org.hibernate.service.internal.AbstractServiceRegistryImpl 231 initializeService - HHH010500: Initializing service: org.hibernate.engine.jdbc.connections.spi.MultiTenantConnectionProvider
20 Apr 2026 18:57:47,132 DEBUG org.hibernate.tool.schema.internal.StandardTableMigrator 101 sqlAlterStrings - No alter strings for table: users
20 Apr 2026 18:57:47,132 TRACE org.hibernate.tool.schema.UniqueConstraintSchemaUpdateStrategy 48 interpret - Interpreting UniqueConstraintSchemaUpdateStrategy from setting: null
20 Apr 2026 18:57:47,132 TRACE org.hibernate.service.internal.AbstractServiceRegistryImpl 231 initializeService - HHH010500: Initializing service: org.hibernate.engine.jndi.spi.JndiService
20 Apr 2026 18:57:47,132 DEBUG org.hibernate.internal.SessionFactoryRegistry 86 addSessionFactory - HHH020384: Registering SessionFactory [7d82d558-20b1-4d7a-a6af-3f7b4a45de6f] (myPersistenceUnit)
20 Apr 2026 18:57:47,132 TRACE org.hibernate.internal.SessionFactoryRegistry 93 addSessionFactory - HHH020385: Not binding SessionFactory to JNDI, no JNDI name configured
20 Apr 2026 18:57:47,132 TRACE org.hibernate.internal.SessionFactoryImpl 337 <init> - Instantiated factory: 7d82d558-20b1-4d7a-a6af-3f7b4a45de6f
20 Apr 2026 18:57:56,733 DEBUG org.hibernate.engine.creation.internal.SessionBuilderImpl 151 openSession - HHH006588: Opening session [tenant=null]
20 Apr 2026 18:57:56,747 TRACE org.hibernate.service.internal.AbstractServiceRegistryImpl 231 initializeService - HHH010500: Initializing service: org.hibernate.stat.spi.StatisticsImplementor
20 Apr 2026 18:57:56,749 TRACE org.hibernate.stat.internal.StatisticsInitiator 43 initiateService - HHH000460: Statistics initialized
20 Apr 2026 18:57:56,749 TRACE org.hibernate.stat.internal.StatisticsImpl 239 setStatisticsEnabled - HHH000462: Statistics collection disabled
20 Apr 2026 18:57:56,750 TRACE org.hibernate.engine.jdbc.internal.JdbcCoordinatorImpl 82 <init> - HHH100002: Created JdbcCoordinator @1268684209
20 Apr 2026 18:57:56,758 TRACE org.hibernate.internal.SessionImpl 218 <init> - Opened Session [b615c0e4-4172-45da-930e-42448f73bf46] at timestamp: 1776700676758
20 Apr 2026 18:57:56,758 TRACE org.hibernate.query.internal.QueryInterpretationCacheStandardImpl 119 resolveHqlInterpretation - Resolving HQL interpretation for [SELECT u from User u where username= :usr]
20 Apr 2026 18:57:56,759 TRACE org.hibernate.query.hql.internal.StandardHqlTranslator 58 translate - HQL: SELECT u from User u where username= :usr
20 Apr 2026 18:57:56,919 TRACE org.hibernate.query.sqm.internal.SqmTreePrinter 178 logTree - SqmStatement Tree:
    -> [select]
      -> [query-spec]
        -> [select]
          -> [selection]
            -> [root] - 'domain.User(u)'
            <- [root] - 'domain.User(u)'
          <- [selection]
        <- [select]
        -> [from]
          -> [root] - 'domain.User(u)'
          <- [root] - 'domain.User(u)'
        <- [from]
        -> [where]
          -> [EQUAL]
              -> [basic-path] - 'domain.User(u).username'
              :usr
          <- [EQUAL]
        <- [where]
      <- [query-spec]
    <- [select]

20 Apr 2026 18:57:56,935 TRACE org.hibernate.query.internal.QueryInterpretationCacheStandardImpl 84 resolveSelectQueryPlan - Resolving cached query plan for [SELECT u from User u where username= :usr : User]
20 Apr 2026 18:57:56,958 TRACE org.hibernate.sql.results.graph.DomainResultGraphPrinter 64 visitDomainResults - DomainResult graph:
 \-EntityResultImpl [domain.User(u)]
 |  +-BasicFetch [domain.User(u).email]
 |  +-BasicFetch [domain.User(u).password]
 |  \-BasicFetch [domain.User(u).username]

20 Apr 2026 18:57:56,958 TRACE org.hibernate.sql.ast.SqlTreePrinter 40 logSqlAst - SQL AST Tree:
    SelectStatement {
      FromClause {
        StandardTableGroup (u1: domain.User(u)) {
          primaryTableReference: users as u1_0
        }
      }
    }

20 Apr 2026 18:57:56,965 TRACE org.hibernate.sql.exec.internal.JdbcSelectExecutorStandardImpl 330 resolveJdbcValuesSource - HHH90004016: Skipping reading query result cache data (query cache disabled, cache mode NORMAL)
20 Apr 2026 18:57:56,966 TRACE org.hibernate.sql.results.jdbc.internal.DeferredResultSetAccess 253 executeQuery - Executing query to retrieve ResultSet: select u1_0.id,u1_0.email,u1_0.password,u1_0.username from users u1_0 where u1_0.username=?
20 Apr 2026 18:57:56,966 DEBUG org.hibernate.engine.jdbc.spi.SqlStatementLogger 126 logStatement - select u1_0.id,u1_0.email,u1_0.password,u1_0.username from users u1_0 where u1_0.username=?
20 Apr 2026 18:57:56,967 TRACE org.hibernate.resource.jdbc.internal.ResourceRegistryStandardImpl 64 register - HHH10002502: Registering statement [HikariProxyPreparedStatement@847353959 wrapping select u1_0.id,u1_0.email,u1_0.password,u1_0.username from users u1_0 where u1_0.username=?]
20 Apr 2026 18:57:56,967 TRACE org.hibernate.type.descriptor.JdbcBindingLogging 24 logBinding - binding parameter (1:VARCHAR) <- [petra]
20 Apr 2026 18:57:56,970 TRACE org.hibernate.resource.jdbc.internal.ResourceRegistryStandardImpl 204 register - HHH10002507: Registering result set [HikariProxyResultSet@2102725349 wrapping org.postgresql.jdbc.PgResultSet@65a66580]
20 Apr 2026 18:57:56,976 TRACE org.hibernate.sql.results.jdbc.internal.StandardJdbcValuesMapping$AssemblerCreationStateImpl 243 resolveInitializer - Registering initializer: EntityJoinedFetchInitializer(domain.User(u))
20 Apr 2026 18:57:56,979 TRACE org.hibernate.type.descriptor.JdbcExtractingLogging 24 logExtracted - extracted value (1:BIGINT) -> [2]
20 Apr 2026 18:57:56,981 TRACE org.hibernate.type.descriptor.JdbcExtractingLogging 24 logExtracted - extracted value (2:VARCHAR) -> [petra@yahoo.com]
20 Apr 2026 18:57:56,981 TRACE org.hibernate.type.descriptor.JdbcExtractingLogging 24 logExtracted - extracted value (3:VARCHAR) -> [81dc9bdb52d04dc20036dbd8313ed055]
20 Apr 2026 18:57:56,981 TRACE org.hibernate.type.descriptor.JdbcExtractingLogging 24 logExtracted - extracted value (4:VARCHAR) -> [petra]
20 Apr 2026 18:57:56,983 TRACE org.hibernate.resource.jdbc.internal.ResourceRegistryStandardImpl 98 release - HHH10002504: Releasing result set [HikariProxyResultSet@2102725349 wrapping org.postgresql.jdbc.PgResultSet@65a66580]
20 Apr 2026 18:57:56,983 TRACE org.hibernate.resource.jdbc.internal.ResourceRegistryStandardImpl 149 close - HHH10002505: Closing result set [HikariProxyResultSet@2102725349 wrapping org.postgresql.jdbc.PgResultSet@65a66580]
20 Apr 2026 18:57:56,984 TRACE org.hibernate.resource.jdbc.internal.ResourceRegistryStandardImpl 77 release - HHH10002503: Releasing statement [HikariProxyPreparedStatement@847353959 wrapping select u1_0.id,u1_0.email,u1_0.password,u1_0.username from users u1_0 where u1_0.username=('petra')]
20 Apr 2026 18:57:56,984 TRACE org.hibernate.resource.jdbc.internal.ResourceRegistryStandardImpl 168 close - HHH10002506: Closing prepared statement [HikariProxyPreparedStatement@847353959 wrapping select u1_0.id,u1_0.email,u1_0.password,u1_0.username from users u1_0 where u1_0.username=('petra')]
20 Apr 2026 18:57:56,984 TRACE org.hibernate.engine.jdbc.internal.JdbcCoordinatorImpl 292 afterStatementExecution - HHH100004: Statement execution complete (connection release mode AFTER_TRANSACTION) in JdbcCoordinator @1268684209
20 Apr 2026 18:57:56,984 TRACE org.hibernate.resource.jdbc.internal.ResourceRegistryStandardImpl 298 releaseResources - HHH10002501: Releasing registered JDBC resources
20 Apr 2026 18:57:56,984 TRACE org.hibernate.resource.jdbc.internal.LogicalConnectionManagedImpl 160 afterTransaction - HHH10003015: Initiating release of JDBC connection @59359259 from 'afterTransaction'
20 Apr 2026 18:57:56,984 TRACE org.hibernate.resource.jdbc.internal.ResourceRegistryStandardImpl 298 releaseResources - HHH10002501: Releasing registered JDBC resources
20 Apr 2026 18:57:56,984 TRACE org.hibernate.resource.jdbc.internal.ResourceRegistryStandardImpl 298 releaseResources - HHH10002501: Releasing registered JDBC resources
20 Apr 2026 18:57:56,984 TRACE org.hibernate.resource.jdbc.internal.LogicalConnectionManagedImpl 160 afterTransaction - HHH10003015: Initiating release of JDBC connection @59359259 from 'afterTransaction'
20 Apr 2026 18:57:56,984 TRACE org.hibernate.internal.SessionImpl 380 closeWithoutOpenChecks - Closing session [b615c0e4-4172-45da-930e-42448f73bf46]
20 Apr 2026 18:57:56,984 DEBUG org.hibernate.engine.internal.StatisticalLoggingSessionEventListener 277 end - HHH000401: Logging session metrics:
	452600 ns acquiring 1 JDBC connections
	17600 ns releasing 1 JDBC connections
	211700 ns preparing 1 JDBC statements
	1924300 ns executing 1 JDBC statements
	0 ns executing 0 JDBC batches
	0 ns performing 0 second-level cache puts
	0 ns performing 0 second-level cache hits
	0 ns performing 0 second-level cache misses
	0 ns executing 0 flushes (flushing a total of 0 entities and 0 collections)
	0 ns executing 0 pre-partial-flushes
	0 ns executing 0 partial-flushes (flushing a total of 0 entities and 0 collections)

20 Apr 2026 18:57:56,984 TRACE org.hibernate.engine.jdbc.internal.JdbcCoordinatorImpl 149 close - HHH100003: Closing JdbcCoordinator @1268684209
20 Apr 2026 18:57:56,984 TRACE org.hibernate.resource.jdbc.internal.ResourceRegistryStandardImpl 298 releaseResources - HHH10002501: Releasing registered JDBC resources
20 Apr 2026 18:57:56,984 TRACE org.hibernate.resource.jdbc.internal.LogicalConnectionManagedImpl 262 close - HHH10003017: Closing logical connection @59359259
20 Apr 2026 18:57:56,984 TRACE org.hibernate.resource.jdbc.internal.LogicalConnectionManagedImpl 269 close - HHH10003018: Closed logical connection @59359259
20 Apr 2026 18:58:15,758 DEBUG org.hibernate.engine.creation.internal.SessionBuilderImpl 151 openSession - HHH006588: Opening session [tenant=null]
20 Apr 2026 18:58:15,760 TRACE org.hibernate.engine.jdbc.internal.JdbcCoordinatorImpl 82 <init> - HHH100002: Created JdbcCoordinator @32674891
20 Apr 2026 18:58:15,760 TRACE org.hibernate.internal.SessionImpl 218 <init> - Opened Session [bdd9e4ca-252c-48b0-8186-3e69690767fa] at timestamp: 1776700695760
20 Apr 2026 18:58:15,760 TRACE org.hibernate.query.internal.QueryInterpretationCacheStandardImpl 119 resolveHqlInterpretation - Resolving HQL interpretation for [SELECT u from User u where username= :usr]
20 Apr 2026 18:58:15,765 TRACE org.hibernate.query.internal.QueryInterpretationCacheStandardImpl 84 resolveSelectQueryPlan - Resolving cached query plan for [SELECT u from User u where username= :usr : User]
20 Apr 2026 18:58:15,766 TRACE org.hibernate.sql.exec.internal.JdbcSelectExecutorStandardImpl 330 resolveJdbcValuesSource - HHH90004016: Skipping reading query result cache data (query cache disabled, cache mode NORMAL)
20 Apr 2026 18:58:15,766 TRACE org.hibernate.sql.results.jdbc.internal.DeferredResultSetAccess 253 executeQuery - Executing query to retrieve ResultSet: select u1_0.id,u1_0.email,u1_0.password,u1_0.username from users u1_0 where u1_0.username=?
20 Apr 2026 18:58:15,766 DEBUG org.hibernate.engine.jdbc.spi.SqlStatementLogger 126 logStatement - select u1_0.id,u1_0.email,u1_0.password,u1_0.username from users u1_0 where u1_0.username=?
20 Apr 2026 18:58:15,766 TRACE org.hibernate.resource.jdbc.internal.ResourceRegistryStandardImpl 64 register - HHH10002502: Registering statement [HikariProxyPreparedStatement@190314490 wrapping select u1_0.id,u1_0.email,u1_0.password,u1_0.username from users u1_0 where u1_0.username=?]
20 Apr 2026 18:58:15,766 TRACE org.hibernate.type.descriptor.JdbcBindingLogging 24 logBinding - binding parameter (1:VARCHAR) <- [petra]
20 Apr 2026 18:58:15,767 TRACE org.hibernate.resource.jdbc.internal.ResourceRegistryStandardImpl 204 register - HHH10002507: Registering result set [HikariProxyResultSet@1275613318 wrapping org.postgresql.jdbc.PgResultSet@7524577e]
20 Apr 2026 18:58:15,767 TRACE org.hibernate.type.descriptor.JdbcExtractingLogging 24 logExtracted - extracted value (1:BIGINT) -> [2]
20 Apr 2026 18:58:15,767 TRACE org.hibernate.type.descriptor.JdbcExtractingLogging 24 logExtracted - extracted value (2:VARCHAR) -> [petra@yahoo.com]
20 Apr 2026 18:58:15,767 TRACE org.hibernate.type.descriptor.JdbcExtractingLogging 24 logExtracted - extracted value (3:VARCHAR) -> [81dc9bdb52d04dc20036dbd8313ed055]
20 Apr 2026 18:58:15,767 TRACE org.hibernate.type.descriptor.JdbcExtractingLogging 24 logExtracted - extracted value (4:VARCHAR) -> [petra]
20 Apr 2026 18:58:15,767 TRACE org.hibernate.resource.jdbc.internal.ResourceRegistryStandardImpl 98 release - HHH10002504: Releasing result set [HikariProxyResultSet@1275613318 wrapping org.postgresql.jdbc.PgResultSet@7524577e]
20 Apr 2026 18:58:15,767 TRACE org.hibernate.resource.jdbc.internal.ResourceRegistryStandardImpl 149 close - HHH10002505: Closing result set [HikariProxyResultSet@1275613318 wrapping org.postgresql.jdbc.PgResultSet@7524577e]
20 Apr 2026 18:58:15,767 TRACE org.hibernate.resource.jdbc.internal.ResourceRegistryStandardImpl 77 release - HHH10002503: Releasing statement [HikariProxyPreparedStatement@190314490 wrapping select u1_0.id,u1_0.email,u1_0.password,u1_0.username from users u1_0 where u1_0.username=('petra')]
20 Apr 2026 18:58:15,767 TRACE org.hibernate.resource.jdbc.internal.ResourceRegistryStandardImpl 168 close - HHH10002506: Closing prepared statement [HikariProxyPreparedStatement@190314490 wrapping select u1_0.id,u1_0.email,u1_0.password,u1_0.username from users u1_0 where u1_0.username=('petra')]
20 Apr 2026 18:58:15,767 TRACE org.hibernate.engine.jdbc.internal.JdbcCoordinatorImpl 292 afterStatementExecution - HHH100004: Statement execution complete (connection release mode AFTER_TRANSACTION) in JdbcCoordinator @32674891
20 Apr 2026 18:58:15,768 TRACE org.hibernate.resource.jdbc.internal.ResourceRegistryStandardImpl 298 releaseResources - HHH10002501: Releasing registered JDBC resources
20 Apr 2026 18:58:15,768 TRACE org.hibernate.resource.jdbc.internal.LogicalConnectionManagedImpl 160 afterTransaction - HHH10003015: Initiating release of JDBC connection @2142208906 from 'afterTransaction'
20 Apr 2026 18:58:15,768 TRACE org.hibernate.resource.jdbc.internal.ResourceRegistryStandardImpl 298 releaseResources - HHH10002501: Releasing registered JDBC resources
20 Apr 2026 18:58:15,768 TRACE org.hibernate.resource.jdbc.internal.ResourceRegistryStandardImpl 298 releaseResources - HHH10002501: Releasing registered JDBC resources
20 Apr 2026 18:58:15,768 TRACE org.hibernate.resource.jdbc.internal.LogicalConnectionManagedImpl 160 afterTransaction - HHH10003015: Initiating release of JDBC connection @2142208906 from 'afterTransaction'
20 Apr 2026 18:58:15,768 TRACE org.hibernate.internal.SessionImpl 380 closeWithoutOpenChecks - Closing session [bdd9e4ca-252c-48b0-8186-3e69690767fa]
20 Apr 2026 18:58:15,768 DEBUG org.hibernate.engine.internal.StatisticalLoggingSessionEventListener 277 end - HHH000401: Logging session metrics:
	383200 ns acquiring 1 JDBC connections
	9400 ns releasing 1 JDBC connections
	23300 ns preparing 1 JDBC statements
	374300 ns executing 1 JDBC statements
	0 ns executing 0 JDBC batches
	0 ns performing 0 second-level cache puts
	0 ns performing 0 second-level cache hits
	0 ns performing 0 second-level cache misses
	0 ns executing 0 flushes (flushing a total of 0 entities and 0 collections)
	0 ns executing 0 pre-partial-flushes
	0 ns executing 0 partial-flushes (flushing a total of 0 entities and 0 collections)

20 Apr 2026 18:58:15,768 TRACE org.hibernate.engine.jdbc.internal.JdbcCoordinatorImpl 149 close - HHH100003: Closing JdbcCoordinator @32674891
20 Apr 2026 18:58:15,768 TRACE org.hibernate.resource.jdbc.internal.ResourceRegistryStandardImpl 298 releaseResources - HHH10002501: Releasing registered JDBC resources
20 Apr 2026 18:58:15,768 TRACE org.hibernate.resource.jdbc.internal.LogicalConnectionManagedImpl 262 close - HHH10003017: Closing logical connection @2142208906
20 Apr 2026 18:58:15,768 TRACE org.hibernate.resource.jdbc.internal.LogicalConnectionManagedImpl 269 close - HHH10003018: Closed logical connection @2142208906
